rainfall,humidity,temperature,pressure,wind_speed,magnitude,time,risk,disaster_type,source
1.0,93.0,25.4,1002.8,15.8,0.0,0,1,1,ERA5 - 2005 Maharashtra/Mumbai Deluge
1.3,95.0,25.3,1003.2,15.2,0.0,1,1,1,ERA5 - 2005 Maharashtra/Mumbai Deluge
1.3,94.0,25.4,1003.5,14.7,0.0,2,1,1,ERA5 - 2005 Maharashtra/Mumbai Deluge
1.1,93.0,25.5,1003.9,17.3,0.0,3,1,1,ERA5 - 2005 Maharashtra/Mumbai Deluge
1.0,93.0,25.4,1004.0,17.9,0.0,4,1,1,ERA5 - 2005 Maharashtra/Mumbai Deluge
1.0,93.0,25.6,1004.0,18.7,0.0,5,1,1,ERA5 - 2005 Maharashtra/Mumbai Deluge
0.7,93.0,25.7,1003.9,20.6,0.0,6,1,1,ERA5 - 2005 Maharashtra/Mumbai Deluge
0.8,92.0,26.1,1003.6,17.7,0.0,7,1,1,ERA5 - 2005 Maharashtra/Mumbai Deluge
1.2,90.0,26.3,1003.5,17.7,0.0,8,1,1,ERA5 - 2005 Maharashtra/Mumbai Deluge
1.1,92.0,26.0,1002.8,17.7,0.0,9,1,1,ERA5 - 2005 Maharashtra/Mumbai Deluge
1.3,94.0,25.8,1002.4,17.6,0.0,10,1,1,ERA5 - 2005 Maharashtra/Mumbai Deluge
1.3,94.0,25.8,1002.0,17.0,0.0,11,1,1,ERA5 - 2005 Maharashtra/Mumbai Deluge
1.2,94.0,25.8,1001.7,19.1,0.0,12,1,1,ERA5 - 2005 Maharashtra/Mumbai Deluge
1.3,93.0,25.8,1001.5,23.0,0.0,13,1,1,ERA5 - 2005 Maharashtra/Mumbai Deluge
1.3,91.0,26.1,1001.8,21.0,0.0,14,1,1,ERA5 - 2005 Maharashtra/Mumbai Deluge
1.2,92.0,25.9,1002.5,21.7,0.0,15,1,1,ERA5 - 2005 Maharashtra/Mumbai Deluge
1.4,91.0,26.0,1002.8,21.2,0.0,16,1,1,ERA5 - 2005 Maharashtra/Mumbai Deluge
1.7,91.0,25.9,1003.2,20.5,0.0,17,1,1,ERA5 - 2005 Maharashtra/Mumbai Deluge
1.3,92.0,25.8,1003.1,20.2,0.0,18,1,1,ERA5 - 2005 Maharashtra/Mumbai Deluge
1.0,93.0,25.8,1002.5,20.5,0.0,19,1,1,ERA5 - 2005 Maharashtra/Mumbai Deluge
0.8,92.0,25.9,1002.3,18.0,0.0,20,1,1,ERA5 - 2005 Maharashtra/Mumbai Deluge
0.8,91.0,25.9,1001.6,18.8,0.0,21,1,1,ERA5 - 2005 Maharashtra/Mumbai Deluge
1.2,93.0,25.8,1001.3,19.3,0.0,22,1,1,ERA5 - 2005 Maharashtra/Mumbai Deluge
1.6,93.0,25.8,1001.1,17.1,0.0,23,1,1,ERA5 - 2005 Maharashtra/Mumbai Deluge
1.8,93.0,25.7,1001.3,17.4,0.0,0,1,1,ERA5 - 2005 Maharashtra/Mumbai Deluge
2.4,94.0,25.5,1001.7,18.7,0.0,1,1,1,ERA5 - 2005 Maharashtra/Mumbai Deluge
2.4,94.0,25.6,1001.8,17.8,0.0,2,1,1,ERA5 - 2005 Maharashtra/Mumbai Deluge
2.4,93.0,25.9,1002.2,16.6,0.0,3,1,1,ERA5 - 2005 Maharashtra/Mumbai Deluge
2.3,93.0,26.0,1002.8,16.6,0.0,4,1,1,ERA5 - 2005 Maharashtra/Mumbai Deluge
2.5,90.0,26.3,1002.9,18.4,0.0,5,1,1,ERA5 - 2005 Maharashtra/Mumbai Deluge
3.2,92.0,26.2,1002.6,19.7,0.0,6,1,1,ERA5 - 2005 Maharashtra/Mumbai Deluge
2.8,92.0,26.1,1002.4,20.8,0.0,7,1,1,ERA5 - 2005 Maharashtra/Mumbai Deluge
2.8,92.0,25.9,1001.6,23.0,0.0,8,1,1,ERA5 - 2005 Maharashtra/Mumbai Deluge
4.4,91.0,26.1,1001.2,26.4,0.0,9,1,1,ERA5 - 2005 Maharashtra/Mumbai Deluge
5.0,93.0,25.8,1000.9,27.8,0.0,10,1,1,ERA5 - 2005 Maharashtra/Mumbai Deluge
5.0,92.0,25.9,1000.2,27.8,0.0,11,1,1,ERA5 - 2005 Maharashtra/Mumbai Deluge
4.1,93.0,25.8,1000.6,26.8,0.0,12,1,1,ERA5 - 2005 Maharashtra/Mumbai Deluge
4.5,93.0,25.9,1000.9,27.2,0.0,13,1,1,ERA5 - 2005 Maharashtra/Mumbai Deluge
4.3,93.0,25.9,1000.9,25.9,0.0,14,1,1,ERA5 - 2005 Maharashtra/Mumbai Deluge
3.9,93.0,26.0,1001.6,23.9,0.0,15,1,1,ERA5 - 2005 Maharashtra/Mumbai Deluge
4.1,93.0,26.0,1002.0,22.4,0.0,16,1,1,ERA5 - 2005 Maharashtra/Mumbai Deluge
3.5,93.0,26.1,1002.3,22.7,0.0,17,1,1,ERA5 - 2005 Maharashtra/Mumbai Deluge
2.8,94.0,26.1,1002.0,23.8,0.0,18,1,1,ERA5 - 2005 Maharashtra/Mumbai Deluge
1.0,92.0,26.3,1001.4,22.1,0.0,19,1,1,ERA5 - 2005 Maharashtra/Mumbai Deluge
1.5,93.0,26.1,1000.9,23.1,0.0,20,1,1,ERA5 - 2005 Maharashtra/Mumbai Deluge
1.5,92.0,26.1,999.8,24.1,0.0,21,1,1,ERA5 - 2005 Maharashtra/Mumbai Deluge
1.5,91.0,26.2,1000.1,23.4,0.0,22,1,1,ERA5 - 2005 Maharashtra/Mumbai Deluge
2.1,92.0,26.2,999.7,21.6,0.0,23,1,1,ERA5 - 2005 Maharashtra/Mumbai Deluge
3.8,92.0,26.1,1000.1,20.6,0.0,0,1,1,ERA5 - 2005 Maharashtra/Mumbai Deluge
3.7,93.0,26.0,1000.4,19.0,0.0,1,1,1,ERA5 - 2005 Maharashtra/Mumbai Deluge
1.9,92.0,26.0,1000.7,18.9,0.0,2,1,1,ERA5 - 2005 Maharashtra/Mumbai Deluge
2.2,91.0,26.3,1001.4,16.6,0.0,3,1,1,ERA5 - 2005 Maharashtra/Mumbai Deluge
2.8,93.0,26.2,1001.6,15.9,0.0,4,1,1,ERA5 - 2005 Maharashtra/Mumbai Deluge
2.6,93.0,26.3,1002.0,17.0,0.0,5,1,1,ERA5 - 2005 Maharashtra/Mumbai Deluge
1.5,91.0,26.4,1001.6,20.2,0.0,6,1,1,ERA5 - 2005 Maharashtra/Mumbai Deluge
2.7,91.0,26.5,1001.3,22.0,0.0,7,1,1,ERA5 - 2005 Maharashtra/Mumbai Deluge
2.9,92.0,26.2,1000.8,24.2,0.0,8,1,1,ERA5 - 2005 Maharashtra/Mumbai Deluge
3.3,93.0,26.1,1000.8,24.8,0.0,9,1,1,ERA5 - 2005 Maharashtra/Mumbai Deluge
3.4,93.0,25.9,1000.8,22.0,0.0,10,1,1,ERA5 - 2005 Maharashtra/Mumbai Deluge
2.7,93.0,25.8,1000.7,22.0,0.0,11,1,1,ERA5 - 2005 Maharashtra/Mumbai Deluge
2.7,93.0,25.6,1001.1,23.5,0.0,12,1,1,ERA5 - 2005 Maharashtra/Mumbai Deluge
2.9,94.0,25.5,1001.5,22.2,0.0,13,1,1,ERA5 - 2005 Maharashtra/Mumbai Deluge
2.8,92.0,25.7,1001.7,21.1,0.0,14,1,1,ERA5 - 2005 Maharashtra/Mumbai Deluge
2.4,91.0,25.8,1002.3,20.3,0.0,15,1,1,ERA5 - 2005 Maharashtra/Mumbai Deluge
2.1,91.0,25.7,1003.0,19.3,0.0,16,1,1,ERA5 - 2005 Maharashtra/Mumbai Deluge
2.4,91.0,25.6,1003.3,19.6,0.0,17,1,1,ERA5 - 2005 Maharashtra/Mumbai Deluge
3.0,91.0,25.5,1003.4,20.2,0.0,18,1,1,ERA5 - 2005 Maharashtra/Mumbai Deluge
2.1,93.0,25.3,1002.7,21.3,0.0,19,1,1,ERA5 - 2005 Maharashtra/Mumbai Deluge
2.6,93.0,25.5,1002.2,23.9,0.0,20,1,1,ERA5 - 2005 Maharashtra/Mumbai Deluge
3.1,94.0,25.5,1001.7,24.9,0.0,21,1,1,ERA5 - 2005 Maharashtra/Mumbai Deluge
4.2,94.0,25.4,1002.0,24.1,0.0,22,1,1,ERA5 - 2005 Maharashtra/Mumbai Deluge
4.6,94.0,25.4,1002.0,24.9,0.0,23,1,1,ERA5 - 2005 Maharashtra/Mumbai Deluge
4.6,93.0,25.4,1002.3,25.1,0.0,0,1,1,ERA5 - 2005 Maharashtra/Mumbai Deluge
4.8,94.0,25.3,1002.7,24.8,0.0,1,1,1,ERA5 - 2005 Maharashtra/Mumbai Deluge
4.4,92.0,25.5,1003.2,22.1,0.0,2,1,1,ERA5 - 2005 Maharashtra/Mumbai Deluge
2.1,91.0,25.7,1004.0,22.5,0.0,3,1,1,ERA5 - 2005 Maharashtra/Mumbai Deluge
1.2,90.0,26.0,1004.2,23.3,0.0,4,1,1,ERA5 - 2005 Maharashtra/Mumbai Deluge
0.9,88.0,26.3,1004.2,22.8,0.0,5,1,1,ERA5 - 2005 Maharashtra/Mumbai Deluge
0.6,85.0,26.9,1004.0,21.9,0.0,6,1,1,ERA5 - 2005 Maharashtra/Mumbai Deluge
0.7,88.0,26.8,1003.6,21.7,0.0,7,1,1,ERA5 - 2005 Maharashtra/Mumbai Deluge
1.1,88.0,26.6,1003.1,22.4,0.0,8,1,1,ERA5 - 2005 Maharashtra/Mumbai Deluge
1.0,86.0,27.0,1002.5,22.6,0.0,9,1,1,ERA5 - 2005 Maharashtra/Mumbai Deluge
0.8,88.0,26.7,1002.3,23.0,0.0,10,1,1,ERA5 - 2005 Maharashtra/Mumbai Deluge
0.7,88.0,26.6,1001.9,24.1,0.0,11,1,1,ERA5 - 2005 Maharashtra/Mumbai Deluge
0.6,88.0,26.5,1002.4,25.4,0.0,12,1,1,ERA5 - 2005 Maharashtra/Mumbai Deluge
0.7,87.0,26.4,1002.6,24.1,0.0,13,1,1,ERA5 - 2005 Maharashtra/Mumbai Deluge
0.6,91.0,25.5,1003.0,24.1,0.0,14,1,1,ERA5 - 2005 Maharashtra/Mumbai Deluge
0.9,93.0,25.4,1003.4,24.5,0.0,15,1,1,ERA5 - 2005 Maharashtra/Mumbai Deluge
0.9,92.0,25.4,1003.9,22.2,0.0,16,1,1,ERA5 - 2005 Maharashtra/Mumbai Deluge
0.8,91.0,25.6,1004.2,21.1,0.0,17,1,1,ERA5 - 2005 Maharashtra/Mumbai Deluge
1.0,91.0,25.5,1004.2,23.4,0.0,18,1,1,ERA5 - 2005 Maharashtra/Mumbai Deluge
1.6,94.0,25.1,1003.8,23.3,0.0,19,1,1,ERA5 - 2005 Maharashtra/Mumbai Deluge
1.3,93.0,25.2,1003.1,23.8,0.0,20,1,1,ERA5 - 2005 Maharashtra/Mumbai Deluge
1.2,91.0,25.4,1002.4,25.0,0.0,21,1,1,ERA5 - 2005 Maharashtra/Mumbai Deluge
1.4,91.0,25.1,1002.0,25.8,0.0,22,1,1,ERA5 - 2005 Maharashtra/Mumbai Deluge
1.5,90.0,25.4,1001.6,26.9,0.0,23,1,1,ERA5 - 2005 Maharashtra/Mumbai Deluge
0.6,95.0,24.3,1010.7,14.1,0.0,0,1,1,ERA5 - 2015 Chennai Deluge
0.6,94.0,24.4,1011.6,12.0,0.0,1,1,1,ERA5 - 2015 Chennai Deluge
0.6,92.0,24.8,1012.1,13.0,0.0,2,1,1,ERA5 - 2015 Chennai Deluge
0.3,91.0,25.5,1012.7,15.5,0.0,3,1,1,ERA5 - 2015 Chennai Deluge
0.5,86.0,26.5,1013.3,15.1,0.0,4,1,1,ERA5 - 2015 Chennai Deluge
0.9,84.0,26.2,1013.4,15.3,0.0,5,1,1,ERA5 - 2015 Chennai Deluge
0.8,84.0,27.1,1012.6,14.7,0.0,6,1,1,ERA5 - 2015 Chennai Deluge
2.6,80.0,27.3,1011.6,16.1,0.0,7,1,1,ERA5 - 2015 Chennai Deluge
1.7,82.0,27.5,1010.8,13.3,0.0,8,1,1,ERA5 - 2015 Chennai Deluge
0.2,82.0,27.5,1009.9,12.1,0.0,9,1,1,ERA5 - 2015 Chennai Deluge
2.2,80.0,27.2,1009.6,12.7,0.0,10,1,1,ERA5 - 2015 Chennai Deluge
2.6,87.0,25.7,1010.3,15.0,0.0,11,1,1,ERA5 - 2015 Chennai Deluge
0.6,92.0,25.2,1010.5,15.7,0.0,12,1,1,ERA5 - 2015 Chennai Deluge
0.2,93.0,25.0,1012.3,13.2,0.0,13,1,1,ERA5 - 2015 Chennai Deluge
0.7,94.0,24.6,1012.5,13.9,0.0,14,1,1,ERA5 - 2015 Chennai Deluge
0.4,94.0,24.5,1013.8,14.1,0.0,15,1,1,ERA5 - 2015 Chennai Deluge
0.1,94.0,24.5,1013.5,11.3,0.0,16,1,1,ERA5 - 2015 Chennai Deluge
0.0,94.0,24.4,1013.5,11.0,0.0,17,1,1,ERA5 - 2015 Chennai Deluge
0.5,93.0,24.4,1013.1,12.6,0.0,18,1,1,ERA5 - 2015 Chennai Deluge
0.7,95.0,24.3,1012.8,12.2,0.0,19,1,1,ERA5 - 2015 Chennai Deluge
0.5,95.0,24.3,1012.3,10.7,0.0,20,1,1,ERA5 - 2015 Chennai Deluge
0.3,95.0,24.3,1011.8,9.4,0.0,21,1,1,ERA5 - 2015 Chennai Deluge
0.3,92.0,24.5,1011.9,8.0,0.0,22,1,1,ERA5 - 2015 Chennai Deluge
0.4,94.0,24.4,1012.2,8.2,0.0,23,1,1,ERA5 - 2015 Chennai Deluge
0.6,95.0,24.3,1012.2,8.9,0.0,0,1,1,ERA5 - 2015 Chennai Deluge
0.6,95.0,24.3,1013.0,8.4,0.0,1,1,1,ERA5 - 2015 Chennai Deluge
0.4,95.0,24.3,1013.4,11.2,0.0,2,1,1,ERA5 - 2015 Chennai Deluge
0.1,92.0,24.9,1014.0,13.2,0.0,3,1,1,ERA5 - 2015 Chennai Deluge
0.0,89.0,25.8,1014.5,13.6,0.0,4,1,1,ERA5 - 2015 Chennai Deluge
0.4,82.0,26.6,1014.4,15.0,0.0,5,1,1,ERA5 - 2015 Chennai Deluge
1.4,86.0,25.6,1013.8,16.1,0.0,6,1,1,ERA5 - 2015 Chennai Deluge
1.4,87.0,25.9,1012.6,16.7,0.0,7,1,1,ERA5 - 2015 Chennai Deluge
0.5,90.0,25.3,1011.2,17.0,0.0,8,1,1,ERA5 - 2015 Chennai Deluge
0.2,88.0,26.0,1010.3,17.2,0.0,9,1,1,ERA5 - 2015 Chennai Deluge
0.3,88.0,25.3,1009.4,19.7,0.0,10,1,1,ERA5 - 2015 Chennai Deluge
0.2,87.0,25.5,1009.9,19.6,0.0,11,1,1,ERA5 - 2015 Chennai Deluge
0.0,90.0,25.3,1010.1,18.6,0.0,12,1,1,ERA5 - 2015 Chennai Deluge
0.0,90.0,25.2,1011.2,18.1,0.0,13,1,1,ERA5 - 2015 Chennai Deluge
0.3,91.0,25.2,1011.8,18.3,0.0,14,1,1,ERA5 - 2015 Chennai Deluge
0.7,91.0,25.1,1012.3,21.4,0.0,15,1,1,ERA5 - 2015 Chennai Deluge
1.2,93.0,24.7,1012.6,21.3,0.0,16,1,1,ERA5 - 2015 Chennai Deluge
0.8,94.0,24.6,1012.5,21.9,0.0,17,1,1,ERA5 - 2015 Chennai Deluge
1.2,94.0,24.5,1012.0,24.5,0.0,18,1,1,ERA5 - 2015 Chennai Deluge
4.9,92.0,24.7,1011.4,27.5,0.0,19,1,1,ERA5 - 2015 Chennai Deluge
5.4,92.0,24.6,1010.8,27.0,0.0,20,1,1,ERA5 - 2015 Chennai Deluge
4.3,92.0,24.7,1010.2,26.7,0.0,21,1,1,ERA5 - 2015 Chennai Deluge
3.1,91.0,24.7,1009.4,22.7,0.0,22,1,1,ERA5 - 2015 Chennai Deluge
2.7,92.0,24.8,1009.4,19.9,0.0,23,1,1,ERA5 - 2015 Chennai Deluge
2.4,92.0,24.8,1009.9,19.2,0.0,0,1,1,ERA5 - 2015 Chennai Deluge
1.9,92.0,24.7,1010.7,17.1,0.0,1,1,1,ERA5 - 2015 Chennai Deluge
2.1,94.0,24.5,1011.3,18.0,0.0,2,1,1,ERA5 - 2015 Chennai Deluge
1.7,92.0,25.0,1012.0,19.2,0.0,3,1,1,ERA5 - 2015 Chennai Deluge
1.5,91.0,24.9,1012.7,19.2,0.0,4,1,1,ERA5 - 2015 Chennai Deluge
1.3,92.0,25.2,1012.3,20.1,0.0,5,1,1,ERA5 - 2015 Chennai Deluge
1.1,93.0,25.4,1011.5,21.3,0.0,6,1,1,ERA5 - 2015 Chennai Deluge
2.0,90.0,25.5,1010.7,20.4,0.0,7,1,1,ERA5 - 2015 Chennai Deluge
2.5,92.0,24.9,1009.9,18.9,0.0,8,1,1,ERA5 - 2015 Chennai Deluge
1.8,92.0,24.8,1009.5,15.8,0.0,9,1,1,ERA5 - 2015 Chennai Deluge
1.2,93.0,24.8,1008.9,13.7,0.0,10,1,1,ERA5 - 2015 Chennai Deluge
0.9,93.0,24.7,1008.7,13.8,0.0,11,1,1,ERA5 - 2015 Chennai Deluge
0.7,94.0,24.6,1008.9,15.4,0.0,12,1,1,ERA5 - 2015 Chennai Deluge
0.9,95.0,24.6,1009.1,17.1,0.0,13,1,1,ERA5 - 2015 Chennai Deluge
1.3,95.0,24.6,1010.0,17.9,0.0,14,1,1,ERA5 - 2015 Chennai Deluge
1.3,95.0,24.4,1010.9,17.3,0.0,15,1,1,ERA5 - 2015 Chennai Deluge
1.6,96.0,24.2,1011.3,17.2,0.0,16,1,1,ERA5 - 2015 Chennai Deluge
1.3,96.0,24.2,1011.1,15.0,0.0,17,1,1,ERA5 - 2015 Chennai Deluge
0.9,96.0,24.1,1010.6,12.6,0.0,18,1,1,ERA5 - 2015 Chennai Deluge
1.2,95.0,24.2,1010.3,12.2,0.0,19,1,1,ERA5 - 2015 Chennai Deluge
1.2,94.0,24.4,1010.0,12.1,0.0,20,1,1,ERA5 - 2015 Chennai Deluge
2.0,94.0,24.3,1009.6,11.0,0.0,21,1,1,ERA5 - 2015 Chennai Deluge
3.8,96.0,24.1,1010.0,13.0,0.0,22,1,1,ERA5 - 2015 Chennai Deluge
4.4,94.0,24.4,1009.8,13.0,0.0,23,1,1,ERA5 - 2015 Chennai Deluge
4.7,94.0,24.2,1010.1,11.3,0.0,0,1,1,ERA5 - 2015 Chennai Deluge
4.3,96.0,24.2,1010.8,11.6,0.0,1,1,1,ERA5 - 2015 Chennai Deluge
4.6,95.0,24.3,1011.5,13.5,0.0,2,1,1,ERA5 - 2015 Chennai Deluge
4.3,93.0,24.2,1012.1,13.4,0.0,3,1,1,ERA5 - 2015 Chennai Deluge
4.6,95.0,24.1,1012.5,13.5,0.0,4,1,1,ERA5 - 2015 Chennai Deluge
4.4,94.0,24.5,1012.3,12.9,0.0,5,1,1,ERA5 - 2015 Chennai Deluge
3.7,93.0,24.8,1011.7,13.4,0.0,6,1,1,ERA5 - 2015 Chennai Deluge
2.4,92.0,24.8,1010.9,13.8,0.0,7,1,1,ERA5 - 2015 Chennai Deluge
1.7,93.0,24.6,1009.9,13.2,0.0,8,1,1,ERA5 - 2015 Chennai Deluge
1.2,94.0,24.7,1009.5,12.8,0.0,9,1,1,ERA5 - 2015 Chennai Deluge
1.4,95.0,24.3,1009.1,11.5,0.0,10,1,1,ERA5 - 2015 Chennai Deluge
0.9,95.0,24.3,1009.0,12.0,0.0,11,1,1,ERA5 - 2015 Chennai Deluge
0.9,94.0,24.2,1009.9,13.4,0.0,12,1,1,ERA5 - 2015 Chennai Deluge
0.9,94.0,24.1,1010.3,14.6,0.0,13,1,1,ERA5 - 2015 Chennai Deluge
0.8,94.0,24.1,1011.2,16.1,0.0,14,1,1,ERA5 - 2015 Chennai Deluge
0.8,93.0,24.3,1011.7,16.9,0.0,15,1,1,ERA5 - 2015 Chennai Deluge
1.0,93.0,24.2,1012.4,17.3,0.0,16,1,1,ERA5 - 2015 Chennai Deluge
1.4,93.0,24.0,1012.2,16.4,0.0,17,1,1,ERA5 - 2015 Chennai Deluge
1.3,95.0,24.1,1011.5,17.4,0.0,18,1,1,ERA5 - 2015 Chennai Deluge
3.5,96.0,24.1,1011.0,18.5,0.0,19,1,1,ERA5 - 2015 Chennai Deluge
3.1,96.0,24.2,1010.5,17.5,0.0,20,1,1,ERA5 - 2015 Chennai Deluge
3.2,94.0,24.3,1009.9,19.4,0.0,21,1,1,ERA5 - 2015 Chennai Deluge
2.9,95.0,24.1,1009.9,20.6,0.0,22,1,1,ERA5 - 2015 Chennai Deluge
2.2,94.0,24.3,1009.7,20.0,0.0,23,1,1,ERA5 - 2015 Chennai Deluge
1.5,94.0,24.5,1009.8,21.5,0.0,0,1,1,ERA5 - 2015 Chennai Deluge
1.0,92.0,24.7,1010.7,21.2,0.0,1,1,1,ERA5 - 2015 Chennai Deluge
1.0,91.0,24.8,1011.4,21.3,0.0,2,1,1,ERA5 - 2015 Chennai Deluge
0.4,90.0,25.1,1012.2,21.4,0.0,3,1,1,ERA5 - 2015 Chennai Deluge
0.5,89.0,25.3,1012.5,21.1,0.0,4,1,1,ERA5 - 2015 Chennai Deluge
0.5,86.0,26.1,1012.5,20.6,0.0,5,1,1,ERA5 - 2015 Chennai Deluge
0.4,85.0,26.1,1011.5,21.9,0.0,6,1,1,ERA5 - 2015 Chennai Deluge
0.2,82.0,26.4,1010.8,23.4,0.0,7,1,1,ERA5 - 2015 Chennai Deluge
0.6,84.0,25.9,1009.6,23.3,0.0,8,1,1,ERA5 - 2015 Chennai Deluge
0.1,83.0,26.1,1008.8,23.7,0.0,9,1,1,ERA5 - 2015 Chennai Deluge
0.1,82.0,26.1,1008.2,21.0,0.0,10,1,1,ERA5 - 2015 Chennai Deluge
0.0,82.0,26.0,1008.7,18.6,0.0,11,1,1,ERA5 - 2015 Chennai Deluge
0.1,82.0,25.7,1009.0,18.7,0.0,12,1,1,ERA5 - 2015 Chennai Deluge
0.2,84.0,25.4,1009.7,19.2,0.0,13,1,1,ERA5 - 2015 Chennai Deluge
0.4,87.0,24.8,1010.3,19.6,0.0,14,1,1,ERA5 - 2015 Chennai Deluge
0.4,89.0,24.5,1011.4,18.1,0.0,15,1,1,ERA5 - 2015 Chennai Deluge
0.2,89.0,24.5,1011.3,17.3,0.0,16,1,1,ERA5 - 2015 Chennai Deluge
0.2,88.0,24.5,1011.3,15.0,0.0,17,1,1,ERA5 - 2015 Chennai Deluge
0.2,88.0,24.5,1010.7,14.3,0.0,18,1,1,ERA5 - 2015 Chennai Deluge
0.2,91.0,24.4,1010.2,14.5,0.0,19,1,1,ERA5 - 2015 Chennai Deluge
0.4,92.0,24.0,1009.8,15.7,0.0,20,1,1,ERA5 - 2015 Chennai Deluge
0.5,91.0,23.9,1009.3,15.5,0.0,21,1,1,ERA5 - 2015 Chennai Deluge
0.3,91.0,23.7,1009.2,14.8,0.0,22,1,1,ERA5 - 2015 Chennai Deluge
0.5,92.0,23.7,1009.1,15.6,0.0,23,1,1,ERA5 - 2015 Chennai Deluge
1.2,93.0,24.5,1006.9,9.5,0.0,0,1,1,ERA5 - 2018 Kerala Floods
2.0,94.0,24.4,1007.5,15.3,0.0,1,1,1,ERA5 - 2018 Kerala Floods
2.7,93.0,24.5,1008.4,9.5,0.0,2,1,1,ERA5 - 2018 Kerala Floods
1.1,94.0,24.6,1009.1,11.2,0.0,3,1,1,ERA5 - 2018 Kerala Floods
0.7,94.0,24.7,1009.7,8.0,0.0,4,1,1,ERA5 - 2018 Kerala Floods
1.5,94.0,24.7,1009.8,10.5,0.0,5,1,1,ERA5 - 2018 Kerala Floods
0.7,91.0,25.4,1009.4,10.5,0.0,6,1,1,ERA5 - 2018 Kerala Floods
0.7,90.0,25.5,1008.9,14.4,0.0,7,1,1,ERA5 - 2018 Kerala Floods
1.1,90.0,25.3,1008.0,14.5,0.0,8,1,1,ERA5 - 2018 Kerala Floods
1.0,88.0,25.3,1007.5,20.1,0.0,9,1,1,ERA5 - 2018 Kerala Floods
0.6,88.0,25.6,1007.3,18.0,0.0,10,1,1,ERA5 - 2018 Kerala Floods
2.1,90.0,25.0,1007.2,18.0,0.0,11,1,1,ERA5 - 2018 Kerala Floods
0.2,88.0,25.5,1006.4,18.3,0.0,12,1,1,ERA5 - 2018 Kerala Floods
1.5,95.0,24.7,1007.1,13.0,0.0,13,1,1,ERA5 - 2018 Kerala Floods
1.4,94.0,24.6,1008.1,10.9,0.0,14,1,1,ERA5 - 2018 Kerala Floods
2.0,94.0,24.7,1009.1,9.3,0.0,15,1,1,ERA5 - 2018 Kerala Floods
1.9,94.0,24.5,1009.9,6.6,0.0,16,1,1,ERA5 - 2018 Kerala Floods
2.5,94.0,24.5,1010.3,13.9,0.0,17,1,1,ERA5 - 2018 Kerala Floods
2.0,95.0,24.1,1010.4,14.8,0.0,18,1,1,ERA5 - 2018 Kerala Floods
3.2,95.0,24.0,1009.9,10.4,0.0,19,1,1,ERA5 - 2018 Kerala Floods
1.9,95.0,24.1,1009.4,11.4,0.0,20,1,1,ERA5 - 2018 Kerala Floods
2.1,95.0,24.0,1008.7,7.9,0.0,21,1,1,ERA5 - 2018 Kerala Floods
0.6,95.0,24.1,1008.5,12.0,0.0,22,1,1,ERA5 - 2018 Kerala Floods
2.0,95.0,23.8,1008.8,12.2,0.0,23,1,1,ERA5 - 2018 Kerala Floods
2.2,92.0,24.5,1009.1,12.1,0.0,0,1,1,ERA5 - 2018 Kerala Floods
0.7,92.0,24.7,1009.4,15.0,0.0,1,1,1,ERA5 - 2018 Kerala Floods
0.2,89.0,25.3,1009.9,16.1,0.0,2,1,1,ERA5 - 2018 Kerala Floods
0.1,88.0,25.9,1010.7,7.4,0.0,3,1,1,ERA5 - 2018 Kerala Floods
0.0,86.0,26.6,1011.3,8.4,0.0,4,1,1,ERA5 - 2018 Kerala Floods
0.4,88.0,26.4,1011.4,10.5,0.0,5,1,1,ERA5 - 2018 Kerala Floods
0.2,84.0,27.3,1010.9,10.7,0.0,6,1,1,ERA5 - 2018 Kerala Floods
0.2,86.0,26.4,1010.8,14.0,0.0,7,1,1,ERA5 - 2018 Kerala Floods
0.2,84.0,26.5,1009.8,15.0,0.0,8,1,1,ERA5 - 2018 Kerala Floods
0.3,85.0,26.5,1009.3,13.8,0.0,9,1,1,ERA5 - 2018 Kerala Floods
0.3,84.0,26.7,1009.0,16.8,0.0,10,1,1,ERA5 - 2018 Kerala Floods
0.4,85.0,26.3,1009.0,15.3,0.0,11,1,1,ERA5 - 2018 Kerala Floods
0.4,87.0,26.0,1008.8,9.5,0.0,12,1,1,ERA5 - 2018 Kerala Floods
0.3,88.0,25.5,1009.5,10.6,0.0,13,1,1,ERA5 - 2018 Kerala Floods
0.0,91.0,25.2,1010.0,6.1,0.0,14,1,1,ERA5 - 2018 Kerala Floods
0.1,93.0,24.9,1010.9,7.2,0.0,15,1,1,ERA5 - 2018 Kerala Floods
0.2,93.0,24.9,1011.8,5.8,0.0,16,1,1,ERA5 - 2018 Kerala Floods
0.2,92.0,24.9,1012.3,7.9,0.0,17,1,1,ERA5 - 2018 Kerala Floods
0.9,93.0,24.8,1012.4,11.2,0.0,18,1,1,ERA5 - 2018 Kerala Floods
1.3,94.0,24.5,1011.9,11.5,0.0,19,1,1,ERA5 - 2018 Kerala Floods
0.8,94.0,24.2,1011.2,12.5,0.0,20,1,1,ERA5 - 2018 Kerala Floods
1.4,94.0,24.1,1010.8,11.2,0.0,21,1,1,ERA5 - 2018 Kerala Floods
1.0,95.0,24.2,1010.5,9.2,0.0,22,1,1,ERA5 - 2018 Kerala Floods
1.5,94.0,24.3,1010.6,7.2,0.0,23,1,1,ERA5 - 2018 Kerala Floods
0.5,94.0,24.4,1010.4,10.0,0.0,0,1,1,ERA5 - 2018 Kerala Floods
0.8,94.0,24.4,1010.8,11.0,0.0,1,1,1,ERA5 - 2018 Kerala Floods
0.4,95.0,24.6,1011.5,9.7,0.0,2,1,1,ERA5 - 2018 Kerala Floods
0.4,92.0,25.3,1012.4,11.2,0.0,3,1,1,ERA5 - 2018 Kerala Floods
0.2,89.0,25.7,1012.7,9.4,0.0,4,1,1,ERA5 - 2018 Kerala Floods
0.4,83.0,26.8,1012.7,15.2,0.0,5,1,1,ERA5 - 2018 Kerala Floods
1.4,90.0,26.0,1012.5,12.3,0.0,6,1,1,ERA5 - 2018 Kerala Floods
0.2,90.0,26.1,1011.9,14.0,0.0,7,1,1,ERA5 - 2018 Kerala Floods
0.2,87.0,26.0,1011.2,16.5,0.0,8,1,1,ERA5 - 2018 Kerala Floods
0.3,85.0,26.3,1010.6,19.9,0.0,9,1,1,ERA5 - 2018 Kerala Floods
0.6,87.0,26.1,1010.1,16.1,0.0,10,1,1,ERA5 - 2018 Kerala Floods
0.0,87.0,25.9,1009.9,17.6,0.0,11,1,1,ERA5 - 2018 Kerala Floods
0.5,90.0,25.5,1009.9,15.3,0.0,12,1,1,ERA5 - 2018 Kerala Floods
0.7,90.0,25.2,1010.2,16.1,0.0,13,1,1,ERA5 - 2018 Kerala Floods
0.3,92.0,24.9,1010.9,15.0,0.0,14,1,1,ERA5 - 2018 Kerala Floods
0.1,92.0,25.0,1011.5,11.6,0.0,15,1,1,ERA5 - 2018 Kerala Floods
0.3,91.0,24.8,1012.4,14.3,0.0,16,1,1,ERA5 - 2018 Kerala Floods
0.0,93.0,24.9,1012.8,11.6,0.0,17,1,1,ERA5 - 2018 Kerala Floods
0.1,92.0,24.8,1012.8,10.5,0.0,18,1,1,ERA5 - 2018 Kerala Floods
0.5,94.0,24.5,1012.1,11.3,0.0,19,1,1,ERA5 - 2018 Kerala Floods
0.6,94.0,24.5,1011.4,13.0,0.0,20,1,1,ERA5 - 2018 Kerala Floods
1.2,94.0,24.4,1010.9,15.8,0.0,21,1,1,ERA5 - 2018 Kerala Floods
0.9,93.0,24.4,1010.2,14.8,0.0,22,1,1,ERA5 - 2018 Kerala Floods
0.7,91.0,24.4,1010.2,16.3,0.0,23,1,1,ERA5 - 2018 Kerala Floods
0.6,91.0,25.0,1009.7,15.3,0.0,0,1,1,ERA5 - 2018 Kerala Floods
0.9,92.0,24.9,1009.8,16.2,0.0,1,1,1,ERA5 - 2018 Kerala Floods
0.5,91.0,24.8,1010.6,15.5,0.0,2,1,1,ERA5 - 2018 Kerala Floods
0.2,91.0,25.3,1011.3,13.6,0.0,3,1,1,ERA5 - 2018 Kerala Floods
0.6,91.0,25.0,1011.7,17.1,0.0,4,1,1,ERA5 - 2018 Kerala Floods
0.5,91.0,25.2,1011.9,13.6,0.0,5,1,1,ERA5 - 2018 Kerala Floods
0.3,90.0,25.8,1011.5,11.0,0.0,6,1,1,ERA5 - 2018 Kerala Floods
0.5,91.0,25.7,1011.0,16.0,0.0,7,1,1,ERA5 - 2018 Kerala Floods
0.7,88.0,25.7,1010.3,17.9,0.0,8,1,1,ERA5 - 2018 Kerala Floods
0.1,88.0,26.0,1009.5,14.3,0.0,9,1,1,ERA5 - 2018 Kerala Floods
0.2,88.0,25.9,1009.1,17.6,0.0,10,1,1,ERA5 - 2018 Kerala Floods
0.4,90.0,25.0,1009.0,17.9,0.0,11,1,1,ERA5 - 2018 Kerala Floods
0.1,90.0,25.5,1009.1,12.1,0.0,12,1,1,ERA5 - 2018 Kerala Floods
0.7,91.0,25.1,1009.4,10.5,0.0,13,1,1,ERA5 - 2018 Kerala Floods
0.6,94.0,24.6,1010.0,11.8,0.0,14,1,1,ERA5 - 2018 Kerala Floods
0.2,94.0,24.7,1010.4,9.9,0.0,15,1,1,ERA5 - 2018 Kerala Floods
0.1,94.0,24.7,1010.7,9.7,0.0,16,1,1,ERA5 - 2018 Kerala Floods
0.2,91.0,25.0,1011.4,11.7,0.0,17,1,1,ERA5 - 2018 Kerala Floods
0.3,92.0,24.9,1011.4,14.5,0.0,18,1,1,ERA5 - 2018 Kerala Floods
0.3,92.0,24.7,1010.9,16.9,0.0,19,1,1,ERA5 - 2018 Kerala Floods
0.4,94.0,24.5,1009.8,16.0,0.0,20,1,1,ERA5 - 2018 Kerala Floods
0.4,92.0,24.4,1009.3,16.9,0.0,21,1,1,ERA5 - 2018 Kerala Floods
0.5,94.0,24.0,1008.9,15.7,0.0,22,1,1,ERA5 - 2018 Kerala Floods
0.7,96.0,23.8,1008.9,16.6,0.0,23,1,1,ERA5 - 2018 Kerala Floods
0.6,93.0,24.8,1008.3,18.6,0.0,0,1,1,ERA5 - 2018 Kerala Floods
1.3,91.0,25.0,1008.4,20.3,0.0,1,1,1,ERA5 - 2018 Kerala Floods
1.3,93.0,24.9,1008.8,22.8,0.0,2,1,1,ERA5 - 2018 Kerala Floods
0.1,91.0,25.6,1009.7,18.1,0.0,3,1,1,ERA5 - 2018 Kerala Floods
0.8,87.0,26.3,1010.2,21.5,0.0,4,1,1,ERA5 - 2018 Kerala Floods
3.6,90.0,25.7,1010.3,20.4,0.0,5,1,1,ERA5 - 2018 Kerala Floods
0.2,90.0,25.8,1009.9,17.8,0.0,6,1,1,ERA5 - 2018 Kerala Floods
0.3,87.0,26.3,1009.5,19.5,0.0,7,1,1,ERA5 - 2018 Kerala Floods
0.6,88.0,25.9,1009.0,22.8,0.0,8,1,1,ERA5 - 2018 Kerala Floods
0.7,90.0,25.4,1008.4,17.3,0.0,9,1,1,ERA5 - 2018 Kerala Floods
0.7,92.0,25.1,1007.9,17.1,0.0,10,1,1,ERA5 - 2018 Kerala Floods
0.8,90.0,24.8,1007.6,20.0,0.0,11,1,1,ERA5 - 2018 Kerala Floods
0.8,92.0,25.0,1007.1,20.2,0.0,12,1,1,ERA5 - 2018 Kerala Floods
0.9,94.0,24.5,1007.7,12.8,0.0,13,1,1,ERA5 - 2018 Kerala Floods
0.9,95.0,24.6,1008.2,12.0,0.0,14,1,1,ERA5 - 2018 Kerala Floods
1.0,97.0,24.1,1008.9,9.8,0.0,15,1,1,ERA5 - 2018 Kerala Floods
1.2,97.0,23.7,1010.2,7.1,0.0,16,1,1,ERA5 - 2018 Kerala Floods
1.9,98.0,23.5,1010.6,6.9,0.0,17,1,1,ERA5 - 2018 Kerala Floods
1.5,97.0,23.7,1010.4,6.5,0.0,18,1,1,ERA5 - 2018 Kerala Floods
1.8,98.0,23.7,1009.7,6.4,0.0,19,1,1,ERA5 - 2018 Kerala Floods
1.8,99.0,23.4,1009.3,5.8,0.0,20,1,1,ERA5 - 2018 Kerala Floods
1.7,97.0,23.2,1008.5,4.6,0.0,21,1,1,ERA5 - 2018 Kerala Floods
1.4,97.0,23.1,1008.0,5.8,0.0,22,1,1,ERA5 - 2018 Kerala Floods
1.2,96.0,22.9,1008.4,5.2,0.0,23,1,1,ERA5 - 2018 Kerala Floods
1.6,95.0,24.5,1007.6,6.3,0.0,0,1,1,ERA5 - 2018 Kerala Floods
0.6,96.0,24.3,1007.6,4.7,0.0,1,1,1,ERA5 - 2018 Kerala Floods
0.5,95.0,24.5,1008.0,3.4,0.0,2,1,1,ERA5 - 2018 Kerala Floods
1.2,93.0,25.1,1009.0,5.4,0.0,3,1,1,ERA5 - 2018 Kerala Floods
1.0,97.0,25.3,1009.7,7.8,0.0,4,1,1,ERA5 - 2018 Kerala Floods
0.7,94.0,26.3,1009.8,9.7,0.0,5,1,1,ERA5 - 2018 Kerala Floods
0.4,86.0,27.2,1009.6,11.1,0.0,6,1,1,ERA5 - 2018 Kerala Floods
0.2,87.0,27.5,1009.1,15.9,0.0,7,1,1,ERA5 - 2018 Kerala Floods
0.1,86.0,27.4,1008.4,18.9,0.0,8,1,1,ERA5 - 2018 Kerala Floods
0.6,90.0,26.4,1007.9,17.9,0.0,9,1,1,ERA5 - 2018 Kerala Floods
0.0,88.0,26.8,1007.7,15.5,0.0,10,1,1,ERA5 - 2018 Kerala Floods
0.1,90.0,26.4,1007.5,14.6,0.0,11,1,1,ERA5 - 2018 Kerala Floods
0.0,92.0,25.8,1007.2,6.1,0.0,12,1,1,ERA5 - 2018 Kerala Floods
1.0,94.0,25.4,1007.6,6.5,0.0,13,1,1,ERA5 - 2018 Kerala Floods
1.2,94.0,25.1,1008.7,6.4,0.0,14,1,1,ERA5 - 2018 Kerala Floods
2.0,96.0,25.0,1009.5,7.7,0.0,15,1,1,ERA5 - 2018 Kerala Floods
1.5,96.0,24.7,1010.4,6.4,0.0,16,1,1,ERA5 - 2018 Kerala Floods
1.0,97.0,24.3,1011.1,5.7,0.0,17,1,1,ERA5 - 2018 Kerala Floods
0.8,98.0,23.9,1010.9,8.3,0.0,18,1,1,ERA5 - 2018 Kerala Floods
1.7,99.0,23.4,1010.2,9.3,0.0,19,1,1,ERA5 - 2018 Kerala Floods
1.5,98.0,23.5,1009.3,5.9,0.0,20,1,1,ERA5 - 2018 Kerala Floods
1.5,98.0,23.6,1008.4,8.0,0.0,21,1,1,ERA5 - 2018 Kerala Floods
1.8,98.0,23.5,1007.9,7.6,0.0,22,1,1,ERA5 - 2018 Kerala Floods
3.0,98.0,23.8,1008.0,8.9,0.0,23,1,1,ERA5 - 2018 Kerala Floods
2.0,90.0,25.9,1006.9,21.5,0.0,0,1,1,ERA5 - 2018 Kerala Floods
1.5,91.0,25.5,1007.0,26.3,0.0,1,1,1,ERA5 - 2018 Kerala Floods
1.4,94.0,25.4,1007.9,27.5,0.0,2,1,1,ERA5 - 2018 Kerala Floods
1.5,93.0,25.5,1008.5,17.9,0.0,3,1,1,ERA5 - 2018 Kerala Floods
0.5,91.0,26.2,1009.2,16.9,0.0,4,1,1,ERA5 - 2018 Kerala Floods
1.0,91.0,26.1,1009.1,22.1,0.0,5,1,1,ERA5 - 2018 Kerala Floods
0.5,88.0,26.1,1009.1,24.0,0.0,6,1,1,ERA5 - 2018 Kerala Floods
0.8,89.0,25.9,1008.7,23.5,0.0,7,1,1,ERA5 - 2018 Kerala Floods
0.5,90.0,25.8,1008.3,22.3,0.0,8,1,1,ERA5 - 2018 Kerala Floods
1.6,92.0,25.4,1007.8,24.3,0.0,9,1,1,ERA5 - 2018 Kerala Floods
2.1,88.0,25.2,1007.2,25.6,0.0,10,1,1,ERA5 - 2018 Kerala Floods
1.5,90.0,25.3,1007.0,24.0,0.0,11,1,1,ERA5 - 2018 Kerala Floods
1.2,91.0,25.5,1006.2,22.1,0.0,12,1,1,ERA5 - 2018 Kerala Floods
1.6,93.0,25.3,1007.1,17.9,0.0,13,1,1,ERA5 - 2018 Kerala Floods
2.6,94.0,25.0,1007.9,19.6,0.0,14,1,1,ERA5 - 2018 Kerala Floods
4.4,94.0,25.0,1008.9,18.1,0.0,15,1,1,ERA5 - 2018 Kerala Floods
4.1,94.0,25.1,1009.8,19.9,0.0,16,1,1,ERA5 - 2018 Kerala Floods
3.9,95.0,25.0,1010.3,19.1,0.0,17,1,1,ERA5 - 2018 Kerala Floods
3.8,95.0,24.6,1010.5,23.6,0.0,18,1,1,ERA5 - 2018 Kerala Floods
4.2,96.0,24.2,1009.8,22.9,0.0,19,1,1,ERA5 - 2018 Kerala Floods
4.7,94.0,24.3,1009.1,18.5,0.0,20,1,1,ERA5 - 2018 Kerala Floods
4.7,94.0,24.3,1008.9,24.7,0.0,21,1,1,ERA5 - 2018 Kerala Floods
3.6,94.0,24.3,1008.4,22.4,0.0,22,1,1,ERA5 - 2018 Kerala Floods
3.4,95.0,24.1,1008.2,20.0,0.0,23,1,1,ERA5 - 2018 Kerala Floods
3.3,92.0,24.6,1007.0,22.2,0.0,0,1,1,ERA5 - 2018 Kerala Floods
7.3,93.0,24.8,1006.7,24.3,0.0,1,1,1,ERA5 - 2018 Kerala Floods
4.4,92.0,24.8,1007.6,29.2,0.0,2,1,1,ERA5 - 2018 Kerala Floods
5.3,91.0,24.8,1008.5,27.3,0.0,3,1,1,ERA5 - 2018 Kerala Floods
3.9,91.0,24.7,1009.2,25.6,0.0,4,1,1,ERA5 - 2018 Kerala Floods
3.2,93.0,24.5,1009.6,23.7,0.0,5,1,1,ERA5 - 2018 Kerala Floods
3.6,94.0,24.5,1009.5,24.3,0.0,6,1,1,ERA5 - 2018 Kerala Floods
2.9,92.0,24.5,1009.0,23.7,0.0,7,1,1,ERA5 - 2018 Kerala Floods
2.1,89.0,24.6,1008.4,26.2,0.0,8,1,1,ERA5 - 2018 Kerala Floods
3.7,92.0,24.5,1007.9,26.6,0.0,9,1,1,ERA5 - 2018 Kerala Floods
3.8,93.0,24.7,1007.3,29.3,0.0,10,1,1,ERA5 - 2018 Kerala Floods
3.6,91.0,24.6,1007.2,32.0,0.0,11,1,1,ERA5 - 2018 Kerala Floods
3.5,90.0,24.9,1007.2,29.6,0.0,12,1,1,ERA5 - 2018 Kerala Floods
5.5,91.0,24.8,1007.5,24.0,0.0,13,1,1,ERA5 - 2018 Kerala Floods
6.1,89.0,24.9,1008.0,28.1,0.0,14,1,1,ERA5 - 2018 Kerala Floods
4.0,91.0,24.6,1008.8,31.3,0.0,15,1,1,ERA5 - 2018 Kerala Floods
8.1,92.0,24.6,1009.6,26.9,0.0,16,1,1,ERA5 - 2018 Kerala Floods
6.9,92.0,24.4,1010.0,28.3,0.0,17,1,1,ERA5 - 2018 Kerala Floods
3.1,92.0,24.4,1010.0,30.3,0.0,18,1,1,ERA5 - 2018 Kerala Floods
2.4,91.0,24.4,1009.9,31.5,0.0,19,1,1,ERA5 - 2018 Kerala Floods
3.5,92.0,24.3,1009.3,27.0,0.0,20,1,1,ERA5 - 2018 Kerala Floods
3.7,91.0,24.4,1009.1,23.1,0.0,21,1,1,ERA5 - 2018 Kerala Floods
3.4,91.0,24.3,1008.7,21.7,0.0,22,1,1,ERA5 - 2018 Kerala Floods
5.2,92.0,24.3,1008.5,25.2,0.0,23,1,1,ERA5 - 2018 Kerala Floods
5.4,89.0,24.8,1008.8,26.6,0.0,0,1,1,ERA5 - 2018 Kerala Floods
3.1,90.0,24.8,1008.7,23.1,0.0,1,1,1,ERA5 - 2018 Kerala Floods
2.8,91.0,25.0,1009.0,18.4,0.0,2,1,1,ERA5 - 2018 Kerala Floods
1.9,92.0,25.1,1009.7,23.4,0.0,3,1,1,ERA5 - 2018 Kerala Floods
1.6,91.0,25.7,1009.9,18.4,0.0,4,1,1,ERA5 - 2018 Kerala Floods
2.1,93.0,25.4,1010.0,19.8,0.0,5,1,1,ERA5 - 2018 Kerala Floods
0.7,89.0,26.3,1009.8,19.5,0.0,6,1,1,ERA5 - 2018 Kerala Floods
0.9,90.0,26.0,1009.4,23.4,0.0,7,1,1,ERA5 - 2018 Kerala Floods
1.0,90.0,25.5,1008.9,22.0,0.0,8,1,1,ERA5 - 2018 Kerala Floods
1.9,90.0,25.0,1008.5,23.6,0.0,9,1,1,ERA5 - 2018 Kerala Floods
1.1,92.0,25.2,1008.1,23.0,0.0,10,1,1,ERA5 - 2018 Kerala Floods
2.0,91.0,24.7,1008.1,22.7,0.0,11,1,1,ERA5 - 2018 Kerala Floods
2.2,92.0,24.9,1007.5,20.7,0.0,12,1,1,ERA5 - 2018 Kerala Floods
2.6,94.0,24.5,1007.8,21.2,0.0,13,1,1,ERA5 - 2018 Kerala Floods
2.5,93.0,24.5,1008.6,16.3,0.0,14,1,1,ERA5 - 2018 Kerala Floods
2.0,93.0,24.5,1009.3,15.7,0.0,15,1,1,ERA5 - 2018 Kerala Floods
2.2,93.0,24.3,1010.1,18.0,0.0,16,1,1,ERA5 - 2018 Kerala Floods
2.7,94.0,24.2,1010.6,17.4,0.0,17,1,1,ERA5 - 2018 Kerala Floods
2.3,94.0,24.2,1010.3,16.3,0.0,18,1,1,ERA5 - 2018 Kerala Floods
1.8,95.0,23.9,1009.7,15.8,0.0,19,1,1,ERA5 - 2018 Kerala Floods
1.1,94.0,24.2,1008.9,14.5,0.0,20,1,1,ERA5 - 2018 Kerala Floods
1.3,94.0,24.4,1008.1,18.0,0.0,21,1,1,ERA5 - 2018 Kerala Floods
1.7,93.0,24.2,1007.8,18.5,0.0,22,1,1,ERA5 - 2018 Kerala Floods
2.0,93.0,24.2,1007.5,18.2,0.0,23,1,1,ERA5 - 2018 Kerala Floods
1.3,96.0,24.5,1007.9,15.5,0.0,0,1,1,ERA5 - 2019 Bihar Floods
2.0,96.0,24.6,1008.5,16.4,0.0,1,1,1,ERA5 - 2019 Bihar Floods
1.6,94.0,24.7,1009.6,18.1,0.0,2,1,1,ERA5 - 2019 Bihar Floods
1.2,94.0,25.0,1010.1,16.6,0.0,3,1,1,ERA5 - 2019 Bihar Floods
3.9,93.0,25.1,1010.3,16.0,0.0,4,1,1,ERA5 - 2019 Bihar Floods
8.4,95.0,25.2,1010.1,15.2,0.0,5,1,1,ERA5 - 2019 Bihar Floods
8.4,96.0,25.2,1009.4,13.5,0.0,6,1,1,ERA5 - 2019 Bihar Floods
3.7,92.0,25.7,1008.5,12.3,0.0,7,1,1,ERA5 - 2019 Bihar Floods
1.2,92.0,25.9,1007.3,9.2,0.0,8,1,1,ERA5 - 2019 Bihar Floods
1.2,91.0,26.2,1006.3,10.0,0.0,9,1,1,ERA5 - 2019 Bihar Floods
1.3,91.0,26.0,1006.1,11.6,0.0,10,1,1,ERA5 - 2019 Bihar Floods
0.7,93.0,25.8,1006.3,12.3,0.0,11,1,1,ERA5 - 2019 Bihar Floods
0.6,96.0,25.0,1006.5,12.7,0.0,12,1,1,ERA5 - 2019 Bihar Floods
0.5,96.0,24.8,1006.9,13.1,0.0,13,1,1,ERA5 - 2019 Bihar Floods
0.9,95.0,24.7,1007.7,12.2,0.0,14,1,1,ERA5 - 2019 Bihar Floods
1.2,95.0,24.6,1008.3,11.1,0.0,15,1,1,ERA5 - 2019 Bihar Floods
3.6,96.0,24.4,1008.6,11.2,0.0,16,1,1,ERA5 - 2019 Bihar Floods
1.5,97.0,24.4,1008.5,11.3,0.0,17,1,1,ERA5 - 2019 Bihar Floods
0.5,97.0,24.4,1008.2,9.7,0.0,18,1,1,ERA5 - 2019 Bihar Floods
0.1,97.0,24.3,1007.6,10.2,0.0,19,1,1,ERA5 - 2019 Bihar Floods
0.0,98.0,24.2,1007.2,9.4,0.0,20,1,1,ERA5 - 2019 Bihar Floods
0.1,98.0,24.2,1006.9,8.6,0.0,21,1,1,ERA5 - 2019 Bihar Floods
0.4,98.0,24.2,1006.6,9.6,0.0,22,1,1,ERA5 - 2019 Bihar Floods
1.8,97.0,24.2,1006.8,10.5,0.0,23,1,1,ERA5 - 2019 Bihar Floods
1.2,97.0,24.4,1007.3,8.6,0.0,0,1,1,ERA5 - 2019 Bihar Floods
0.7,97.0,24.4,1007.6,10.5,0.0,1,1,1,ERA5 - 2019 Bihar Floods
0.6,97.0,24.6,1008.4,10.1,0.0,2,1,1,ERA5 - 2019 Bihar Floods
0.7,92.0,25.4,1008.9,11.6,0.0,3,1,1,ERA5 - 2019 Bihar Floods
0.5,88.0,26.2,1009.0,11.8,0.0,4,1,1,ERA5 - 2019 Bihar Floods
0.7,92.0,25.9,1008.5,10.7,0.0,5,1,1,ERA5 - 2019 Bihar Floods
0.8,95.0,25.7,1007.6,11.7,0.0,6,1,1,ERA5 - 2019 Bihar Floods
2.8,92.0,25.7,1006.3,11.2,0.0,7,1,1,ERA5 - 2019 Bihar Floods
3.0,93.0,25.5,1005.2,11.9,0.0,8,1,1,ERA5 - 2019 Bihar Floods
2.4,93.0,25.6,1004.0,12.6,0.0,9,1,1,ERA5 - 2019 Bihar Floods
1.7,94.0,25.5,1003.6,13.2,0.0,10,1,1,ERA5 - 2019 Bihar Floods
1.1,94.0,25.5,1003.4,15.4,0.0,11,1,1,ERA5 - 2019 Bihar Floods
0.9,95.0,25.3,1004.3,8.7,0.0,12,1,1,ERA5 - 2019 Bihar Floods
1.5,95.0,25.3,1004.4,11.2,0.0,13,1,1,ERA5 - 2019 Bihar Floods
1.8,95.0,25.2,1005.2,12.0,0.0,14,1,1,ERA5 - 2019 Bihar Floods
3.2,96.0,24.9,1005.7,7.7,0.0,15,1,1,ERA5 - 2019 Bihar Floods
7.7,93.0,25.0,1005.5,8.1,0.0,16,1,1,ERA5 - 2019 Bihar Floods
20.7,93.0,24.9,1005.0,16.7,0.0,17,1,1,ERA5 - 2019 Bihar Floods
37.5,95.0,24.5,1004.4,19.8,0.0,18,1,1,ERA5 - 2019 Bihar Floods
32.6,96.0,24.2,1003.9,17.0,0.0,19,1,1,ERA5 - 2019 Bihar Floods
22.4,96.0,24.1,1003.2,8.7,0.0,20,1,1,ERA5 - 2019 Bihar Floods
20.4,96.0,24.1,1002.4,2.5,0.0,21,1,1,ERA5 - 2019 Bihar Floods
16.9,96.0,24.0,1002.1,7.9,0.0,22,1,1,ERA5 - 2019 Bihar Floods
8.7,96.0,24.0,1002.3,4.6,0.0,23,1,1,ERA5 - 2019 Bihar Floods
6.0,95.0,23.7,1002.6,22.7,0.0,0,1,1,ERA5 - 2019 Bihar Floods
2.2,97.0,23.6,1003.3,20.6,0.0,1,1,1,ERA5 - 2019 Bihar Floods
1.7,95.0,23.7,1004.6,15.1,0.0,2,1,1,ERA5 - 2019 Bihar Floods
2.0,94.0,23.9,1004.7,12.2,0.0,3,1,1,ERA5 - 2019 Bihar Floods
1.9,92.0,24.2,1004.7,13.1,0.0,4,1,1,ERA5 - 2019 Bihar Floods
2.2,92.0,24.5,1004.7,11.5,0.0,5,1,1,ERA5 - 2019 Bihar Floods
1.9,90.0,25.0,1004.0,13.5,0.0,6,1,1,ERA5 - 2019 Bihar Floods
1.9,86.0,25.6,1002.9,14.8,0.0,7,1,1,ERA5 - 2019 Bihar Floods
1.8,88.0,25.5,1001.7,16.3,0.0,8,1,1,ERA5 - 2019 Bihar Floods
2.3,92.0,24.8,1001.0,13.8,0.0,9,1,1,ERA5 - 2019 Bihar Floods
2.7,93.0,24.5,1000.9,13.0,0.0,10,1,1,ERA5 - 2019 Bihar Floods
3.7,95.0,24.2,1001.0,11.7,0.0,11,1,1,ERA5 - 2019 Bihar Floods
5.3,94.0,24.1,1001.7,20.6,0.0,12,1,1,ERA5 - 2019 Bihar Floods
1.7,95.0,23.8,1002.3,21.4,0.0,13,1,1,ERA5 - 2019 Bihar Floods
2.1,95.0,23.6,1003.5,21.1,0.0,14,1,1,ERA5 - 2019 Bihar Floods
2.2,96.0,23.5,1004.1,18.4,0.0,15,1,1,ERA5 - 2019 Bihar Floods
1.9,96.0,23.4,1004.2,14.5,0.0,16,1,1,ERA5 - 2019 Bihar Floods
1.8,97.0,23.4,1004.1,11.5,0.0,17,1,1,ERA5 - 2019 Bihar Floods
1.2,97.0,23.5,1003.7,8.7,0.0,18,1,1,ERA5 - 2019 Bihar Floods
0.9,97.0,23.6,1003.0,7.6,0.0,19,1,1,ERA5 - 2019 Bihar Floods
1.5,98.0,23.4,1002.6,8.4,0.0,20,1,1,ERA5 - 2019 Bihar Floods
3.2,98.0,23.2,1002.1,8.7,0.0,21,1,1,ERA5 - 2019 Bihar Floods
5.1,97.0,23.2,1001.9,10.2,0.0,22,1,1,ERA5 - 2019 Bihar Floods
4.7,97.0,23.1,1002.1,11.8,0.0,23,1,1,ERA5 - 2019 Bihar Floods
4.0,96.0,23.8,1003.3,15.0,0.0,0,1,1,ERA5 - 2019 Bihar Floods
2.9,97.0,23.7,1003.9,13.2,0.0,1,1,1,ERA5 - 2019 Bihar Floods
2.2,96.0,23.9,1004.5,13.5,0.0,2,1,1,ERA5 - 2019 Bihar Floods
2.4,96.0,23.9,1005.2,13.0,0.0,3,1,1,ERA5 - 2019 Bihar Floods
4.8,96.0,24.1,1005.6,13.7,0.0,4,1,1,ERA5 - 2019 Bihar Floods
4.1,95.0,24.2,1005.5,12.9,0.0,5,1,1,ERA5 - 2019 Bihar Floods
3.2,94.0,24.5,1004.8,13.0,0.0,6,1,1,ERA5 - 2019 Bihar Floods
2.3,93.0,24.9,1003.5,14.3,0.0,7,1,1,ERA5 - 2019 Bihar Floods
0.9,91.0,25.0,1002.4,15.6,0.0,8,1,1,ERA5 - 2019 Bihar Floods
0.5,89.0,25.1,1001.7,18.2,0.0,9,1,1,ERA5 - 2019 Bihar Floods
1.1,94.0,24.6,1001.1,19.8,0.0,10,1,1,ERA5 - 2019 Bihar Floods
2.1,96.0,23.9,1000.8,17.9,0.0,11,1,1,ERA5 - 2019 Bihar Floods
7.4,96.0,23.8,1001.8,18.0,0.0,12,1,1,ERA5 - 2019 Bihar Floods
6.7,96.0,23.6,1001.8,15.8,0.0,13,1,1,ERA5 - 2019 Bihar Floods
9.3,94.0,24.0,1002.7,11.6,0.0,14,1,1,ERA5 - 2019 Bihar Floods
5.6,97.0,24.0,1003.1,9.6,0.0,15,1,1,ERA5 - 2019 Bihar Floods
1.9,97.0,23.9,1002.9,3.6,0.0,16,1,1,ERA5 - 2019 Bihar Floods
0.8,97.0,23.7,1002.7,2.2,0.0,17,1,1,ERA5 - 2019 Bihar Floods
1.4,99.0,23.3,1002.3,7.2,0.0,18,1,1,ERA5 - 2019 Bihar Floods
1.1,98.0,23.0,1001.5,5.4,0.0,19,1,1,ERA5 - 2019 Bihar Floods
0.6,97.0,22.9,1000.3,4.7,0.0,20,1,1,ERA5 - 2019 Bihar Floods
0.0,97.0,23.0,999.8,5.4,0.0,21,1,1,ERA5 - 2019 Bihar Floods
0.1,97.0,23.4,999.4,6.4,0.0,22,1,1,ERA5 - 2019 Bihar Floods
0.1,97.0,23.6,999.1,10.4,0.0,23,1,1,ERA5 - 2019 Bihar Floods
0.0,98.0,23.5,1001.5,8.0,0.0,0,1,1,ERA5 - 2019 Bihar Floods
1.3,98.0,23.4,1001.8,13.7,0.0,1,1,1,ERA5 - 2019 Bihar Floods
0.6,96.0,23.4,1002.4,16.6,0.0,2,1,1,ERA5 - 2019 Bihar Floods
0.2,93.0,23.4,1003.0,18.0,0.0,3,1,1,ERA5 - 2019 Bihar Floods
0.1,89.0,24.2,1003.4,18.5,0.0,4,1,1,ERA5 - 2019 Bihar Floods
0.0,84.0,25.6,1003.5,14.8,0.0,5,1,1,ERA5 - 2019 Bihar Floods
0.0,81.0,26.6,1002.7,11.3,0.0,6,1,1,ERA5 - 2019 Bihar Floods
0.1,79.0,27.1,1001.8,11.5,0.0,7,1,1,ERA5 - 2019 Bihar Floods
0.2,83.0,26.3,1000.5,15.3,0.0,8,1,1,ERA5 - 2019 Bihar Floods
0.0,83.0,26.1,999.6,14.3,0.0,9,1,1,ERA5 - 2019 Bihar Floods
0.0,84.0,25.9,999.3,12.9,0.0,10,1,1,ERA5 - 2019 Bihar Floods
0.0,85.0,25.6,999.2,10.7,0.0,11,1,1,ERA5 - 2019 Bihar Floods
0.0,87.0,24.8,1000.2,8.7,0.0,12,1,1,ERA5 - 2019 Bihar Floods
0.0,89.0,24.3,1000.6,9.8,0.0,13,1,1,ERA5 - 2019 Bihar Floods
0.0,90.0,24.1,1001.6,10.0,0.0,14,1,1,ERA5 - 2019 Bihar Floods
0.0,92.0,23.9,1001.8,9.2,0.0,15,1,1,ERA5 - 2019 Bihar Floods
0.0,94.0,23.6,1002.4,7.7,0.0,16,1,1,ERA5 - 2019 Bihar Floods
0.0,96.0,23.5,1002.6,6.3,0.0,17,1,1,ERA5 - 2019 Bihar Floods
0.0,96.0,23.6,1002.3,4.6,0.0,18,1,1,ERA5 - 2019 Bihar Floods
0.0,97.0,23.4,1002.1,4.4,0.0,19,1,1,ERA5 - 2019 Bihar Floods
0.0,97.0,23.3,1001.4,4.3,0.0,20,1,1,ERA5 - 2019 Bihar Floods
0.0,97.0,23.3,1001.1,4.6,0.0,21,1,1,ERA5 - 2019 Bihar Floods
0.0,96.0,23.3,1001.0,3.5,0.0,22,1,1,ERA5 - 2019 Bihar Floods
0.0,96.0,23.3,1001.1,4.0,0.0,23,1,1,ERA5 - 2019 Bihar Floods
0.6,96.0,22.2,946.4,13.5,0.0,0,1,1,ERA5 - 2020 Hyderabad Floods
2.8,96.0,22.3,946.9,16.2,0.0,1,1,1,ERA5 - 2020 Hyderabad Floods
2.8,95.0,22.2,947.3,17.4,0.0,2,1,1,ERA5 - 2020 Hyderabad Floods
2.0,95.0,22.3,947.6,17.6,0.0,3,1,1,ERA5 - 2020 Hyderabad Floods
1.2,94.0,22.8,947.4,19.6,0.0,4,1,1,ERA5 - 2020 Hyderabad Floods
2.0,94.0,23.4,947.1,18.7,0.0,5,1,1,ERA5 - 2020 Hyderabad Floods
4.7,93.0,23.5,946.1,19.3,0.0,6,1,1,ERA5 - 2020 Hyderabad Floods
3.0,93.0,23.7,945.0,18.5,0.0,7,1,1,ERA5 - 2020 Hyderabad Floods
3.0,92.0,24.1,943.8,19.8,0.0,8,1,1,ERA5 - 2020 Hyderabad Floods
2.6,92.0,23.9,942.7,19.0,0.0,9,1,1,ERA5 - 2020 Hyderabad Floods
3.8,93.0,23.8,942.3,19.8,0.0,10,1,1,ERA5 - 2020 Hyderabad Floods
3.6,94.0,23.8,942.1,22.1,0.0,11,1,1,ERA5 - 2020 Hyderabad Floods
5.6,92.0,23.4,942.5,20.5,0.0,12,1,1,ERA5 - 2020 Hyderabad Floods
4.5,92.0,23.5,942.7,21.3,0.0,13,1,1,ERA5 - 2020 Hyderabad Floods
7.3,94.0,23.2,942.8,18.4,0.0,14,1,1,ERA5 - 2020 Hyderabad Floods
9.1,95.0,23.1,943.2,15.1,0.0,15,1,1,ERA5 - 2020 Hyderabad Floods
8.7,95.0,22.7,942.9,21.7,0.0,16,1,1,ERA5 - 2020 Hyderabad Floods
1.1,95.0,22.6,942.8,21.5,0.0,17,1,1,ERA5 - 2020 Hyderabad Floods
4.2,95.0,22.3,942.0,22.3,0.0,18,1,1,ERA5 - 2020 Hyderabad Floods
1.1,98.0,22.3,941.7,23.9,0.0,19,1,1,ERA5 - 2020 Hyderabad Floods
1.4,98.0,22.4,941.2,20.9,0.0,20,1,1,ERA5 - 2020 Hyderabad Floods
1.4,97.0,22.4,940.9,25.6,0.0,21,1,1,ERA5 - 2020 Hyderabad Floods
1.5,97.0,22.4,940.9,24.3,0.0,22,1,1,ERA5 - 2020 Hyderabad Floods
1.4,97.0,22.3,940.9,23.3,0.0,23,1,1,ERA5 - 2020 Hyderabad Floods
1.3,97.0,22.4,943.4,25.7,0.0,0,1,1,ERA5 - 2020 Hyderabad Floods
1.0,97.0,22.6,944.8,21.4,0.0,1,1,1,ERA5 - 2020 Hyderabad Floods
0.9,97.0,22.5,946.0,20.1,0.0,2,1,1,ERA5 - 2020 Hyderabad Floods
0.5,97.0,22.6,946.8,18.7,0.0,3,1,1,ERA5 - 2020 Hyderabad Floods
0.4,95.0,23.1,947.3,17.2,0.0,4,1,1,ERA5 - 2020 Hyderabad Floods
0.3,86.0,24.5,947.7,18.2,0.0,5,1,1,ERA5 - 2020 Hyderabad Floods
0.3,82.0,25.0,947.3,16.6,0.0,6,1,1,ERA5 - 2020 Hyderabad Floods
0.0,75.0,26.4,946.2,17.2,0.0,7,1,1,ERA5 - 2020 Hyderabad Floods
0.3,70.0,27.7,945.1,19.9,0.0,8,1,1,ERA5 - 2020 Hyderabad Floods
0.2,71.0,27.3,944.4,24.7,0.0,9,1,1,ERA5 - 2020 Hyderabad Floods
0.2,77.0,26.1,944.6,20.2,0.0,10,1,1,ERA5 - 2020 Hyderabad Floods
0.2,81.0,25.4,944.8,15.6,0.0,11,1,1,ERA5 - 2020 Hyderabad Floods
0.0,84.0,25.3,944.9,9.7,0.0,12,1,1,ERA5 - 2020 Hyderabad Floods
0.0,88.0,24.4,945.7,10.2,0.0,13,1,1,ERA5 - 2020 Hyderabad Floods
0.1,90.0,24.1,946.5,11.8,0.0,14,1,1,ERA5 - 2020 Hyderabad Floods
0.2,91.0,23.9,947.4,12.9,0.0,15,1,1,ERA5 - 2020 Hyderabad Floods
0.2,92.0,23.6,947.7,13.4,0.0,16,1,1,ERA5 - 2020 Hyderabad Floods
0.7,94.0,23.4,947.6,13.4,0.0,17,1,1,ERA5 - 2020 Hyderabad Floods
0.1,93.0,23.4,947.6,10.8,0.0,18,1,1,ERA5 - 2020 Hyderabad Floods
0.0,94.0,23.0,947.2,8.7,0.0,19,1,1,ERA5 - 2020 Hyderabad Floods
0.0,93.0,22.9,946.3,10.5,0.0,20,1,1,ERA5 - 2020 Hyderabad Floods
0.2,94.0,22.9,946.0,13.7,0.0,21,1,1,ERA5 - 2020 Hyderabad Floods
0.2,93.0,22.8,945.8,13.8,0.0,22,1,1,ERA5 - 2020 Hyderabad Floods
0.0,94.0,22.5,946.2,12.0,0.0,23,1,1,ERA5 - 2020 Hyderabad Floods
0.0,95.0,22.3,947.4,7.3,0.0,0,1,1,ERA5 - 2020 Hyderabad Floods
0.0,94.0,22.4,948.4,7.9,0.0,1,1,1,ERA5 - 2020 Hyderabad Floods
0.0,90.0,23.1,949.3,8.7,0.0,2,1,1,ERA5 - 2020 Hyderabad Floods
0.0,82.0,24.4,950.0,13.8,0.0,3,1,1,ERA5 - 2020 Hyderabad Floods
0.0,77.0,25.1,950.8,12.2,0.0,4,1,1,ERA5 - 2020 Hyderabad Floods
0.1,72.0,26.2,950.8,12.7,0.0,5,1,1,ERA5 - 2020 Hyderabad Floods
0.2,67.0,27.3,949.9,14.4,0.0,6,1,1,ERA5 - 2020 Hyderabad Floods
0.2,65.0,27.7,948.5,13.4,0.0,7,1,1,ERA5 - 2020 Hyderabad Floods
0.3,65.0,28.1,947.5,10.6,0.0,8,1,1,ERA5 - 2020 Hyderabad Floods
0.1,67.0,27.8,946.8,8.9,0.0,9,1,1,ERA5 - 2020 Hyderabad Floods
0.1,67.0,27.9,946.6,8.7,0.0,10,1,1,ERA5 - 2020 Hyderabad Floods
0.0,70.0,27.4,947.1,6.9,0.0,11,1,1,ERA5 - 2020 Hyderabad Floods
0.0,85.0,26.1,947.3,4.4,0.0,12,1,1,ERA5 - 2020 Hyderabad Floods
0.0,86.0,25.1,947.6,4.5,0.0,13,1,1,ERA5 - 2020 Hyderabad Floods
0.0,87.0,24.6,948.5,5.8,0.0,14,1,1,ERA5 - 2020 Hyderabad Floods
0.0,88.0,24.2,949.6,5.2,0.0,15,1,1,ERA5 - 2020 Hyderabad Floods
0.0,89.0,23.8,950.1,5.7,0.0,16,1,1,ERA5 - 2020 Hyderabad Floods
0.0,89.0,23.5,950.0,5.7,0.0,17,1,1,ERA5 - 2020 Hyderabad Floods
0.0,90.0,23.3,949.9,6.0,0.0,18,1,1,ERA5 - 2020 Hyderabad Floods
0.0,91.0,23.0,949.2,5.9,0.0,19,1,1,ERA5 - 2020 Hyderabad Floods
0.0,93.0,22.6,948.4,5.1,0.0,20,1,1,ERA5 - 2020 Hyderabad Floods
0.0,94.0,22.4,948.0,5.2,0.0,21,1,1,ERA5 - 2020 Hyderabad Floods
0.0,94.0,22.4,948.2,6.6,0.0,22,1,1,ERA5 - 2020 Hyderabad Floods
0.0,95.0,22.1,948.4,6.7,0.0,23,1,1,ERA5 - 2020 Hyderabad Floods
0.0,95.0,22.1,948.7,7.1,0.0,0,1,1,ERA5 - 2020 Hyderabad Floods
0.0,96.0,22.0,949.6,5.9,0.0,1,1,1,ERA5 - 2020 Hyderabad Floods
0.0,90.0,23.2,950.5,6.9,0.0,2,1,1,ERA5 - 2020 Hyderabad Floods
0.0,81.0,24.7,951.4,7.4,0.0,3,1,1,ERA5 - 2020 Hyderabad Floods
0.0,73.0,26.1,951.9,8.2,0.0,4,1,1,ERA5 - 2020 Hyderabad Floods
0.0,67.0,27.3,951.8,7.9,0.0,5,1,1,ERA5 - 2020 Hyderabad Floods
0.0,63.0,28.3,951.2,9.7,0.0,6,1,1,ERA5 - 2020 Hyderabad Floods
0.0,59.0,29.1,949.8,10.0,0.0,7,1,1,ERA5 - 2020 Hyderabad Floods
0.0,56.0,29.4,948.7,8.9,0.0,8,1,1,ERA5 - 2020 Hyderabad Floods
0.0,61.0,28.6,947.9,10.2,0.0,9,1,1,ERA5 - 2020 Hyderabad Floods
0.0,61.0,28.7,947.7,8.7,0.0,10,1,1,ERA5 - 2020 Hyderabad Floods
0.0,64.0,28.1,947.8,6.9,0.0,11,1,1,ERA5 - 2020 Hyderabad Floods
0.0,82.0,26.2,948.2,5.4,0.0,12,1,1,ERA5 - 2020 Hyderabad Floods
0.0,84.0,24.6,948.6,6.6,0.0,13,1,1,ERA5 - 2020 Hyderabad Floods
0.0,85.0,24.3,949.5,6.4,0.0,14,1,1,ERA5 - 2020 Hyderabad Floods
0.0,88.0,23.8,950.4,5.9,0.0,15,1,1,ERA5 - 2020 Hyderabad Floods
0.0,88.0,23.6,951.0,5.4,0.0,16,1,1,ERA5 - 2020 Hyderabad Floods
0.0,89.0,23.2,950.9,6.4,0.0,17,1,1,ERA5 - 2020 Hyderabad Floods
0.0,89.0,22.9,950.9,6.4,0.0,18,1,1,ERA5 - 2020 Hyderabad Floods
0.0,90.0,22.5,950.6,6.1,0.0,19,1,1,ERA5 - 2020 Hyderabad Floods
0.0,91.0,22.3,949.6,8.6,0.0,20,1,1,ERA5 - 2020 Hyderabad Floods
0.0,93.0,21.8,949.1,5.6,0.0,21,1,1,ERA5 - 2020 Hyderabad Floods
0.0,93.0,21.7,948.9,6.4,0.0,22,1,1,ERA5 - 2020 Hyderabad Floods
0.0,95.0,21.3,949.1,4.8,0.0,23,1,1,ERA5 - 2020 Hyderabad Floods
4.1,97.0,23.3,994.5,3.1,0.0,0,1,1,ERA5 - 2022 Assam Floods
13.1,98.0,23.3,996.3,6.8,0.0,1,1,1,ERA5 - 2022 Assam Floods
8.5,97.0,23.4,997.0,1.3,0.0,2,1,1,ERA5 - 2022 Assam Floods
2.3,96.0,23.4,997.4,1.6,0.0,3,1,1,ERA5 - 2022 Assam Floods
5.3,95.0,23.8,997.6,4.1,0.0,4,1,1,ERA5 - 2022 Assam Floods
1.0,92.0,24.3,997.4,2.5,0.0,5,1,1,ERA5 - 2022 Assam Floods
0.3,84.0,25.9,996.7,2.5,0.0,6,1,1,ERA5 - 2022 Assam Floods
0.1,78.0,26.8,996.1,6.9,0.0,7,1,1,ERA5 - 2022 Assam Floods
0.2,78.0,26.5,994.9,4.2,0.0,8,1,1,ERA5 - 2022 Assam Floods
0.0,78.0,26.8,994.4,5.9,0.0,9,1,1,ERA5 - 2022 Assam Floods
0.0,82.0,26.2,993.4,13.0,0.0,10,1,1,ERA5 - 2022 Assam Floods
0.0,87.0,25.4,993.9,5.8,0.0,11,1,1,ERA5 - 2022 Assam Floods
0.5,81.0,27.3,995.0,6.5,0.0,12,1,1,ERA5 - 2022 Assam Floods
0.0,90.0,25.5,995.5,6.5,0.0,13,1,1,ERA5 - 2022 Assam Floods
0.0,96.0,24.5,996.3,4.2,0.0,14,1,1,ERA5 - 2022 Assam Floods
0.0,98.0,24.2,997.0,1.8,0.0,15,1,1,ERA5 - 2022 Assam Floods
0.1,99.0,24.1,997.6,5.5,0.0,16,1,1,ERA5 - 2022 Assam Floods
0.0,100.0,23.8,997.8,6.6,0.0,17,1,1,ERA5 - 2022 Assam Floods
0.0,99.0,23.6,997.4,7.9,0.0,18,1,1,ERA5 - 2022 Assam Floods
0.0,98.0,23.4,997.1,7.7,0.0,19,1,1,ERA5 - 2022 Assam Floods
0.0,97.0,23.3,996.2,8.5,0.0,20,1,1,ERA5 - 2022 Assam Floods
1.8,96.0,23.5,996.3,7.3,0.0,21,1,1,ERA5 - 2022 Assam Floods
3.2,97.0,23.3,996.3,9.7,0.0,22,1,1,ERA5 - 2022 Assam Floods
1.5,97.0,23.3,996.8,5.5,0.0,23,1,1,ERA5 - 2022 Assam Floods
3.6,99.0,22.3,999.0,3.6,0.0,0,1,1,ERA5 - 2022 Assam Floods
8.9,97.0,22.7,999.7,5.2,0.0,1,1,1,ERA5 - 2022 Assam Floods
11.9,98.0,22.6,1000.4,6.7,0.0,2,1,1,ERA5 - 2022 Assam Floods
3.2,97.0,22.9,1000.5,6.2,0.0,3,1,1,ERA5 - 2022 Assam Floods
0.8,95.0,23.7,1000.7,4.4,0.0,4,1,1,ERA5 - 2022 Assam Floods
1.6,94.0,23.9,1000.6,4.8,0.0,5,1,1,ERA5 - 2022 Assam Floods
1.0,92.0,24.4,999.9,6.3,0.0,6,1,1,ERA5 - 2022 Assam Floods
2.6,94.0,24.3,998.8,11.9,0.0,7,1,1,ERA5 - 2022 Assam Floods
1.9,98.0,23.9,997.8,9.3,0.0,8,1,1,ERA5 - 2022 Assam Floods
0.2,94.0,24.0,997.7,7.6,0.0,9,1,1,ERA5 - 2022 Assam Floods
0.1,94.0,24.1,997.5,6.4,0.0,10,1,1,ERA5 - 2022 Assam Floods
0.0,95.0,24.0,997.2,4.8,0.0,11,1,1,ERA5 - 2022 Assam Floods
0.1,90.0,25.5,998.0,8.6,0.0,12,1,1,ERA5 - 2022 Assam Floods
0.0,93.0,24.5,998.2,6.2,0.0,13,1,1,ERA5 - 2022 Assam Floods
0.0,96.0,23.9,999.0,7.9,0.0,14,1,1,ERA5 - 2022 Assam Floods
0.0,97.0,23.8,999.4,8.1,0.0,15,1,1,ERA5 - 2022 Assam Floods
0.0,98.0,23.6,1000.3,6.8,0.0,16,1,1,ERA5 - 2022 Assam Floods
0.0,97.0,23.4,1000.2,9.1,0.0,17,1,1,ERA5 - 2022 Assam Floods
0.0,98.0,23.3,999.7,9.9,0.0,18,1,1,ERA5 - 2022 Assam Floods
0.0,99.0,23.1,999.1,11.8,0.0,19,1,1,ERA5 - 2022 Assam Floods
0.3,100.0,23.0,998.7,10.9,0.0,20,1,1,ERA5 - 2022 Assam Floods
0.0,98.0,23.0,998.2,9.8,0.0,21,1,1,ERA5 - 2022 Assam Floods
0.0,98.0,23.1,998.3,9.0,0.0,22,1,1,ERA5 - 2022 Assam Floods
0.1,98.0,23.1,998.2,9.0,0.0,23,1,1,ERA5 - 2022 Assam Floods
0.6,98.0,22.9,999.8,10.8,0.0,0,1,1,ERA5 - 2022 Assam Floods
0.7,98.0,23.1,1000.3,9.6,0.0,1,1,1,ERA5 - 2022 Assam Floods
3.3,91.0,24.3,1001.0,14.3,0.0,2,1,1,ERA5 - 2022 Assam Floods
0.2,91.0,25.0,1000.9,9.0,0.0,3,1,1,ERA5 - 2022 Assam Floods
0.3,84.0,26.2,1000.5,10.3,0.0,4,1,1,ERA5 - 2022 Assam Floods
0.1,82.0,27.0,1000.5,10.2,0.0,5,1,1,ERA5 - 2022 Assam Floods
0.1,81.0,27.2,999.9,11.7,0.0,6,1,1,ERA5 - 2022 Assam Floods
0.0,80.0,27.4,999.3,8.4,0.0,7,1,1,ERA5 - 2022 Assam Floods
0.0,80.0,27.5,998.2,9.3,0.0,8,1,1,ERA5 - 2022 Assam Floods
0.3,84.0,26.6,997.3,11.5,0.0,9,1,1,ERA5 - 2022 Assam Floods
0.1,87.0,26.2,996.1,11.5,0.0,10,1,1,ERA5 - 2022 Assam Floods
0.0,88.0,26.0,995.8,12.6,0.0,11,1,1,ERA5 - 2022 Assam Floods
0.0,96.0,23.6,996.9,12.2,0.0,12,1,1,ERA5 - 2022 Assam Floods
1.3,98.0,23.0,996.5,8.4,0.0,13,1,1,ERA5 - 2022 Assam Floods
9.9,100.0,22.7,997.7,6.1,0.0,14,1,1,ERA5 - 2022 Assam Floods
4.0,97.0,22.8,997.6,6.4,0.0,15,1,1,ERA5 - 2022 Assam Floods
0.2,97.0,22.9,998.6,2.7,0.0,16,1,1,ERA5 - 2022 Assam Floods
0.0,98.0,22.7,998.4,4.4,0.0,17,1,1,ERA5 - 2022 Assam Floods
0.2,99.0,22.5,998.1,7.4,0.0,18,1,1,ERA5 - 2022 Assam Floods
0.1,99.0,22.5,997.5,5.9,0.0,19,1,1,ERA5 - 2022 Assam Floods
0.9,99.0,22.5,997.0,3.7,0.0,20,1,1,ERA5 - 2022 Assam Floods
3.2,100.0,22.3,996.5,8.9,0.0,21,1,1,ERA5 - 2022 Assam Floods
4.2,100.0,22.1,996.8,2.9,0.0,22,1,1,ERA5 - 2022 Assam Floods
22.1,99.0,21.9,996.7,4.7,0.0,23,1,1,ERA5 - 2022 Assam Floods
10.6,99.0,21.8,997.7,0.8,0.0,0,1,1,ERA5 - 2022 Assam Floods
9.9,97.0,22.1,999.0,6.5,0.0,1,1,1,ERA5 - 2022 Assam Floods
9.7,98.0,22.3,999.8,5.8,0.0,2,1,1,ERA5 - 2022 Assam Floods
2.7,92.0,23.1,999.9,4.1,0.0,3,1,1,ERA5 - 2022 Assam Floods
0.7,89.0,23.9,1000.0,3.6,0.0,4,1,1,ERA5 - 2022 Assam Floods
0.0,90.0,23.8,999.8,2.8,0.0,5,1,1,ERA5 - 2022 Assam Floods
0.4,80.0,26.4,999.3,5.4,0.0,6,1,1,ERA5 - 2022 Assam Floods
0.4,80.0,26.6,997.9,7.0,0.0,7,1,1,ERA5 - 2022 Assam Floods
0.8,83.0,26.5,996.7,7.6,0.0,8,1,1,ERA5 - 2022 Assam Floods
0.2,83.0,26.7,995.5,10.9,0.0,9,1,1,ERA5 - 2022 Assam Floods
0.2,84.0,26.1,994.7,11.5,0.0,10,1,1,ERA5 - 2022 Assam Floods
0.1,89.0,24.5,994.5,7.0,0.0,11,1,1,ERA5 - 2022 Assam Floods
0.0,87.0,24.8,996.0,11.0,0.0,12,1,1,ERA5 - 2022 Assam Floods
0.1,92.0,23.4,996.0,5.1,0.0,13,1,1,ERA5 - 2022 Assam Floods
0.1,94.0,23.0,996.9,3.0,0.0,14,1,1,ERA5 - 2022 Assam Floods
0.4,94.0,23.0,997.8,6.4,0.0,15,1,1,ERA5 - 2022 Assam Floods
0.0,95.0,22.8,998.1,9.2,0.0,16,1,1,ERA5 - 2022 Assam Floods
0.0,96.0,22.4,998.8,7.4,0.0,17,1,1,ERA5 - 2022 Assam Floods
0.0,97.0,22.1,998.5,4.3,0.0,18,1,1,ERA5 - 2022 Assam Floods
0.0,97.0,22.0,997.8,2.9,0.0,19,1,1,ERA5 - 2022 Assam Floods
0.6,97.0,21.9,997.8,0.8,0.0,20,1,1,ERA5 - 2022 Assam Floods
0.4,98.0,22.0,997.5,2.4,0.0,21,1,1,ERA5 - 2022 Assam Floods
0.6,98.0,21.9,998.1,3.8,0.0,22,1,1,ERA5 - 2022 Assam Floods
0.4,99.0,21.8,998.5,3.7,0.0,23,1,1,ERA5 - 2022 Assam Floods
0.8,93.0,22.9,999.5,2.0,0.0,0,1,1,ERA5 - 2022 Assam Floods
0.6,93.0,23.3,1000.7,2.2,0.0,1,1,1,ERA5 - 2022 Assam Floods
0.6,92.0,23.7,1001.4,4.0,0.0,2,1,1,ERA5 - 2022 Assam Floods
0.1,85.0,24.8,1000.6,3.1,0.0,3,1,1,ERA5 - 2022 Assam Floods
0.1,82.0,26.0,1000.4,4.5,0.0,4,1,1,ERA5 - 2022 Assam Floods
0.0,79.0,27.2,999.9,1.9,0.0,5,1,1,ERA5 - 2022 Assam Floods
0.0,74.0,28.7,999.1,3.1,0.0,6,1,1,ERA5 - 2022 Assam Floods
0.0,70.0,29.8,997.7,4.1,0.0,7,1,1,ERA5 - 2022 Assam Floods
0.0,70.0,30.0,996.6,7.2,0.0,8,1,1,ERA5 - 2022 Assam Floods
0.0,70.0,29.9,995.7,9.7,0.0,9,1,1,ERA5 - 2022 Assam Floods
0.0,74.0,29.2,995.0,7.0,0.0,10,1,1,ERA5 - 2022 Assam Floods
0.0,78.0,28.6,995.0,5.0,0.0,11,1,1,ERA5 - 2022 Assam Floods
0.1,94.0,24.5,997.3,4.1,0.0,12,1,1,ERA5 - 2022 Assam Floods
0.0,94.0,24.3,996.8,2.5,0.0,13,1,1,ERA5 - 2022 Assam Floods
0.0,97.0,23.5,996.6,1.8,0.0,14,1,1,ERA5 - 2022 Assam Floods
0.0,96.0,23.3,997.9,4.3,0.0,15,1,1,ERA5 - 2022 Assam Floods
0.0,98.0,23.0,999.2,3.6,0.0,16,1,1,ERA5 - 2022 Assam Floods
0.0,98.0,23.2,999.8,4.7,0.0,17,1,1,ERA5 - 2022 Assam Floods
0.0,98.0,22.9,999.6,3.3,0.0,18,1,1,ERA5 - 2022 Assam Floods
0.0,97.0,22.9,998.8,5.8,0.0,19,1,1,ERA5 - 2022 Assam Floods
0.0,98.0,22.7,998.9,6.6,0.0,20,1,1,ERA5 - 2022 Assam Floods
0.2,99.0,22.2,998.9,4.6,0.0,21,1,1,ERA5 - 2022 Assam Floods
1.2,98.0,21.9,998.4,7.9,0.0,22,1,1,ERA5 - 2022 Assam Floods
0.9,99.0,21.8,998.9,1.8,0.0,23,1,1,ERA5 - 2022 Assam Floods
0.6,97.0,22.4,1000.8,8.5,0.0,0,1,1,ERA5 - 2022 Assam Floods
0.8,94.0,23.1,1001.1,6.3,0.0,1,1,1,ERA5 - 2022 Assam Floods
0.0,89.0,24.4,1001.6,9.2,0.0,2,1,1,ERA5 - 2022 Assam Floods
0.7,89.0,24.5,1002.2,8.3,0.0,3,1,1,ERA5 - 2022 Assam Floods
0.4,89.0,24.3,1002.1,2.7,0.0,4,1,1,ERA5 - 2022 Assam Floods
0.2,78.0,27.0,1001.6,6.5,0.0,5,1,1,ERA5 - 2022 Assam Floods
0.0,74.0,28.0,1000.5,7.5,0.0,6,1,1,ERA5 - 2022 Assam Floods
0.0,75.0,28.1,999.2,6.0,0.0,7,1,1,ERA5 - 2022 Assam Floods
0.0,72.0,28.8,997.6,5.4,0.0,8,1,1,ERA5 - 2022 Assam Floods
0.0,71.0,29.3,996.3,6.5,0.0,9,1,1,ERA5 - 2022 Assam Floods
0.0,71.0,29.0,995.7,6.7,0.0,10,1,1,ERA5 - 2022 Assam Floods
0.1,76.0,27.9,996.2,4.2,0.0,11,1,1,ERA5 - 2022 Assam Floods
0.1,88.0,23.4,997.4,6.4,0.0,12,1,1,ERA5 - 2022 Assam Floods
0.0,89.0,23.0,997.5,6.1,0.0,13,1,1,ERA5 - 2022 Assam Floods
0.0,92.0,22.7,998.4,7.6,0.0,14,1,1,ERA5 - 2022 Assam Floods
0.0,95.0,22.5,999.7,6.6,0.0,15,1,1,ERA5 - 2022 Assam Floods
0.4,97.0,22.4,999.6,7.9,0.0,16,1,1,ERA5 - 2022 Assam Floods
0.3,99.0,22.2,1000.3,7.9,0.0,17,1,1,ERA5 - 2022 Assam Floods
0.9,98.0,22.4,999.6,7.2,0.0,18,1,1,ERA5 - 2022 Assam Floods
1.3,97.0,22.3,998.7,9.2,0.0,19,1,1,ERA5 - 2022 Assam Floods
1.8,97.0,22.1,998.1,7.9,0.0,20,1,1,ERA5 - 2022 Assam Floods
0.7,96.0,22.0,998.2,8.5,0.0,21,1,1,ERA5 - 2022 Assam Floods
0.5,98.0,22.0,997.8,10.7,0.0,22,1,1,ERA5 - 2022 Assam Floods
0.8,99.0,22.0,998.1,10.1,0.0,23,1,1,ERA5 - 2022 Assam Floods
1.2,96.0,22.0,999.9,7.8,0.0,0,1,1,ERA5 - 2022 Assam Floods
0.1,93.0,22.6,1000.2,11.9,0.0,1,1,1,ERA5 - 2022 Assam Floods
0.0,90.0,23.3,1000.5,11.0,0.0,2,1,1,ERA5 - 2022 Assam Floods
0.1,87.0,24.4,1000.6,9.8,0.0,3,1,1,ERA5 - 2022 Assam Floods
0.2,84.0,25.3,1000.6,8.9,0.0,4,1,1,ERA5 - 2022 Assam Floods
0.6,86.0,25.0,1000.4,4.9,0.0,5,1,1,ERA5 - 2022 Assam Floods
4.0,94.0,23.6,999.9,4.1,0.0,6,1,1,ERA5 - 2022 Assam Floods
0.0,89.0,25.4,998.3,4.3,0.0,7,1,1,ERA5 - 2022 Assam Floods
0.0,79.0,27.0,996.6,8.2,0.0,8,1,1,ERA5 - 2022 Assam Floods
0.0,77.0,27.7,995.3,6.4,0.0,9,1,1,ERA5 - 2022 Assam Floods
0.0,76.0,27.6,994.7,7.8,0.0,10,1,1,ERA5 - 2022 Assam Floods
0.0,78.0,27.1,994.6,7.6,0.0,11,1,1,ERA5 - 2022 Assam Floods
0.0,82.0,25.8,996.3,3.3,0.0,12,1,1,ERA5 - 2022 Assam Floods
0.0,87.0,24.5,996.6,4.2,0.0,13,1,1,ERA5 - 2022 Assam Floods
0.0,86.0,24.4,997.3,5.4,0.0,14,1,1,ERA5 - 2022 Assam Floods
0.0,89.0,24.0,997.8,8.1,0.0,15,1,1,ERA5 - 2022 Assam Floods
0.0,90.0,23.7,997.9,9.4,0.0,16,1,1,ERA5 - 2022 Assam Floods
0.1,94.0,23.1,998.0,8.9,0.0,17,1,1,ERA5 - 2022 Assam Floods
0.8,97.0,22.6,997.4,9.9,0.0,18,1,1,ERA5 - 2022 Assam Floods
1.4,98.0,22.8,996.7,9.8,0.0,19,1,1,ERA5 - 2022 Assam Floods
3.4,99.0,22.6,996.1,8.0,0.0,20,1,1,ERA5 - 2022 Assam Floods
3.7,99.0,22.6,995.6,8.8,0.0,21,1,1,ERA5 - 2022 Assam Floods
2.1,98.0,22.5,995.0,11.0,0.0,22,1,1,ERA5 - 2022 Assam Floods
1.3,99.0,22.2,996.1,7.4,0.0,23,1,1,ERA5 - 2022 Assam Floods
5.4,98.0,22.6,996.8,5.5,0.0,0,1,1,ERA5 - 2022 Assam Floods
2.3,98.0,22.3,997.4,8.2,0.0,1,1,1,ERA5 - 2022 Assam Floods
2.9,99.0,21.9,998.1,5.8,0.0,2,1,1,ERA5 - 2022 Assam Floods
4.2,99.0,22.1,998.2,9.2,0.0,3,1,1,ERA5 - 2022 Assam Floods
2.7,96.0,22.5,997.4,9.0,0.0,4,1,1,ERA5 - 2022 Assam Floods
2.5,96.0,22.9,997.1,6.7,0.0,5,1,1,ERA5 - 2022 Assam Floods
2.1,94.0,22.9,995.9,12.6,0.0,6,1,1,ERA5 - 2022 Assam Floods
3.7,88.0,23.7,995.5,5.8,0.0,7,1,1,ERA5 - 2022 Assam Floods
0.2,86.0,24.9,994.2,3.1,0.0,8,1,1,ERA5 - 2022 Assam Floods
1.8,88.0,24.8,994.1,9.3,0.0,9,1,1,ERA5 - 2022 Assam Floods
1.3,94.0,23.7,992.3,7.7,0.0,10,1,1,ERA5 - 2022 Assam Floods
0.1,88.0,24.4,991.7,4.6,0.0,11,1,1,ERA5 - 2022 Assam Floods
0.0,86.0,24.1,992.8,5.8,0.0,12,1,1,ERA5 - 2022 Assam Floods
2.7,90.0,23.2,993.8,2.3,0.0,13,1,1,ERA5 - 2022 Assam Floods
3.4,94.0,22.5,994.8,2.2,0.0,14,1,1,ERA5 - 2022 Assam Floods
0.6,95.0,22.4,995.5,2.7,0.0,15,1,1,ERA5 - 2022 Assam Floods
0.6,96.0,22.4,995.7,1.9,0.0,16,1,1,ERA5 - 2022 Assam Floods
0.7,94.0,22.4,995.4,0.4,0.0,17,1,1,ERA5 - 2022 Assam Floods
0.4,96.0,22.2,994.7,1.8,0.0,18,1,1,ERA5 - 2022 Assam Floods
4.0,96.0,22.0,994.3,5.2,0.0,19,1,1,ERA5 - 2022 Assam Floods
2.0,96.0,22.0,993.9,4.3,0.0,20,1,1,ERA5 - 2022 Assam Floods
0.4,96.0,21.9,993.7,2.3,0.0,21,1,1,ERA5 - 2022 Assam Floods
0.3,97.0,21.6,993.6,3.0,0.0,22,1,1,ERA5 - 2022 Assam Floods
0.1,97.0,21.4,993.8,4.0,0.0,23,1,1,ERA5 - 2022 Assam Floods
0.0,95.0,22.3,994.9,4.3,0.0,0,1,1,ERA5 - 2022 Assam Floods
0.0,92.0,23.4,995.8,4.9,0.0,1,1,1,ERA5 - 2022 Assam Floods
0.0,88.0,24.1,995.6,11.7,0.0,2,1,1,ERA5 - 2022 Assam Floods
0.1,81.0,25.8,995.9,7.6,0.0,3,1,1,ERA5 - 2022 Assam Floods
0.1,74.0,27.0,995.4,7.8,0.0,4,1,1,ERA5 - 2022 Assam Floods
0.0,72.0,27.6,994.6,8.4,0.0,5,1,1,ERA5 - 2022 Assam Floods
0.0,70.0,28.2,993.7,7.5,0.0,6,1,1,ERA5 - 2022 Assam Floods
0.0,67.0,29.0,992.8,4.9,0.0,7,1,1,ERA5 - 2022 Assam Floods
0.0,66.0,29.7,992.0,1.9,0.0,8,1,1,ERA5 - 2022 Assam Floods
0.0,66.0,29.8,991.1,5.2,0.0,9,1,1,ERA5 - 2022 Assam Floods
0.0,66.0,29.5,990.1,5.4,0.0,10,1,1,ERA5 - 2022 Assam Floods
0.0,66.0,29.3,990.3,2.3,0.0,11,1,1,ERA5 - 2022 Assam Floods
0.0,76.0,27.8,991.6,2.5,0.0,12,1,1,ERA5 - 2022 Assam Floods
0.0,83.0,25.8,992.0,4.7,0.0,13,1,1,ERA5 - 2022 Assam Floods
1.3,87.0,24.3,993.5,5.5,0.0,14,1,1,ERA5 - 2022 Assam Floods
0.1,92.0,23.9,993.9,2.0,0.0,15,1,1,ERA5 - 2022 Assam Floods
0.3,93.0,23.3,995.3,5.4,0.0,16,1,1,ERA5 - 2022 Assam Floods
0.2,94.0,23.1,995.0,4.7,0.0,17,1,1,ERA5 - 2022 Assam Floods
0.0,96.0,22.3,994.6,4.8,0.0,18,1,1,ERA5 - 2022 Assam Floods
0.4,95.0,22.6,995.1,3.3,0.0,19,1,1,ERA5 - 2022 Assam Floods
7.4,98.0,22.2,996.1,2.0,0.0,20,1,1,ERA5 - 2022 Assam Floods
0.4,96.0,22.5,995.5,3.3,0.0,21,1,1,ERA5 - 2022 Assam Floods
0.7,97.0,22.2,995.3,1.8,0.0,22,1,1,ERA5 - 2022 Assam Floods
0.1,98.0,21.9,995.3,4.1,0.0,23,1,1,ERA5 - 2022 Assam Floods
1.1,93.0,26.2,978.0,7.4,0.0,0,1,1,ERA5 - 2023 North India / Yamuna Floods
0.3,94.0,26.7,978.2,7.4,0.0,1,1,1,ERA5 - 2023 North India / Yamuna Floods
0.5,96.0,27.0,978.9,10.5,0.0,2,1,1,ERA5 - 2023 North India / Yamuna Floods
0.6,90.0,27.9,978.6,14.8,0.0,3,1,1,ERA5 - 2023 North India / Yamuna Floods
2.0,84.0,28.6,978.7,14.5,0.0,4,1,1,ERA5 - 2023 North India / Yamuna Floods
0.3,80.0,29.6,978.9,14.5,0.0,5,1,1,ERA5 - 2023 North India / Yamuna Floods
10.7,86.0,27.1,978.9,21.9,0.0,6,1,1,ERA5 - 2023 North India / Yamuna Floods
1.7,93.0,26.6,978.1,11.3,0.0,7,1,1,ERA5 - 2023 North India / Yamuna Floods
0.5,88.0,27.6,977.2,11.6,0.0,8,1,1,ERA5 - 2023 North India / Yamuna Floods
0.4,87.0,27.9,976.2,13.4,0.0,9,1,1,ERA5 - 2023 North India / Yamuna Floods
0.2,79.0,29.6,976.0,13.9,0.0,10,1,1,ERA5 - 2023 North India / Yamuna Floods
1.3,79.0,29.1,976.0,14.3,0.0,11,1,1,ERA5 - 2023 North India / Yamuna Floods
1.0,92.0,26.9,976.3,12.2,0.0,12,1,1,ERA5 - 2023 North India / Yamuna Floods
2.4,93.0,27.0,976.4,12.7,0.0,13,1,1,ERA5 - 2023 North India / Yamuna Floods
0.7,94.0,26.8,977.0,10.5,0.0,14,1,1,ERA5 - 2023 North India / Yamuna Floods
0.1,94.0,26.6,977.3,12.1,0.0,15,1,1,ERA5 - 2023 North India / Yamuna Floods
0.0,95.0,26.3,977.9,11.0,0.0,16,1,1,ERA5 - 2023 North India / Yamuna Floods
0.0,95.0,26.3,978.0,8.5,0.0,17,1,1,ERA5 - 2023 North India / Yamuna Floods
0.0,97.0,26.1,977.7,10.1,0.0,18,1,1,ERA5 - 2023 North India / Yamuna Floods
0.7,96.0,25.9,977.4,14.8,0.0,19,1,1,ERA5 - 2023 North India / Yamuna Floods
0.1,96.0,25.6,976.5,15.7,0.0,20,1,1,ERA5 - 2023 North India / Yamuna Floods
0.0,96.0,25.6,976.4,14.0,0.0,21,1,1,ERA5 - 2023 North India / Yamuna Floods
0.1,96.0,25.4,976.0,12.1,0.0,22,1,1,ERA5 - 2023 North India / Yamuna Floods
0.5,98.0,25.1,976.2,8.1,0.0,23,1,1,ERA5 - 2023 North India / Yamuna Floods
0.7,94.0,25.6,976.1,8.5,0.0,0,1,1,ERA5 - 2023 North India / Yamuna Floods
10.6,97.0,25.5,976.6,8.1,0.0,1,1,1,ERA5 - 2023 North India / Yamuna Floods
3.2,97.0,25.5,976.9,11.9,0.0,2,1,1,ERA5 - 2023 North India / Yamuna Floods
0.6,93.0,26.1,977.5,13.8,0.0,3,1,1,ERA5 - 2023 North India / Yamuna Floods
4.3,95.0,25.9,978.3,14.7,0.0,4,1,1,ERA5 - 2023 North India / Yamuna Floods
4.8,94.0,26.1,978.7,15.0,0.0,5,1,1,ERA5 - 2023 North India / Yamuna Floods
2.5,90.0,26.5,978.2,16.5,0.0,6,1,1,ERA5 - 2023 North India / Yamuna Floods
0.2,85.0,27.8,977.6,15.8,0.0,7,1,1,ERA5 - 2023 North India / Yamuna Floods
0.1,82.0,28.5,976.8,14.4,0.0,8,1,1,ERA5 - 2023 North India / Yamuna Floods
0.1,74.0,30.8,976.3,12.4,0.0,9,1,1,ERA5 - 2023 North India / Yamuna Floods
0.1,76.0,30.8,975.6,10.8,0.0,10,1,1,ERA5 - 2023 North India / Yamuna Floods
0.4,78.0,29.8,975.5,10.9,0.0,11,1,1,ERA5 - 2023 North India / Yamuna Floods
0.0,86.0,28.5,976.3,7.2,0.0,12,1,1,ERA5 - 2023 North India / Yamuna Floods
0.6,92.0,28.1,976.8,8.7,0.0,13,1,1,ERA5 - 2023 North India / Yamuna Floods
0.1,94.0,27.5,977.1,10.4,0.0,14,1,1,ERA5 - 2023 North India / Yamuna Floods
0.0,95.0,27.2,977.2,6.2,0.0,15,1,1,ERA5 - 2023 North India / Yamuna Floods
0.0,95.0,27.1,977.7,8.0,0.0,16,1,1,ERA5 - 2023 North India / Yamuna Floods
0.0,96.0,27.0,977.7,8.1,0.0,17,1,1,ERA5 - 2023 North India / Yamuna Floods
0.0,97.0,26.9,977.8,8.4,0.0,18,1,1,ERA5 - 2023 North India / Yamuna Floods
0.0,97.0,26.8,977.7,8.2,0.0,19,1,1,ERA5 - 2023 North India / Yamuna Floods
0.0,97.0,26.5,977.2,7.4,0.0,20,1,1,ERA5 - 2023 North India / Yamuna Floods
0.6,98.0,26.3,976.8,7.4,0.0,21,1,1,ERA5 - 2023 North India / Yamuna Floods
2.9,97.0,26.2,976.7,6.4,0.0,22,1,1,ERA5 - 2023 North India / Yamuna Floods
5.0,96.0,25.8,977.3,6.5,0.0,23,1,1,ERA5 - 2023 North India / Yamuna Floods
4.0,97.0,26.0,977.2,2.5,0.0,0,1,1,ERA5 - 2023 North India / Yamuna Floods
11.5,97.0,26.0,977.5,4.0,0.0,1,1,1,ERA5 - 2023 North India / Yamuna Floods
0.2,95.0,26.3,977.6,4.7,0.0,2,1,1,ERA5 - 2023 North India / Yamuna Floods
0.5,92.0,27.1,977.9,4.8,0.0,3,1,1,ERA5 - 2023 North India / Yamuna Floods
0.3,88.0,28.0,978.0,9.2,0.0,4,1,1,ERA5 - 2023 North India / Yamuna Floods
0.2,83.0,29.1,978.1,5.2,0.0,5,1,1,ERA5 - 2023 North India / Yamuna Floods
0.1,74.0,30.9,977.8,3.8,0.0,6,1,1,ERA5 - 2023 North India / Yamuna Floods
0.3,77.0,29.5,977.3,11.6,0.0,7,1,1,ERA5 - 2023 North India / Yamuna Floods
0.3,77.0,30.6,977.0,2.9,0.0,8,1,1,ERA5 - 2023 North India / Yamuna Floods
3.1,80.0,29.6,976.0,8.3,0.0,9,1,1,ERA5 - 2023 North India / Yamuna Floods
0.2,80.0,30.1,975.4,4.7,0.0,10,1,1,ERA5 - 2023 North India / Yamuna Floods
0.1,77.0,31.0,974.9,4.6,0.0,11,1,1,ERA5 - 2023 North India / Yamuna Floods
4.0,89.0,28.1,976.1,13.0,0.0,12,1,1,ERA5 - 2023 North India / Yamuna Floods
0.7,93.0,27.4,976.6,10.5,0.0,13,1,1,ERA5 - 2023 North India / Yamuna Floods
0.1,93.0,26.9,976.9,8.5,0.0,14,1,1,ERA5 - 2023 North India / Yamuna Floods
0.0,95.0,26.5,977.1,7.6,0.0,15,1,1,ERA5 - 2023 North India / Yamuna Floods
0.0,97.0,26.1,977.1,3.6,0.0,16,1,1,ERA5 - 2023 North India / Yamuna Floods
0.0,97.0,26.1,977.3,3.8,0.0,17,1,1,ERA5 - 2023 North India / Yamuna Floods
0.0,98.0,26.0,977.4,3.7,0.0,18,1,1,ERA5 - 2023 North India / Yamuna Floods
0.0,99.0,25.6,977.2,4.0,0.0,19,1,1,ERA5 - 2023 North India / Yamuna Floods
0.0,98.0,26.0,977.0,2.9,0.0,20,1,1,ERA5 - 2023 North India / Yamuna Floods
0.1,96.0,25.9,976.5,2.4,0.0,21,1,1,ERA5 - 2023 North India / Yamuna Floods
0.1,97.0,25.7,976.4,5.6,0.0,22,1,1,ERA5 - 2023 North India / Yamuna Floods
1.7,99.0,25.2,976.6,8.6,0.0,23,1,1,ERA5 - 2023 North India / Yamuna Floods
0.9,97.0,25.6,976.9,11.6,0.0,0,1,1,ERA5 - 2023 North India / Yamuna Floods
0.0,95.0,25.9,977.2,10.3,0.0,1,1,1,ERA5 - 2023 North India / Yamuna Floods
0.0,93.0,26.2,977.6,10.2,0.0,2,1,1,ERA5 - 2023 North India / Yamuna Floods
0.0,88.0,27.1,978.0,7.6,0.0,3,1,1,ERA5 - 2023 North India / Yamuna Floods
0.0,82.0,28.5,978.4,6.5,0.0,4,1,1,ERA5 - 2023 North India / Yamuna Floods
0.1,75.0,30.0,978.3,6.7,0.0,5,1,1,ERA5 - 2023 North India / Yamuna Floods
0.0,71.0,31.2,977.9,8.3,0.0,6,1,1,ERA5 - 2023 North India / Yamuna Floods
0.0,67.0,32.0,977.5,7.2,0.0,7,1,1,ERA5 - 2023 North India / Yamuna Floods
0.0,65.0,32.5,976.8,5.3,0.0,8,1,1,ERA5 - 2023 North India / Yamuna Floods
0.0,62.0,32.9,975.6,4.1,0.0,9,1,1,ERA5 - 2023 North India / Yamuna Floods
0.0,60.0,33.3,974.9,4.7,0.0,10,1,1,ERA5 - 2023 North India / Yamuna Floods
0.0,60.0,33.1,974.6,3.5,0.0,11,1,1,ERA5 - 2023 North India / Yamuna Floods
0.0,83.0,29.5,975.8,7.6,0.0,12,1,1,ERA5 - 2023 North India / Yamuna Floods
0.0,83.0,29.3,975.9,8.9,0.0,13,1,1,ERA5 - 2023 North India / Yamuna Floods
0.0,87.0,28.6,976.2,6.8,0.0,14,1,1,ERA5 - 2023 North India / Yamuna Floods
0.0,90.0,28.1,976.6,4.7,0.0,15,1,1,ERA5 - 2023 North India / Yamuna Floods
0.0,92.0,27.8,977.3,6.5,0.0,16,1,1,ERA5 - 2023 North India / Yamuna Floods
0.0,93.0,27.5,977.8,7.6,0.0,17,1,1,ERA5 - 2023 North India / Yamuna Floods
0.0,94.0,27.2,977.8,7.2,0.0,18,1,1,ERA5 - 2023 North India / Yamuna Floods
0.0,95.0,27.0,977.3,4.9,0.0,19,1,1,ERA5 - 2023 North India / Yamuna Floods
0.0,97.0,26.6,976.6,4.8,0.0,20,1,1,ERA5 - 2023 North India / Yamuna Floods
0.0,98.0,26.4,976.4,4.7,0.0,21,1,1,ERA5 - 2023 North India / Yamuna Floods
0.0,99.0,26.2,976.2,4.7,0.0,22,1,1,ERA5 - 2023 North India / Yamuna Floods
0.0,99.0,26.1,976.3,6.5,0.0,23,1,1,ERA5 - 2023 North India / Yamuna Floods
0.0,99.0,25.7,976.6,12.2,0.0,0,1,1,ERA5 - 2023 North India / Yamuna Floods
0.3,99.0,25.7,976.7,7.1,0.0,1,1,1,ERA5 - 2023 North India / Yamuna Floods
0.1,94.0,26.7,977.5,9.7,0.0,2,1,1,ERA5 - 2023 North India / Yamuna Floods
0.0,85.0,28.0,977.6,5.2,0.0,3,1,1,ERA5 - 2023 North India / Yamuna Floods
0.0,79.0,29.7,978.0,8.1,0.0,4,1,1,ERA5 - 2023 North India / Yamuna Floods
0.0,75.0,30.8,977.8,6.7,0.0,5,1,1,ERA5 - 2023 North India / Yamuna Floods
0.1,73.0,31.6,977.0,7.4,0.0,6,1,1,ERA5 - 2023 North India / Yamuna Floods
0.1,70.0,32.4,976.6,9.1,0.0,7,1,1,ERA5 - 2023 North India / Yamuna Floods
0.1,67.0,33.1,975.7,9.0,0.0,8,1,1,ERA5 - 2023 North India / Yamuna Floods
0.1,65.0,33.5,974.8,7.9,0.0,9,1,1,ERA5 - 2023 North India / Yamuna Floods
0.0,63.0,33.5,974.5,8.4,0.0,10,1,1,ERA5 - 2023 North India / Yamuna Floods
5.5,85.0,29.0,974.8,15.0,0.0,11,1,1,ERA5 - 2023 North India / Yamuna Floods
0.1,78.0,30.7,975.2,12.6,0.0,12,1,1,ERA5 - 2023 North India / Yamuna Floods
0.8,90.0,27.6,976.2,10.1,0.0,13,1,1,ERA5 - 2023 North India / Yamuna Floods
2.3,94.0,26.9,976.5,10.7,0.0,14,1,1,ERA5 - 2023 North India / Yamuna Floods
0.1,92.0,26.9,976.4,5.1,0.0,15,1,1,ERA5 - 2023 North India / Yamuna Floods
0.0,93.0,26.9,977.2,9.5,0.0,16,1,1,ERA5 - 2023 North India / Yamuna Floods
0.0,95.0,26.9,977.6,10.0,0.0,17,1,1,ERA5 - 2023 North India / Yamuna Floods
0.0,95.0,26.7,977.8,6.9,0.0,18,1,1,ERA5 - 2023 North India / Yamuna Floods
0.0,95.0,26.5,977.5,5.8,0.0,19,1,1,ERA5 - 2023 North India / Yamuna Floods
0.0,97.0,26.3,976.5,5.8,0.0,20,1,1,ERA5 - 2023 North India / Yamuna Floods
0.0,98.0,26.1,975.7,3.3,0.0,21,1,1,ERA5 - 2023 North India / Yamuna Floods
0.2,98.0,26.0,976.3,3.7,0.0,22,1,1,ERA5 - 2023 North India / Yamuna Floods
0.8,95.0,26.0,976.4,9.0,0.0,23,1,1,ERA5 - 2023 North India / Yamuna Floods
0.2,95.0,26.7,976.2,11.8,0.0,0,1,1,ERA5 - 2023 North India / Yamuna Floods
0.0,91.0,26.9,976.7,10.5,0.0,1,1,1,ERA5 - 2023 North India / Yamuna Floods
0.0,89.0,27.6,977.2,10.6,0.0,2,1,1,ERA5 - 2023 North India / Yamuna Floods
0.0,84.0,28.8,977.8,13.5,0.0,3,1,1,ERA5 - 2023 North India / Yamuna Floods
0.0,79.0,29.8,978.1,12.6,0.0,4,1,1,ERA5 - 2023 North India / Yamuna Floods
0.1,74.0,30.9,978.1,11.5,0.0,5,1,1,ERA5 - 2023 North India / Yamuna Floods
0.1,69.0,32.1,977.8,10.4,0.0,6,1,1,ERA5 - 2023 North India / Yamuna Floods
0.1,65.0,32.9,977.0,8.5,0.0,7,1,1,ERA5 - 2023 North India / Yamuna Floods
0.3,66.0,32.8,976.4,5.8,0.0,8,1,1,ERA5 - 2023 North India / Yamuna Floods
0.0,67.0,33.0,975.6,3.5,0.0,9,1,1,ERA5 - 2023 North India / Yamuna Floods
0.0,66.0,33.2,975.0,4.1,0.0,10,1,1,ERA5 - 2023 North India / Yamuna Floods
0.3,70.0,32.2,975.0,7.7,0.0,11,1,1,ERA5 - 2023 North India / Yamuna Floods
3.1,71.0,31.1,975.8,14.7,0.0,12,1,1,ERA5 - 2023 North India / Yamuna Floods
0.0,74.0,30.5,976.0,9.9,0.0,13,1,1,ERA5 - 2023 North India / Yamuna Floods
0.0,79.0,29.4,976.4,10.7,0.0,14,1,1,ERA5 - 2023 North India / Yamuna Floods
0.0,84.0,28.6,977.1,7.4,0.0,15,1,1,ERA5 - 2023 North India / Yamuna Floods
0.0,88.0,27.9,977.6,11.0,0.0,16,1,1,ERA5 - 2023 North India / Yamuna Floods
0.0,91.0,27.4,978.2,10.6,0.0,17,1,1,ERA5 - 2023 North India / Yamuna Floods
0.0,92.0,27.1,978.4,11.6,0.0,18,1,1,ERA5 - 2023 North India / Yamuna Floods
0.0,92.0,26.8,978.4,10.6,0.0,19,1,1,ERA5 - 2023 North India / Yamuna Floods
0.0,93.0,26.6,978.0,9.0,0.0,20,1,1,ERA5 - 2023 North India / Yamuna Floods
0.0,95.0,26.4,977.1,7.3,0.0,21,1,1,ERA5 - 2023 North India / Yamuna Floods
0.0,96.0,26.2,977.3,8.2,0.0,22,1,1,ERA5 - 2023 North India / Yamuna Floods
0.0,97.0,25.9,977.9,9.9,0.0,23,1,1,ERA5 - 2023 North India / Yamuna Floods
1.3,86.0,27.0,999.0,15.9,0.0,0,1,1,ERA5 - 2023 Gujarat Floods
0.0,86.0,27.0,999.3,16.6,0.0,1,1,1,ERA5 - 2023 Gujarat Floods
0.6,86.0,27.0,1000.1,13.3,0.0,2,1,1,ERA5 - 2023 Gujarat Floods
1.8,90.0,26.6,1001.2,10.2,0.0,3,1,1,ERA5 - 2023 Gujarat Floods
1.2,91.0,26.6,1001.4,14.8,0.0,4,1,1,ERA5 - 2023 Gujarat Floods
1.4,92.0,26.5,1001.4,15.7,0.0,5,1,1,ERA5 - 2023 Gujarat Floods
0.3,89.0,26.7,1001.4,18.8,0.0,6,1,1,ERA5 - 2023 Gujarat Floods
1.1,92.0,25.9,1001.0,17.7,0.0,7,1,1,ERA5 - 2023 Gujarat Floods
1.0,92.0,26.2,999.4,18.3,0.0,8,1,1,ERA5 - 2023 Gujarat Floods
0.6,91.0,26.7,998.5,18.5,0.0,9,1,1,ERA5 - 2023 Gujarat Floods
0.6,91.0,26.8,997.7,18.5,0.0,10,1,1,ERA5 - 2023 Gujarat Floods
0.7,90.0,26.7,997.6,19.7,0.0,11,1,1,ERA5 - 2023 Gujarat Floods
0.6,92.0,26.4,997.3,20.6,0.0,12,1,1,ERA5 - 2023 Gujarat Floods
1.5,92.0,26.3,997.8,18.3,0.0,13,1,1,ERA5 - 2023 Gujarat Floods
3.0,91.0,26.4,997.9,21.2,0.0,14,1,1,ERA5 - 2023 Gujarat Floods
2.6,91.0,26.4,997.6,21.3,0.0,15,1,1,ERA5 - 2023 Gujarat Floods
2.8,91.0,26.4,998.8,17.0,0.0,16,1,1,ERA5 - 2023 Gujarat Floods
4.0,91.0,26.3,999.0,16.5,0.0,17,1,1,ERA5 - 2023 Gujarat Floods
3.3,93.0,26.0,999.4,13.3,0.0,18,1,1,ERA5 - 2023 Gujarat Floods
3.5,92.0,25.9,998.5,20.2,0.0,19,1,1,ERA5 - 2023 Gujarat Floods
5.8,92.0,25.4,997.9,21.2,0.0,20,1,1,ERA5 - 2023 Gujarat Floods
6.9,92.0,25.3,997.4,24.3,0.0,21,1,1,ERA5 - 2023 Gujarat Floods
6.1,93.0,25.1,996.8,24.6,0.0,22,1,1,ERA5 - 2023 Gujarat Floods
6.2,93.0,25.0,996.9,26.0,0.0,23,1,1,ERA5 - 2023 Gujarat Floods
4.6,91.0,25.1,997.0,28.5,0.0,0,1,1,ERA5 - 2023 Gujarat Floods
2.7,92.0,25.3,997.6,24.2,0.0,1,1,1,ERA5 - 2023 Gujarat Floods
3.4,93.0,25.3,998.4,21.3,0.0,2,1,1,ERA5 - 2023 Gujarat Floods
4.2,92.0,25.5,998.9,23.5,0.0,3,1,1,ERA5 - 2023 Gujarat Floods
3.1,92.0,25.8,999.3,23.0,0.0,4,1,1,ERA5 - 2023 Gujarat Floods
4.1,93.0,25.8,999.7,20.8,0.0,5,1,1,ERA5 - 2023 Gujarat Floods
2.8,92.0,25.7,999.3,22.2,0.0,6,1,1,ERA5 - 2023 Gujarat Floods
4.2,90.0,24.9,999.1,22.6,0.0,7,1,1,ERA5 - 2023 Gujarat Floods
4.3,93.0,25.6,997.9,22.7,0.0,8,1,1,ERA5 - 2023 Gujarat Floods
4.2,90.0,25.7,997.1,23.5,0.0,9,1,1,ERA5 - 2023 Gujarat Floods
3.4,89.0,25.7,996.6,21.4,0.0,10,1,1,ERA5 - 2023 Gujarat Floods
2.7,91.0,25.7,996.4,21.4,0.0,11,1,1,ERA5 - 2023 Gujarat Floods
1.5,90.0,26.1,996.2,20.6,0.0,12,1,1,ERA5 - 2023 Gujarat Floods
0.6,90.0,26.0,996.9,17.8,0.0,13,1,1,ERA5 - 2023 Gujarat Floods
1.4,92.0,25.8,996.5,22.2,0.0,14,1,1,ERA5 - 2023 Gujarat Floods
1.5,92.0,25.9,997.1,20.1,0.0,15,1,1,ERA5 - 2023 Gujarat Floods
0.6,92.0,25.9,998.0,20.5,0.0,16,1,1,ERA5 - 2023 Gujarat Floods
1.2,92.0,25.9,998.3,22.9,0.0,17,1,1,ERA5 - 2023 Gujarat Floods
3.0,92.0,25.8,998.2,23.3,0.0,18,1,1,ERA5 - 2023 Gujarat Floods
2.2,93.0,25.7,997.9,24.3,0.0,19,1,1,ERA5 - 2023 Gujarat Floods
2.8,92.0,25.6,997.4,25.2,0.0,20,1,1,ERA5 - 2023 Gujarat Floods
2.8,93.0,25.5,996.9,24.8,0.0,21,1,1,ERA5 - 2023 Gujarat Floods
1.3,93.0,25.4,996.5,22.9,0.0,22,1,1,ERA5 - 2023 Gujarat Floods
1.2,93.0,25.3,996.6,19.9,0.0,23,1,1,ERA5 - 2023 Gujarat Floods
1.8,94.0,25.7,997.1,15.9,0.0,0,1,1,ERA5 - 2023 Gujarat Floods
0.3,96.0,25.5,997.5,17.2,0.0,1,1,1,ERA5 - 2023 Gujarat Floods
0.0,94.0,25.7,998.0,16.2,0.0,2,1,1,ERA5 - 2023 Gujarat Floods
0.3,88.0,25.9,999.0,19.4,0.0,3,1,1,ERA5 - 2023 Gujarat Floods
0.4,85.0,27.0,999.3,18.9,0.0,4,1,1,ERA5 - 2023 Gujarat Floods
0.3,87.0,26.7,999.6,18.5,0.0,5,1,1,ERA5 - 2023 Gujarat Floods
0.1,81.0,28.2,999.8,17.9,0.0,6,1,1,ERA5 - 2023 Gujarat Floods
0.2,79.0,28.9,998.7,18.6,0.0,7,1,1,ERA5 - 2023 Gujarat Floods
1.0,81.0,27.5,998.0,22.0,0.0,8,1,1,ERA5 - 2023 Gujarat Floods
0.7,84.0,28.4,997.3,15.6,0.0,9,1,1,ERA5 - 2023 Gujarat Floods
2.9,81.0,27.9,997.1,21.5,0.0,10,1,1,ERA5 - 2023 Gujarat Floods
0.5,86.0,27.3,996.5,18.0,0.0,11,1,1,ERA5 - 2023 Gujarat Floods
1.7,93.0,25.8,997.4,17.7,0.0,12,1,1,ERA5 - 2023 Gujarat Floods
4.1,95.0,25.0,997.7,18.9,0.0,13,1,1,ERA5 - 2023 Gujarat Floods
0.5,94.0,25.2,998.2,15.2,0.0,14,1,1,ERA5 - 2023 Gujarat Floods
0.1,95.0,25.2,999.3,15.1,0.0,15,1,1,ERA5 - 2023 Gujarat Floods
0.0,94.0,25.4,999.8,15.7,0.0,16,1,1,ERA5 - 2023 Gujarat Floods
0.0,94.0,25.4,1000.1,15.3,0.0,17,1,1,ERA5 - 2023 Gujarat Floods
0.1,94.0,25.3,1000.2,19.6,0.0,18,1,1,ERA5 - 2023 Gujarat Floods
0.3,96.0,25.1,1000.1,18.3,0.0,19,1,1,ERA5 - 2023 Gujarat Floods
0.1,94.0,25.1,999.5,16.7,0.0,20,1,1,ERA5 - 2023 Gujarat Floods
0.1,95.0,25.0,999.1,15.8,0.0,21,1,1,ERA5 - 2023 Gujarat Floods
0.0,95.0,24.8,999.0,16.4,0.0,22,1,1,ERA5 - 2023 Gujarat Floods
0.1,95.0,24.7,999.1,16.8,0.0,23,1,1,ERA5 - 2023 Gujarat Floods
0.2,96.0,24.9,999.3,15.9,0.0,0,1,1,ERA5 - 2023 Gujarat Floods
0.1,95.0,25.0,999.9,15.4,0.0,1,1,1,ERA5 - 2023 Gujarat Floods
0.2,94.0,25.0,1000.2,19.4,0.0,2,1,1,ERA5 - 2023 Gujarat Floods
0.1,88.0,26.1,1001.1,19.0,0.0,3,1,1,ERA5 - 2023 Gujarat Floods
0.1,86.0,26.5,1001.9,18.2,0.0,4,1,1,ERA5 - 2023 Gujarat Floods
0.4,82.0,27.6,1001.3,18.3,0.0,5,1,1,ERA5 - 2023 Gujarat Floods
0.4,78.0,29.4,1001.1,19.2,0.0,6,1,1,ERA5 - 2023 Gujarat Floods
2.4,83.0,28.0,1001.0,16.0,0.0,7,1,1,ERA5 - 2023 Gujarat Floods
3.0,82.0,28.2,1000.3,20.9,0.0,8,1,1,ERA5 - 2023 Gujarat Floods
1.6,83.0,29.0,999.3,12.9,0.0,9,1,1,ERA5 - 2023 Gujarat Floods
1.6,85.0,27.7,999.0,20.7,0.0,10,1,1,ERA5 - 2023 Gujarat Floods
0.1,85.0,28.3,998.7,15.6,0.0,11,1,1,ERA5 - 2023 Gujarat Floods
0.3,86.0,27.7,999.4,14.4,0.0,12,1,1,ERA5 - 2023 Gujarat Floods
0.0,88.0,27.4,999.8,13.3,0.0,13,1,1,ERA5 - 2023 Gujarat Floods
0.4,89.0,26.7,1000.4,15.6,0.0,14,1,1,ERA5 - 2023 Gujarat Floods
0.5,92.0,26.3,1001.5,14.8,0.0,15,1,1,ERA5 - 2023 Gujarat Floods
0.1,93.0,25.9,1002.3,14.4,0.0,16,1,1,ERA5 - 2023 Gujarat Floods
0.0,94.0,25.7,1002.7,15.9,0.0,17,1,1,ERA5 - 2023 Gujarat Floods
0.0,94.0,25.5,1002.7,15.5,0.0,18,1,1,ERA5 - 2023 Gujarat Floods
0.0,95.0,25.3,1002.4,15.6,0.0,19,1,1,ERA5 - 2023 Gujarat Floods
0.0,95.0,25.1,1001.8,14.3,0.0,20,1,1,ERA5 - 2023 Gujarat Floods
0.0,95.0,24.9,1001.4,13.8,0.0,21,1,1,ERA5 - 2023 Gujarat Floods
0.0,96.0,25.0,1001.5,14.4,0.0,22,1,1,ERA5 - 2023 Gujarat Floods
0.1,96.0,25.0,1001.4,14.8,0.0,23,1,1,ERA5 - 2023 Gujarat Floods
0.1,88.0,27.3,1002.3,14.7,0.0,0,1,2,ERA5 - 2019 Cyclone Fani (Odisha)
0.1,83.0,28.5,1002.9,22.8,0.0,1,1,2,ERA5 - 2019 Cyclone Fani (Odisha)
0.2,80.0,29.2,1003.7,26.9,0.0,2,1,2,ERA5 - 2019 Cyclone Fani (Odisha)
0.2,78.0,29.6,1004.3,29.6,0.0,3,1,2,ERA5 - 2019 Cyclone Fani (Odisha)
0.2,76.0,30.0,1004.0,27.4,0.0,4,1,2,ERA5 - 2019 Cyclone Fani (Odisha)
0.0,78.0,29.9,1004.2,26.1,0.0,5,1,2,ERA5 - 2019 Cyclone Fani (Odisha)
0.0,68.0,31.7,1003.4,27.8,0.0,6,1,2,ERA5 - 2019 Cyclone Fani (Odisha)
0.1,67.0,31.7,1002.8,25.1,0.0,7,1,2,ERA5 - 2019 Cyclone Fani (Odisha)
1.7,66.0,30.6,1002.7,22.7,0.0,8,1,2,ERA5 - 2019 Cyclone Fani (Odisha)
0.3,76.0,29.6,1001.7,24.0,0.0,9,1,2,ERA5 - 2019 Cyclone Fani (Odisha)
3.5,90.0,28.0,1000.7,20.5,0.0,10,1,2,ERA5 - 2019 Cyclone Fani (Odisha)
2.8,92.0,27.4,1000.3,24.1,0.0,11,1,2,ERA5 - 2019 Cyclone Fani (Odisha)
0.9,90.0,27.5,999.9,21.3,0.0,12,1,2,ERA5 - 2019 Cyclone Fani (Odisha)
11.4,93.0,26.6,1000.2,25.7,0.0,13,1,2,ERA5 - 2019 Cyclone Fani (Odisha)
9.9,92.0,26.6,1000.7,31.0,0.0,14,1,2,ERA5 - 2019 Cyclone Fani (Odisha)
16.2,92.0,26.3,1001.2,38.0,0.0,15,1,2,ERA5 - 2019 Cyclone Fani (Odisha)
9.0,91.0,26.3,1001.5,35.8,0.0,16,1,2,ERA5 - 2019 Cyclone Fani (Odisha)
4.5,92.0,26.2,1000.9,33.7,0.0,17,1,2,ERA5 - 2019 Cyclone Fani (Odisha)
1.7,93.0,26.2,999.6,34.7,0.0,18,1,2,ERA5 - 2019 Cyclone Fani (Odisha)
14.0,92.0,26.3,997.9,34.2,0.0,19,1,2,ERA5 - 2019 Cyclone Fani (Odisha)
13.5,91.0,26.3,996.5,44.2,0.0,20,1,2,ERA5 - 2019 Cyclone Fani (Odisha)
4.9,91.0,26.6,994.8,42.2,0.0,21,1,2,ERA5 - 2019 Cyclone Fani (Odisha)
2.4,90.0,26.8,994.0,42.3,0.0,22,1,2,ERA5 - 2019 Cyclone Fani (Odisha)
3.2,90.0,26.8,993.1,47.5,0.0,23,1,2,ERA5 - 2019 Cyclone Fani (Odisha)
8.7,89.0,26.6,991.4,45.6,0.0,0,1,2,ERA5 - 2019 Cyclone Fani (Odisha)
3.9,85.0,27.1,989.7,48.3,0.0,1,1,2,ERA5 - 2019 Cyclone Fani (Odisha)
2.0,84.0,26.9,984.6,70.8,0.0,2,1,2,ERA5 - 2019 Cyclone Fani (Odisha)
2.0,86.0,27.1,977.2,80.1,0.0,3,1,2,ERA5 - 2019 Cyclone Fani (Odisha)
8.4,90.0,27.5,967.1,63.2,0.0,4,1,2,ERA5 - 2019 Cyclone Fani (Odisha)
6.3,91.0,26.5,969.4,73.3,0.0,5,1,2,ERA5 - 2019 Cyclone Fani (Odisha)
18.6,89.0,26.3,978.4,91.4,0.0,6,1,2,ERA5 - 2019 Cyclone Fani (Odisha)
25.8,86.0,26.9,985.4,80.3,0.0,7,1,2,ERA5 - 2019 Cyclone Fani (Odisha)
5.8,86.0,26.8,988.4,63.8,0.0,8,1,2,ERA5 - 2019 Cyclone Fani (Odisha)
7.3,86.0,27.0,989.8,55.9,0.0,9,1,2,ERA5 - 2019 Cyclone Fani (Odisha)
8.7,86.0,26.8,991.6,48.8,0.0,10,1,2,ERA5 - 2019 Cyclone Fani (Odisha)
6.6,86.0,26.8,992.5,48.2,0.0,11,1,2,ERA5 - 2019 Cyclone Fani (Odisha)
4.2,83.0,26.6,996.6,35.7,0.0,12,1,2,ERA5 - 2019 Cyclone Fani (Odisha)
1.3,82.0,26.2,997.9,35.2,0.0,13,1,2,ERA5 - 2019 Cyclone Fani (Odisha)
0.7,74.0,26.7,999.9,36.0,0.0,14,1,2,ERA5 - 2019 Cyclone Fani (Odisha)
0.2,70.0,27.2,1001.8,31.0,0.0,15,1,2,ERA5 - 2019 Cyclone Fani (Odisha)
0.0,79.0,29.0,1002.5,30.1,0.0,16,1,2,ERA5 - 2019 Cyclone Fani (Odisha)
0.0,94.0,28.6,1003.2,27.1,0.0,17,1,2,ERA5 - 2019 Cyclone Fani (Odisha)
0.7,94.0,28.6,1002.9,27.3,0.0,18,1,2,ERA5 - 2019 Cyclone Fani (Odisha)
0.0,94.0,28.2,1002.3,24.2,0.0,19,1,2,ERA5 - 2019 Cyclone Fani (Odisha)
0.0,94.0,28.2,1001.7,21.2,0.0,20,1,2,ERA5 - 2019 Cyclone Fani (Odisha)
0.0,96.0,28.1,1001.5,20.4,0.0,21,1,2,ERA5 - 2019 Cyclone Fani (Odisha)
0.0,96.0,27.9,1001.6,17.3,0.0,22,1,2,ERA5 - 2019 Cyclone Fani (Odisha)
0.0,96.0,27.8,1002.2,16.3,0.0,23,1,2,ERA5 - 2019 Cyclone Fani (Odisha)
0.0,97.0,27.4,1003.3,15.0,0.0,0,1,2,ERA5 - 2019 Cyclone Fani (Odisha)
0.0,94.0,28.4,1004.4,14.4,0.0,1,1,2,ERA5 - 2019 Cyclone Fani (Odisha)
0.0,88.0,29.3,1005.1,14.1,0.0,2,1,2,ERA5 - 2019 Cyclone Fani (Odisha)
0.0,83.0,30.1,1005.2,19.1,0.0,3,1,2,ERA5 - 2019 Cyclone Fani (Odisha)
0.0,81.0,30.5,1005.4,22.7,0.0,4,1,2,ERA5 - 2019 Cyclone Fani (Odisha)
0.0,80.0,30.9,1005.4,26.2,0.0,5,1,2,ERA5 - 2019 Cyclone Fani (Odisha)
0.0,80.0,30.9,1005.3,26.7,0.0,6,1,2,ERA5 - 2019 Cyclone Fani (Odisha)
0.0,80.0,30.8,1004.6,24.4,0.0,7,1,2,ERA5 - 2019 Cyclone Fani (Odisha)
0.0,80.0,30.9,1003.7,24.7,0.0,8,1,2,ERA5 - 2019 Cyclone Fani (Odisha)
0.0,80.0,30.9,1003.1,24.9,0.0,9,1,2,ERA5 - 2019 Cyclone Fani (Odisha)
0.0,82.0,30.6,1003.1,23.2,0.0,10,1,2,ERA5 - 2019 Cyclone Fani (Odisha)
0.0,86.0,30.1,1003.0,21.5,0.0,11,1,2,ERA5 - 2019 Cyclone Fani (Odisha)
0.0,89.0,29.5,1003.7,15.6,0.0,12,1,2,ERA5 - 2019 Cyclone Fani (Odisha)
0.0,91.0,29.0,1004.4,16.6,0.0,13,1,2,ERA5 - 2019 Cyclone Fani (Odisha)
0.0,92.0,28.7,1005.4,16.7,0.0,14,1,2,ERA5 - 2019 Cyclone Fani (Odisha)
0.0,93.0,28.5,1006.2,14.3,0.0,15,1,2,ERA5 - 2019 Cyclone Fani (Odisha)
0.0,94.0,28.2,1006.9,12.6,0.0,16,1,2,ERA5 - 2019 Cyclone Fani (Odisha)
0.0,95.0,28.0,1007.3,11.7,0.0,17,1,2,ERA5 - 2019 Cyclone Fani (Odisha)
0.0,95.0,27.8,1006.9,12.1,0.0,18,1,2,ERA5 - 2019 Cyclone Fani (Odisha)
0.0,95.0,27.7,1006.3,13.6,0.0,19,1,2,ERA5 - 2019 Cyclone Fani (Odisha)
0.0,95.0,27.6,1005.6,14.6,0.0,20,1,2,ERA5 - 2019 Cyclone Fani (Odisha)
0.0,95.0,27.6,1005.0,16.4,0.0,21,1,2,ERA5 - 2019 Cyclone Fani (Odisha)
0.0,94.0,27.7,1004.8,19.3,0.0,22,1,2,ERA5 - 2019 Cyclone Fani (Odisha)
0.0,95.0,27.6,1005.0,19.3,0.0,23,1,2,ERA5 - 2019 Cyclone Fani (Odisha)
0.0,92.0,27.7,999.1,8.7,0.0,0,1,2,ERA5 - 2020 Cyclone Amphan (West Bengal)
0.0,88.0,28.7,999.8,8.8,0.0,1,1,2,ERA5 - 2020 Cyclone Amphan (West Bengal)
0.0,85.0,29.4,1000.2,12.2,0.0,2,1,2,ERA5 - 2020 Cyclone Amphan (West Bengal)
0.1,79.0,30.6,1000.6,15.6,0.0,3,1,2,ERA5 - 2020 Cyclone Amphan (West Bengal)
0.0,78.0,30.8,1000.6,13.7,0.0,4,1,2,ERA5 - 2020 Cyclone Amphan (West Bengal)
0.0,66.0,32.4,1000.6,13.4,0.0,5,1,2,ERA5 - 2020 Cyclone Amphan (West Bengal)
0.0,68.0,31.7,1000.2,14.8,0.0,6,1,2,ERA5 - 2020 Cyclone Amphan (West Bengal)
0.0,70.0,31.3,999.4,15.0,0.0,7,1,2,ERA5 - 2020 Cyclone Amphan (West Bengal)
0.0,72.0,30.8,998.3,15.1,0.0,8,1,2,ERA5 - 2020 Cyclone Amphan (West Bengal)
0.0,68.0,31.5,997.8,15.9,0.0,9,1,2,ERA5 - 2020 Cyclone Amphan (West Bengal)
0.0,72.0,30.8,997.5,13.7,0.0,10,1,2,ERA5 - 2020 Cyclone Amphan (West Bengal)
0.0,76.0,30.2,997.8,11.5,0.0,11,1,2,ERA5 - 2020 Cyclone Amphan (West Bengal)
0.0,88.0,27.0,998.3,17.3,0.0,12,1,2,ERA5 - 2020 Cyclone Amphan (West Bengal)
1.9,90.0,25.4,998.7,13.8,0.0,13,1,2,ERA5 - 2020 Cyclone Amphan (West Bengal)
2.0,92.0,25.6,998.7,13.6,0.0,14,1,2,ERA5 - 2020 Cyclone Amphan (West Bengal)
0.2,94.0,25.8,999.1,14.3,0.0,15,1,2,ERA5 - 2020 Cyclone Amphan (West Bengal)
0.2,93.0,25.7,999.6,15.8,0.0,16,1,2,ERA5 - 2020 Cyclone Amphan (West Bengal)
0.4,92.0,25.3,999.5,15.5,0.0,17,1,2,ERA5 - 2020 Cyclone Amphan (West Bengal)
0.7,92.0,25.0,998.2,16.8,0.0,18,1,2,ERA5 - 2020 Cyclone Amphan (West Bengal)
0.2,89.0,24.8,996.8,18.2,0.0,19,1,2,ERA5 - 2020 Cyclone Amphan (West Bengal)
0.1,89.0,24.9,996.3,20.2,0.0,20,1,2,ERA5 - 2020 Cyclone Amphan (West Bengal)
1.0,90.0,24.8,995.7,20.5,0.0,21,1,2,ERA5 - 2020 Cyclone Amphan (West Bengal)
0.5,94.0,24.7,995.4,20.2,0.0,22,1,2,ERA5 - 2020 Cyclone Amphan (West Bengal)
1.3,94.0,24.6,995.7,18.9,0.0,23,1,2,ERA5 - 2020 Cyclone Amphan (West Bengal)
2.0,91.0,23.9,993.9,28.6,0.0,0,1,2,ERA5 - 2020 Cyclone Amphan (West Bengal)
1.7,91.0,24.5,993.6,33.4,0.0,1,1,2,ERA5 - 2020 Cyclone Amphan (West Bengal)
5.9,92.0,24.9,993.1,35.4,0.0,2,1,2,ERA5 - 2020 Cyclone Amphan (West Bengal)
2.7,93.0,25.5,992.8,37.6,0.0,3,1,2,ERA5 - 2020 Cyclone Amphan (West Bengal)
0.8,94.0,26.1,992.8,31.8,0.0,4,1,2,ERA5 - 2020 Cyclone Amphan (West Bengal)
1.4,92.0,26.8,991.5,31.3,0.0,5,1,2,ERA5 - 2020 Cyclone Amphan (West Bengal)
0.9,91.0,27.7,990.0,31.6,0.0,6,1,2,ERA5 - 2020 Cyclone Amphan (West Bengal)
0.2,84.0,28.2,988.6,40.5,0.0,7,1,2,ERA5 - 2020 Cyclone Amphan (West Bengal)
1.4,88.0,27.5,987.3,36.8,0.0,8,1,2,ERA5 - 2020 Cyclone Amphan (West Bengal)
3.4,89.0,26.8,985.0,39.7,0.0,9,1,2,ERA5 - 2020 Cyclone Amphan (West Bengal)
2.0,89.0,26.5,982.7,47.5,0.0,10,1,2,ERA5 - 2020 Cyclone Amphan (West Bengal)
3.9,90.0,26.0,980.1,55.7,0.0,11,1,2,ERA5 - 2020 Cyclone Amphan (West Bengal)
5.9,91.0,25.1,976.2,65.6,0.0,12,1,2,ERA5 - 2020 Cyclone Amphan (West Bengal)
17.2,91.0,25.4,970.3,68.9,0.0,13,1,2,ERA5 - 2020 Cyclone Amphan (West Bengal)
25.9,91.0,25.3,964.5,53.8,0.0,14,1,2,ERA5 - 2020 Cyclone Amphan (West Bengal)
14.7,93.0,25.0,965.5,42.8,0.0,15,1,2,ERA5 - 2020 Cyclone Amphan (West Bengal)
3.2,92.0,25.1,976.5,42.5,0.0,16,1,2,ERA5 - 2020 Cyclone Amphan (West Bengal)
1.6,92.0,23.7,982.8,41.8,0.0,17,1,2,ERA5 - 2020 Cyclone Amphan (West Bengal)
1.2,91.0,23.4,986.0,38.8,0.0,18,1,2,ERA5 - 2020 Cyclone Amphan (West Bengal)
1.6,91.0,23.4,987.5,37.5,0.0,19,1,2,ERA5 - 2020 Cyclone Amphan (West Bengal)
2.5,91.0,23.3,988.7,36.7,0.0,20,1,2,ERA5 - 2020 Cyclone Amphan (West Bengal)
2.6,91.0,23.4,989.6,36.2,0.0,21,1,2,ERA5 - 2020 Cyclone Amphan (West Bengal)
1.1,91.0,23.5,990.4,33.5,0.0,22,1,2,ERA5 - 2020 Cyclone Amphan (West Bengal)
0.2,89.0,23.8,991.3,29.4,0.0,23,1,2,ERA5 - 2020 Cyclone Amphan (West Bengal)
0.0,90.0,23.7,992.2,27.2,0.0,0,1,2,ERA5 - 2020 Cyclone Amphan (West Bengal)
0.0,88.0,24.2,993.3,26.1,0.0,1,1,2,ERA5 - 2020 Cyclone Amphan (West Bengal)
0.1,85.0,24.8,994.7,24.1,0.0,2,1,2,ERA5 - 2020 Cyclone Amphan (West Bengal)
0.1,82.0,25.4,995.8,26.6,0.0,3,1,2,ERA5 - 2020 Cyclone Amphan (West Bengal)
0.0,76.0,26.5,996.3,23.3,0.0,4,1,2,ERA5 - 2020 Cyclone Amphan (West Bengal)
0.1,72.0,27.7,996.6,22.0,0.0,5,1,2,ERA5 - 2020 Cyclone Amphan (West Bengal)
0.1,72.0,27.9,996.8,20.4,0.0,6,1,2,ERA5 - 2020 Cyclone Amphan (West Bengal)
0.0,71.0,28.3,996.8,21.3,0.0,7,1,2,ERA5 - 2020 Cyclone Amphan (West Bengal)
0.0,73.0,28.0,996.6,17.0,0.0,8,1,2,ERA5 - 2020 Cyclone Amphan (West Bengal)
0.0,72.0,28.4,996.1,15.1,0.0,9,1,2,ERA5 - 2020 Cyclone Amphan (West Bengal)
0.0,68.0,29.3,995.9,18.8,0.0,10,1,2,ERA5 - 2020 Cyclone Amphan (West Bengal)
0.0,71.0,28.9,996.4,14.6,0.0,11,1,2,ERA5 - 2020 Cyclone Amphan (West Bengal)
0.0,79.0,26.6,997.8,12.0,0.0,12,1,2,ERA5 - 2020 Cyclone Amphan (West Bengal)
0.0,81.0,25.9,998.6,11.4,0.0,13,1,2,ERA5 - 2020 Cyclone Amphan (West Bengal)
0.0,81.0,25.4,999.9,10.7,0.0,14,1,2,ERA5 - 2020 Cyclone Amphan (West Bengal)
0.0,83.0,24.9,1000.6,9.4,0.0,15,1,2,ERA5 - 2020 Cyclone Amphan (West Bengal)
0.0,83.0,24.8,1001.2,11.9,0.0,16,1,2,ERA5 - 2020 Cyclone Amphan (West Bengal)
0.0,83.0,24.8,1001.2,11.9,0.0,17,1,2,ERA5 - 2020 Cyclone Amphan (West Bengal)
0.0,84.0,24.7,1001.0,11.4,0.0,18,1,2,ERA5 - 2020 Cyclone Amphan (West Bengal)
0.0,85.0,24.5,1000.4,10.0,0.0,19,1,2,ERA5 - 2020 Cyclone Amphan (West Bengal)
0.0,84.0,24.6,1000.0,10.9,0.0,20,1,2,ERA5 - 2020 Cyclone Amphan (West Bengal)
0.0,82.0,24.7,999.6,9.8,0.0,21,1,2,ERA5 - 2020 Cyclone Amphan (West Bengal)
0.0,83.0,24.6,999.8,9.2,0.0,22,1,2,ERA5 - 2020 Cyclone Amphan (West Bengal)
0.0,83.0,24.5,1000.5,8.4,0.0,23,1,2,ERA5 - 2020 Cyclone Amphan (West Bengal)
0.0,92.0,24.5,1008.0,21.6,0.0,0,1,2,ERA5 - 2020 Cyclone Nivar (Tamil Nadu)
0.1,91.0,24.7,1008.6,21.3,0.0,1,1,2,ERA5 - 2020 Cyclone Nivar (Tamil Nadu)
0.4,87.0,24.9,1009.8,21.8,0.0,2,1,2,ERA5 - 2020 Cyclone Nivar (Tamil Nadu)
1.0,88.0,25.1,1010.7,20.3,0.0,3,1,2,ERA5 - 2020 Cyclone Nivar (Tamil Nadu)
1.5,90.0,25.2,1011.1,21.1,0.0,4,1,2,ERA5 - 2020 Cyclone Nivar (Tamil Nadu)
0.2,89.0,25.6,1010.5,22.7,0.0,5,1,2,ERA5 - 2020 Cyclone Nivar (Tamil Nadu)
0.4,83.0,26.9,1009.4,26.4,0.0,6,1,2,ERA5 - 2020 Cyclone Nivar (Tamil Nadu)
1.1,87.0,25.9,1008.3,24.9,0.0,7,1,2,ERA5 - 2020 Cyclone Nivar (Tamil Nadu)
0.2,83.0,26.8,1007.5,27.1,0.0,8,1,2,ERA5 - 2020 Cyclone Nivar (Tamil Nadu)
0.6,83.0,26.2,1006.7,23.7,0.0,9,1,2,ERA5 - 2020 Cyclone Nivar (Tamil Nadu)
0.7,85.0,25.9,1006.8,26.8,0.0,10,1,2,ERA5 - 2020 Cyclone Nivar (Tamil Nadu)
0.3,85.0,25.7,1007.1,25.5,0.0,11,1,2,ERA5 - 2020 Cyclone Nivar (Tamil Nadu)
0.2,88.0,25.0,1007.2,23.5,0.0,12,1,2,ERA5 - 2020 Cyclone Nivar (Tamil Nadu)
0.3,87.0,24.9,1007.2,25.2,0.0,13,1,2,ERA5 - 2020 Cyclone Nivar (Tamil Nadu)
1.4,88.0,24.8,1008.2,23.4,0.0,14,1,2,ERA5 - 2020 Cyclone Nivar (Tamil Nadu)
1.0,91.0,24.4,1009.2,22.3,0.0,15,1,2,ERA5 - 2020 Cyclone Nivar (Tamil Nadu)
0.6,89.0,24.5,1008.9,25.7,0.0,16,1,2,ERA5 - 2020 Cyclone Nivar (Tamil Nadu)
0.1,89.0,24.5,1007.7,26.5,0.0,17,1,2,ERA5 - 2020 Cyclone Nivar (Tamil Nadu)
0.4,91.0,24.2,1007.8,27.1,0.0,18,1,2,ERA5 - 2020 Cyclone Nivar (Tamil Nadu)
2.3,91.0,24.2,1006.7,25.3,0.0,19,1,2,ERA5 - 2020 Cyclone Nivar (Tamil Nadu)
6.3,91.0,24.0,1005.8,27.2,0.0,20,1,2,ERA5 - 2020 Cyclone Nivar (Tamil Nadu)
11.3,91.0,23.9,1004.6,26.8,0.0,21,1,2,ERA5 - 2020 Cyclone Nivar (Tamil Nadu)
3.9,91.0,24.0,1004.2,33.4,0.0,22,1,2,ERA5 - 2020 Cyclone Nivar (Tamil Nadu)
1.1,91.0,23.9,1004.7,29.5,0.0,23,1,2,ERA5 - 2020 Cyclone Nivar (Tamil Nadu)
1.4,89.0,23.8,1004.4,29.0,0.0,0,1,2,ERA5 - 2020 Cyclone Nivar (Tamil Nadu)
1.8,89.0,23.7,1005.1,28.4,0.0,1,1,2,ERA5 - 2020 Cyclone Nivar (Tamil Nadu)
1.8,90.0,23.5,1005.7,30.3,0.0,2,1,2,ERA5 - 2020 Cyclone Nivar (Tamil Nadu)
3.4,91.0,23.8,1006.1,31.4,0.0,3,1,2,ERA5 - 2020 Cyclone Nivar (Tamil Nadu)
5.1,92.0,24.2,1006.6,31.6,0.0,4,1,2,ERA5 - 2020 Cyclone Nivar (Tamil Nadu)
5.7,92.0,24.3,1005.9,31.2,0.0,5,1,2,ERA5 - 2020 Cyclone Nivar (Tamil Nadu)
1.9,92.0,24.5,1004.1,36.1,0.0,6,1,2,ERA5 - 2020 Cyclone Nivar (Tamil Nadu)
3.1,91.0,24.8,1002.5,43.2,0.0,7,1,2,ERA5 - 2020 Cyclone Nivar (Tamil Nadu)
7.1,90.0,24.7,1000.6,42.4,0.0,8,1,2,ERA5 - 2020 Cyclone Nivar (Tamil Nadu)
4.7,91.0,24.7,999.9,40.5,0.0,9,1,2,ERA5 - 2020 Cyclone Nivar (Tamil Nadu)
10.7,91.0,24.7,998.6,39.6,0.0,10,1,2,ERA5 - 2020 Cyclone Nivar (Tamil Nadu)
14.8,90.0,25.0,997.8,48.6,0.0,11,1,2,ERA5 - 2020 Cyclone Nivar (Tamil Nadu)
8.6,91.0,24.3,1000.9,31.0,0.0,12,1,2,ERA5 - 2020 Cyclone Nivar (Tamil Nadu)
14.2,90.0,24.3,1000.1,38.3,0.0,13,1,2,ERA5 - 2020 Cyclone Nivar (Tamil Nadu)
28.6,90.0,24.1,1000.1,38.0,0.0,14,1,2,ERA5 - 2020 Cyclone Nivar (Tamil Nadu)
14.3,93.0,24.1,1000.2,32.9,0.0,15,1,2,ERA5 - 2020 Cyclone Nivar (Tamil Nadu)
3.3,92.0,24.2,999.7,40.6,0.0,16,1,2,ERA5 - 2020 Cyclone Nivar (Tamil Nadu)
7.0,92.0,24.1,998.6,44.9,0.0,17,1,2,ERA5 - 2020 Cyclone Nivar (Tamil Nadu)
17.1,91.0,24.2,996.8,45.9,0.0,18,1,2,ERA5 - 2020 Cyclone Nivar (Tamil Nadu)
10.4,91.0,24.2,996.8,39.9,0.0,19,1,2,ERA5 - 2020 Cyclone Nivar (Tamil Nadu)
11.0,91.0,24.0,996.8,39.0,0.0,20,1,2,ERA5 - 2020 Cyclone Nivar (Tamil Nadu)
16.2,89.0,23.9,996.9,41.7,0.0,21,1,2,ERA5 - 2020 Cyclone Nivar (Tamil Nadu)
13.9,89.0,23.7,997.6,36.2,0.0,22,1,2,ERA5 - 2020 Cyclone Nivar (Tamil Nadu)
7.2,89.0,23.5,998.0,39.6,0.0,23,1,2,ERA5 - 2020 Cyclone Nivar (Tamil Nadu)
2.6,86.0,24.3,998.5,39.5,0.0,0,1,2,ERA5 - 2020 Cyclone Nivar (Tamil Nadu)
8.4,88.0,23.9,1000.5,38.7,0.0,1,1,2,ERA5 - 2020 Cyclone Nivar (Tamil Nadu)
8.3,88.0,23.9,1002.4,33.6,0.0,2,1,2,ERA5 - 2020 Cyclone Nivar (Tamil Nadu)
3.7,89.0,24.1,1004.1,30.3,0.0,3,1,2,ERA5 - 2020 Cyclone Nivar (Tamil Nadu)
1.5,87.0,25.0,1005.1,31.0,0.0,4,1,2,ERA5 - 2020 Cyclone Nivar (Tamil Nadu)
0.3,85.0,25.6,1004.9,33.5,0.0,5,1,2,ERA5 - 2020 Cyclone Nivar (Tamil Nadu)
0.0,77.0,27.5,1004.1,37.4,0.0,6,1,2,ERA5 - 2020 Cyclone Nivar (Tamil Nadu)
0.2,75.0,28.5,1003.6,35.4,0.0,7,1,2,ERA5 - 2020 Cyclone Nivar (Tamil Nadu)
0.1,71.0,28.9,1002.6,31.7,0.0,8,1,2,ERA5 - 2020 Cyclone Nivar (Tamil Nadu)
0.0,69.0,29.2,1002.3,30.8,0.0,9,1,2,ERA5 - 2020 Cyclone Nivar (Tamil Nadu)
0.0,74.0,28.3,1002.8,27.6,0.0,10,1,2,ERA5 - 2020 Cyclone Nivar (Tamil Nadu)
0.0,74.0,28.3,1003.8,25.6,0.0,11,1,2,ERA5 - 2020 Cyclone Nivar (Tamil Nadu)
0.0,72.0,27.3,1004.7,16.6,0.0,12,1,2,ERA5 - 2020 Cyclone Nivar (Tamil Nadu)
0.0,79.0,27.0,1005.3,20.5,0.0,13,1,2,ERA5 - 2020 Cyclone Nivar (Tamil Nadu)
0.0,79.0,26.9,1005.9,22.1,0.0,14,1,2,ERA5 - 2020 Cyclone Nivar (Tamil Nadu)
0.0,83.0,26.1,1007.6,16.9,0.0,15,1,2,ERA5 - 2020 Cyclone Nivar (Tamil Nadu)
0.1,86.0,25.8,1008.1,21.9,0.0,16,1,2,ERA5 - 2020 Cyclone Nivar (Tamil Nadu)
0.0,89.0,25.5,1008.3,22.9,0.0,17,1,2,ERA5 - 2020 Cyclone Nivar (Tamil Nadu)
0.0,89.0,25.5,1007.6,24.8,0.0,18,1,2,ERA5 - 2020 Cyclone Nivar (Tamil Nadu)
0.0,91.0,25.3,1006.9,23.7,0.0,19,1,2,ERA5 - 2020 Cyclone Nivar (Tamil Nadu)
0.0,92.0,25.0,1006.5,22.0,0.0,20,1,2,ERA5 - 2020 Cyclone Nivar (Tamil Nadu)
0.0,93.0,24.5,1006.0,18.1,0.0,21,1,2,ERA5 - 2020 Cyclone Nivar (Tamil Nadu)
0.0,94.0,24.2,1006.0,18.6,0.0,22,1,2,ERA5 - 2020 Cyclone Nivar (Tamil Nadu)
0.0,94.0,24.1,1006.3,17.6,0.0,23,1,2,ERA5 - 2020 Cyclone Nivar (Tamil Nadu)
0.0,44.0,31.7,997.3,22.4,0.0,0,1,2,ERA5 - 2021 Cyclone Tauktae (Gujarat)
0.0,48.0,31.6,997.9,22.9,0.0,1,1,2,ERA5 - 2021 Cyclone Tauktae (Gujarat)
0.0,46.0,32.9,998.8,18.7,0.0,2,1,2,ERA5 - 2021 Cyclone Tauktae (Gujarat)
0.0,48.0,33.5,999.9,18.2,0.0,3,1,2,ERA5 - 2021 Cyclone Tauktae (Gujarat)
0.0,37.0,36.0,1000.0,14.6,0.0,4,1,2,ERA5 - 2021 Cyclone Tauktae (Gujarat)
0.0,29.0,38.1,1000.0,16.6,0.0,5,1,2,ERA5 - 2021 Cyclone Tauktae (Gujarat)
0.0,36.0,37.5,999.7,18.5,0.0,6,1,2,ERA5 - 2021 Cyclone Tauktae (Gujarat)
0.0,33.0,38.2,998.9,16.2,0.0,7,1,2,ERA5 - 2021 Cyclone Tauktae (Gujarat)
0.0,40.0,36.9,998.4,18.6,0.0,8,1,2,ERA5 - 2021 Cyclone Tauktae (Gujarat)
0.0,36.0,37.9,997.4,15.0,0.0,9,1,2,ERA5 - 2021 Cyclone Tauktae (Gujarat)
0.0,32.0,39.1,996.4,13.7,0.0,10,1,2,ERA5 - 2021 Cyclone Tauktae (Gujarat)
0.0,35.0,38.4,996.1,16.3,0.0,11,1,2,ERA5 - 2021 Cyclone Tauktae (Gujarat)
0.0,33.0,37.3,995.5,26.2,0.0,12,1,2,ERA5 - 2021 Cyclone Tauktae (Gujarat)
0.0,41.0,34.8,996.0,21.9,0.0,13,1,2,ERA5 - 2021 Cyclone Tauktae (Gujarat)
0.0,43.0,34.2,996.5,21.9,0.0,14,1,2,ERA5 - 2021 Cyclone Tauktae (Gujarat)
0.0,43.0,34.1,997.4,20.2,0.0,15,1,2,ERA5 - 2021 Cyclone Tauktae (Gujarat)
0.0,45.0,33.8,998.2,22.2,0.0,16,1,2,ERA5 - 2021 Cyclone Tauktae (Gujarat)
0.0,55.0,31.5,998.6,21.6,0.0,17,1,2,ERA5 - 2021 Cyclone Tauktae (Gujarat)
0.1,61.0,30.7,998.9,22.8,0.0,18,1,2,ERA5 - 2021 Cyclone Tauktae (Gujarat)
0.1,66.0,30.0,998.4,24.4,0.0,19,1,2,ERA5 - 2021 Cyclone Tauktae (Gujarat)
0.0,65.0,30.0,997.5,24.6,0.0,20,1,2,ERA5 - 2021 Cyclone Tauktae (Gujarat)
0.4,68.0,29.0,997.0,27.4,0.0,21,1,2,ERA5 - 2021 Cyclone Tauktae (Gujarat)
0.0,63.0,29.5,996.0,28.1,0.0,22,1,2,ERA5 - 2021 Cyclone Tauktae (Gujarat)
0.1,67.0,29.1,996.0,26.4,0.0,23,1,2,ERA5 - 2021 Cyclone Tauktae (Gujarat)
0.0,70.0,29.0,995.7,30.1,0.0,0,1,2,ERA5 - 2021 Cyclone Tauktae (Gujarat)
0.0,69.0,29.3,995.8,30.8,0.0,1,1,2,ERA5 - 2021 Cyclone Tauktae (Gujarat)
0.0,69.0,29.5,995.8,29.1,0.0,2,1,2,ERA5 - 2021 Cyclone Tauktae (Gujarat)
0.0,64.0,30.5,996.3,33.1,0.0,3,1,2,ERA5 - 2021 Cyclone Tauktae (Gujarat)
0.0,58.0,31.1,997.1,37.8,0.0,4,1,2,ERA5 - 2021 Cyclone Tauktae (Gujarat)
0.3,60.0,30.6,997.0,36.6,0.0,5,1,2,ERA5 - 2021 Cyclone Tauktae (Gujarat)
3.4,82.0,27.6,996.8,32.9,0.0,6,1,2,ERA5 - 2021 Cyclone Tauktae (Gujarat)
3.5,85.0,26.9,995.8,36.9,0.0,7,1,2,ERA5 - 2021 Cyclone Tauktae (Gujarat)
2.9,85.0,26.7,994.2,40.2,0.0,8,1,2,ERA5 - 2021 Cyclone Tauktae (Gujarat)
1.4,84.0,26.7,992.8,44.5,0.0,9,1,2,ERA5 - 2021 Cyclone Tauktae (Gujarat)
8.3,85.0,26.6,990.1,49.0,0.0,10,1,2,ERA5 - 2021 Cyclone Tauktae (Gujarat)
6.5,85.0,26.6,988.0,53.9,0.0,11,1,2,ERA5 - 2021 Cyclone Tauktae (Gujarat)
10.7,90.0,25.3,989.5,50.8,0.0,12,1,2,ERA5 - 2021 Cyclone Tauktae (Gujarat)
8.1,89.0,25.6,987.8,56.4,0.0,13,1,2,ERA5 - 2021 Cyclone Tauktae (Gujarat)
10.1,90.0,25.5,984.3,71.7,0.0,14,1,2,ERA5 - 2021 Cyclone Tauktae (Gujarat)
10.4,88.0,25.9,978.2,92.7,0.0,15,1,2,ERA5 - 2021 Cyclone Tauktae (Gujarat)
28.1,90.0,26.4,973.0,105.6,0.0,16,1,2,ERA5 - 2021 Cyclone Tauktae (Gujarat)
17.5,89.0,26.6,965.7,91.1,0.0,17,1,2,ERA5 - 2021 Cyclone Tauktae (Gujarat)
5.3,87.0,28.2,957.2,59.0,0.0,18,1,2,ERA5 - 2021 Cyclone Tauktae (Gujarat)
0.7,93.0,27.3,955.0,31.2,0.0,19,1,2,ERA5 - 2021 Cyclone Tauktae (Gujarat)
0.7,97.0,26.7,955.1,17.0,0.0,20,1,2,ERA5 - 2021 Cyclone Tauktae (Gujarat)
2.2,92.0,26.1,960.4,57.8,0.0,21,1,2,ERA5 - 2021 Cyclone Tauktae (Gujarat)
7.5,88.0,25.4,968.3,77.3,0.0,22,1,2,ERA5 - 2021 Cyclone Tauktae (Gujarat)
18.1,87.0,25.4,974.6,87.2,0.0,23,1,2,ERA5 - 2021 Cyclone Tauktae (Gujarat)
23.6,89.0,25.8,980.0,77.7,0.0,0,1,2,ERA5 - 2021 Cyclone Tauktae (Gujarat)
14.3,87.0,25.7,982.1,76.0,0.0,1,1,2,ERA5 - 2021 Cyclone Tauktae (Gujarat)
3.5,87.0,25.5,984.8,63.4,0.0,2,1,2,ERA5 - 2021 Cyclone Tauktae (Gujarat)
6.6,87.0,25.4,986.7,60.7,0.0,3,1,2,ERA5 - 2021 Cyclone Tauktae (Gujarat)
1.5,87.0,25.4,989.3,51.8,0.0,4,1,2,ERA5 - 2021 Cyclone Tauktae (Gujarat)
0.4,83.0,26.4,991.7,46.4,0.0,5,1,2,ERA5 - 2021 Cyclone Tauktae (Gujarat)
0.4,79.0,27.3,993.0,41.4,0.0,6,1,2,ERA5 - 2021 Cyclone Tauktae (Gujarat)
0.8,79.0,28.1,994.3,37.4,0.0,7,1,2,ERA5 - 2021 Cyclone Tauktae (Gujarat)
0.2,75.0,28.4,995.2,31.7,0.0,8,1,2,ERA5 - 2021 Cyclone Tauktae (Gujarat)
0.1,72.0,29.0,995.4,30.6,0.0,9,1,2,ERA5 - 2021 Cyclone Tauktae (Gujarat)
0.0,67.0,30.2,995.3,30.0,0.0,10,1,2,ERA5 - 2021 Cyclone Tauktae (Gujarat)
0.0,65.0,30.4,995.5,30.1,0.0,11,1,2,ERA5 - 2021 Cyclone Tauktae (Gujarat)
0.0,75.0,27.9,997.5,16.4,0.0,12,1,2,ERA5 - 2021 Cyclone Tauktae (Gujarat)
0.0,77.0,27.6,998.3,14.0,0.0,13,1,2,ERA5 - 2021 Cyclone Tauktae (Gujarat)
0.0,79.0,26.9,999.0,14.2,0.0,14,1,2,ERA5 - 2021 Cyclone Tauktae (Gujarat)
0.0,81.0,26.5,999.8,13.2,0.0,15,1,2,ERA5 - 2021 Cyclone Tauktae (Gujarat)
0.0,82.0,26.3,1000.4,13.0,0.0,16,1,2,ERA5 - 2021 Cyclone Tauktae (Gujarat)
0.0,84.0,26.3,1000.8,12.7,0.0,17,1,2,ERA5 - 2021 Cyclone Tauktae (Gujarat)
0.0,85.0,26.3,1001.2,12.6,0.0,18,1,2,ERA5 - 2021 Cyclone Tauktae (Gujarat)
0.0,87.0,26.2,1000.9,11.9,0.0,19,1,2,ERA5 - 2021 Cyclone Tauktae (Gujarat)
0.0,88.0,26.1,1000.3,11.6,0.0,20,1,2,ERA5 - 2021 Cyclone Tauktae (Gujarat)
0.0,89.0,26.1,999.7,11.3,0.0,21,1,2,ERA5 - 2021 Cyclone Tauktae (Gujarat)
0.0,88.0,26.3,999.4,12.1,0.0,22,1,2,ERA5 - 2021 Cyclone Tauktae (Gujarat)
0.0,88.0,26.3,999.7,12.2,0.0,23,1,2,ERA5 - 2021 Cyclone Tauktae (Gujarat)
1.4,91.0,25.8,994.3,22.3,0.0,0,1,2,ERA5 - 2021 Cyclone Yaas (Odisha/WB)
0.1,89.0,26.3,994.1,27.4,0.0,1,1,2,ERA5 - 2021 Cyclone Yaas (Odisha/WB)
0.1,88.0,26.9,994.6,25.9,0.0,2,1,2,ERA5 - 2021 Cyclone Yaas (Odisha/WB)
0.4,84.0,28.1,994.8,24.5,0.0,3,1,2,ERA5 - 2021 Cyclone Yaas (Odisha/WB)
1.1,88.0,28.0,994.5,26.0,0.0,4,1,2,ERA5 - 2021 Cyclone Yaas (Odisha/WB)
3.4,91.0,27.8,993.3,26.0,0.0,5,1,2,ERA5 - 2021 Cyclone Yaas (Odisha/WB)
0.3,81.0,28.7,992.2,28.6,0.0,6,1,2,ERA5 - 2021 Cyclone Yaas (Odisha/WB)
0.4,77.0,29.7,990.9,30.9,0.0,7,1,2,ERA5 - 2021 Cyclone Yaas (Odisha/WB)
0.2,78.0,29.3,988.8,32.8,0.0,8,1,2,ERA5 - 2021 Cyclone Yaas (Odisha/WB)
0.1,69.0,31.0,988.1,33.7,0.0,9,1,2,ERA5 - 2021 Cyclone Yaas (Odisha/WB)
4.5,85.0,28.9,987.8,26.7,0.0,10,1,2,ERA5 - 2021 Cyclone Yaas (Odisha/WB)
1.5,85.0,28.0,987.3,30.3,0.0,11,1,2,ERA5 - 2021 Cyclone Yaas (Odisha/WB)
1.3,91.0,26.4,988.9,33.0,0.0,12,1,2,ERA5 - 2021 Cyclone Yaas (Odisha/WB)
1.4,91.0,26.3,988.5,33.8,0.0,13,1,2,ERA5 - 2021 Cyclone Yaas (Odisha/WB)
0.4,88.0,26.4,988.9,34.3,0.0,14,1,2,ERA5 - 2021 Cyclone Yaas (Odisha/WB)
0.9,92.0,26.0,989.2,35.2,0.0,15,1,2,ERA5 - 2021 Cyclone Yaas (Odisha/WB)
1.5,91.0,25.8,989.3,35.5,0.0,16,1,2,ERA5 - 2021 Cyclone Yaas (Odisha/WB)
3.9,90.0,25.9,988.6,35.7,0.0,17,1,2,ERA5 - 2021 Cyclone Yaas (Odisha/WB)
7.6,89.0,25.7,987.2,38.9,0.0,18,1,2,ERA5 - 2021 Cyclone Yaas (Odisha/WB)
4.2,90.0,25.6,985.6,38.5,0.0,19,1,2,ERA5 - 2021 Cyclone Yaas (Odisha/WB)
7.0,92.0,25.5,984.0,41.0,0.0,20,1,2,ERA5 - 2021 Cyclone Yaas (Odisha/WB)
4.9,92.0,25.3,982.9,39.1,0.0,21,1,2,ERA5 - 2021 Cyclone Yaas (Odisha/WB)
3.9,91.0,25.3,982.4,40.5,0.0,22,1,2,ERA5 - 2021 Cyclone Yaas (Odisha/WB)
3.0,91.0,25.2,981.5,44.7,0.0,23,1,2,ERA5 - 2021 Cyclone Yaas (Odisha/WB)
3.1,91.0,24.9,976.2,54.7,0.0,0,1,2,ERA5 - 2021 Cyclone Yaas (Odisha/WB)
14.2,91.0,25.0,974.6,60.5,0.0,1,1,2,ERA5 - 2021 Cyclone Yaas (Odisha/WB)
15.9,92.0,24.8,974.3,57.8,0.0,2,1,2,ERA5 - 2021 Cyclone Yaas (Odisha/WB)
12.8,93.0,25.4,973.0,50.1,0.0,3,1,2,ERA5 - 2021 Cyclone Yaas (Odisha/WB)
6.4,90.0,26.7,972.6,40.9,0.0,4,1,2,ERA5 - 2021 Cyclone Yaas (Odisha/WB)
3.3,90.0,27.0,972.9,38.5,0.0,5,1,2,ERA5 - 2021 Cyclone Yaas (Odisha/WB)
1.2,92.0,27.4,973.2,24.6,0.0,6,1,2,ERA5 - 2021 Cyclone Yaas (Odisha/WB)
0.1,80.0,30.0,973.4,15.8,0.0,7,1,2,ERA5 - 2021 Cyclone Yaas (Odisha/WB)
0.0,79.0,30.0,974.4,20.7,0.0,8,1,2,ERA5 - 2021 Cyclone Yaas (Odisha/WB)
0.1,79.0,28.7,975.0,22.5,0.0,9,1,2,ERA5 - 2021 Cyclone Yaas (Odisha/WB)
0.1,82.0,28.2,975.8,26.7,0.0,10,1,2,ERA5 - 2021 Cyclone Yaas (Odisha/WB)
0.1,83.0,27.1,977.5,32.6,0.0,11,1,2,ERA5 - 2021 Cyclone Yaas (Odisha/WB)
0.0,83.0,26.3,981.0,43.8,0.0,12,1,2,ERA5 - 2021 Cyclone Yaas (Odisha/WB)
0.3,85.0,26.2,982.6,43.1,0.0,13,1,2,ERA5 - 2021 Cyclone Yaas (Odisha/WB)
0.3,86.0,26.0,984.1,42.1,0.0,14,1,2,ERA5 - 2021 Cyclone Yaas (Odisha/WB)
0.2,85.0,26.0,985.8,40.0,0.0,15,1,2,ERA5 - 2021 Cyclone Yaas (Odisha/WB)
0.2,86.0,25.9,987.2,37.9,0.0,16,1,2,ERA5 - 2021 Cyclone Yaas (Odisha/WB)
0.3,86.0,26.0,988.0,37.6,0.0,17,1,2,ERA5 - 2021 Cyclone Yaas (Odisha/WB)
0.4,86.0,25.9,988.1,37.2,0.0,18,1,2,ERA5 - 2021 Cyclone Yaas (Odisha/WB)
0.5,88.0,25.3,988.0,33.5,0.0,19,1,2,ERA5 - 2021 Cyclone Yaas (Odisha/WB)
0.2,87.0,25.2,987.9,32.4,0.0,20,1,2,ERA5 - 2021 Cyclone Yaas (Odisha/WB)
0.5,87.0,24.9,988.0,31.9,0.0,21,1,2,ERA5 - 2021 Cyclone Yaas (Odisha/WB)
0.1,86.0,25.1,988.4,31.8,0.0,22,1,2,ERA5 - 2021 Cyclone Yaas (Odisha/WB)
0.1,84.0,25.1,989.4,29.9,0.0,23,1,2,ERA5 - 2021 Cyclone Yaas (Odisha/WB)
0.1,87.0,25.6,989.8,27.3,0.0,0,1,2,ERA5 - 2021 Cyclone Yaas (Odisha/WB)
0.2,84.0,26.5,991.3,27.9,0.0,1,1,2,ERA5 - 2021 Cyclone Yaas (Odisha/WB)
0.1,81.0,27.7,992.3,25.4,0.0,2,1,2,ERA5 - 2021 Cyclone Yaas (Odisha/WB)
0.0,75.0,29.3,993.0,28.3,0.0,3,1,2,ERA5 - 2021 Cyclone Yaas (Odisha/WB)
0.0,68.0,30.8,993.5,31.6,0.0,4,1,2,ERA5 - 2021 Cyclone Yaas (Odisha/WB)
0.1,65.0,31.3,993.8,30.7,0.0,5,1,2,ERA5 - 2021 Cyclone Yaas (Odisha/WB)
0.1,65.0,31.7,994.1,28.2,0.0,6,1,2,ERA5 - 2021 Cyclone Yaas (Odisha/WB)
0.0,65.0,31.7,993.6,23.4,0.0,7,1,2,ERA5 - 2021 Cyclone Yaas (Odisha/WB)
0.1,67.0,31.6,993.4,22.7,0.0,8,1,2,ERA5 - 2021 Cyclone Yaas (Odisha/WB)
0.0,66.0,31.6,993.2,22.5,0.0,9,1,2,ERA5 - 2021 Cyclone Yaas (Odisha/WB)
0.1,66.0,31.5,993.1,20.2,0.0,10,1,2,ERA5 - 2021 Cyclone Yaas (Odisha/WB)
0.0,69.0,30.9,993.5,16.5,0.0,11,1,2,ERA5 - 2021 Cyclone Yaas (Odisha/WB)
0.0,74.0,29.6,994.9,16.5,0.0,12,1,2,ERA5 - 2021 Cyclone Yaas (Odisha/WB)
0.0,77.0,28.9,995.6,15.9,0.0,13,1,2,ERA5 - 2021 Cyclone Yaas (Odisha/WB)
0.0,78.0,28.8,996.5,16.7,0.0,14,1,2,ERA5 - 2021 Cyclone Yaas (Odisha/WB)
0.0,78.0,28.7,997.4,15.5,0.0,15,1,2,ERA5 - 2021 Cyclone Yaas (Odisha/WB)
0.0,81.0,28.4,998.0,11.2,0.0,16,1,2,ERA5 - 2021 Cyclone Yaas (Odisha/WB)
0.0,80.0,28.4,998.5,12.4,0.0,17,1,2,ERA5 - 2021 Cyclone Yaas (Odisha/WB)
0.0,82.0,27.9,998.3,9.7,0.0,18,1,2,ERA5 - 2021 Cyclone Yaas (Odisha/WB)
0.0,83.0,28.0,998.0,10.2,0.0,19,1,2,ERA5 - 2021 Cyclone Yaas (Odisha/WB)
0.0,90.0,27.9,998.1,10.0,0.0,20,1,2,ERA5 - 2021 Cyclone Yaas (Odisha/WB)
0.0,94.0,27.6,998.0,9.6,0.0,21,1,2,ERA5 - 2021 Cyclone Yaas (Odisha/WB)
0.0,94.0,27.9,998.0,9.7,0.0,22,1,2,ERA5 - 2021 Cyclone Yaas (Odisha/WB)
0.0,94.0,28.3,998.3,10.8,0.0,23,1,2,ERA5 - 2021 Cyclone Yaas (Odisha/WB)
0.0,85.0,26.6,986.3,36.1,0.0,0,1,2,ERA5 - 2023 Cyclone Biparjoy (Gujarat)
0.0,87.0,26.5,986.8,32.4,0.0,1,1,2,ERA5 - 2023 Cyclone Biparjoy (Gujarat)
0.0,80.0,27.8,987.3,35.6,0.0,2,1,2,ERA5 - 2023 Cyclone Biparjoy (Gujarat)
0.0,81.0,28.2,988.1,33.7,0.0,3,1,2,ERA5 - 2023 Cyclone Biparjoy (Gujarat)
0.2,71.0,29.8,988.6,38.8,0.0,4,1,2,ERA5 - 2023 Cyclone Biparjoy (Gujarat)
0.1,63.0,31.2,988.8,43.0,0.0,5,1,2,ERA5 - 2023 Cyclone Biparjoy (Gujarat)
0.1,57.0,32.4,988.2,42.3,0.0,6,1,2,ERA5 - 2023 Cyclone Biparjoy (Gujarat)
0.2,49.0,33.3,988.0,47.9,0.0,7,1,2,ERA5 - 2023 Cyclone Biparjoy (Gujarat)
0.1,56.0,32.6,987.7,43.9,0.0,8,1,2,ERA5 - 2023 Cyclone Biparjoy (Gujarat)
0.3,58.0,31.5,987.6,43.2,0.0,9,1,2,ERA5 - 2023 Cyclone Biparjoy (Gujarat)
0.0,59.0,32.0,986.8,43.3,0.0,10,1,2,ERA5 - 2023 Cyclone Biparjoy (Gujarat)
0.0,66.0,30.7,986.3,42.2,0.0,11,1,2,ERA5 - 2023 Cyclone Biparjoy (Gujarat)
0.1,68.0,29.8,986.3,43.5,0.0,12,1,2,ERA5 - 2023 Cyclone Biparjoy (Gujarat)
0.0,74.0,29.2,986.0,36.9,0.0,13,1,2,ERA5 - 2023 Cyclone Biparjoy (Gujarat)
0.0,76.0,28.9,987.0,38.3,0.0,14,1,2,ERA5 - 2023 Cyclone Biparjoy (Gujarat)
0.0,75.0,28.6,987.5,38.6,0.0,15,1,2,ERA5 - 2023 Cyclone Biparjoy (Gujarat)
0.0,77.0,28.2,988.0,37.8,0.0,16,1,2,ERA5 - 2023 Cyclone Biparjoy (Gujarat)
0.0,78.0,27.8,988.2,36.9,0.0,17,1,2,ERA5 - 2023 Cyclone Biparjoy (Gujarat)
0.0,81.0,27.4,988.5,38.5,0.0,18,1,2,ERA5 - 2023 Cyclone Biparjoy (Gujarat)
0.1,78.0,27.5,987.9,36.5,0.0,19,1,2,ERA5 - 2023 Cyclone Biparjoy (Gujarat)
0.2,79.0,26.8,987.1,38.9,0.0,20,1,2,ERA5 - 2023 Cyclone Biparjoy (Gujarat)
0.3,84.0,27.2,986.4,35.5,0.0,21,1,2,ERA5 - 2023 Cyclone Biparjoy (Gujarat)
0.1,83.0,27.0,986.0,35.0,0.0,22,1,2,ERA5 - 2023 Cyclone Biparjoy (Gujarat)
0.2,86.0,26.5,986.3,31.8,0.0,23,1,2,ERA5 - 2023 Cyclone Biparjoy (Gujarat)
0.9,89.0,25.8,985.3,33.2,0.0,0,1,2,ERA5 - 2023 Cyclone Biparjoy (Gujarat)
0.1,88.0,26.1,985.4,35.2,0.0,1,1,2,ERA5 - 2023 Cyclone Biparjoy (Gujarat)
0.2,83.0,27.0,985.8,42.1,0.0,2,1,2,ERA5 - 2023 Cyclone Biparjoy (Gujarat)
0.4,84.0,26.3,986.3,39.4,0.0,3,1,2,ERA5 - 2023 Cyclone Biparjoy (Gujarat)
0.5,77.0,28.0,986.4,51.6,0.0,4,1,2,ERA5 - 2023 Cyclone Biparjoy (Gujarat)
0.4,75.0,28.9,985.9,52.7,0.0,5,1,2,ERA5 - 2023 Cyclone Biparjoy (Gujarat)
0.6,66.0,30.4,984.8,54.3,0.0,6,1,2,ERA5 - 2023 Cyclone Biparjoy (Gujarat)
14.2,87.0,27.3,983.9,50.1,0.0,7,1,2,ERA5 - 2023 Cyclone Biparjoy (Gujarat)
11.3,92.0,26.1,983.0,50.1,0.0,8,1,2,ERA5 - 2023 Cyclone Biparjoy (Gujarat)
5.7,88.0,26.9,982.0,58.0,0.0,9,1,2,ERA5 - 2023 Cyclone Biparjoy (Gujarat)
1.0,88.0,26.6,981.1,57.8,0.0,10,1,2,ERA5 - 2023 Cyclone Biparjoy (Gujarat)
1.1,87.0,26.8,980.3,59.8,0.0,11,1,2,ERA5 - 2023 Cyclone Biparjoy (Gujarat)
1.2,86.0,26.9,980.3,58.0,0.0,12,1,2,ERA5 - 2023 Cyclone Biparjoy (Gujarat)
0.8,85.0,27.0,979.7,61.1,0.0,13,1,2,ERA5 - 2023 Cyclone Biparjoy (Gujarat)
0.2,89.0,26.4,979.2,61.0,0.0,14,1,2,ERA5 - 2023 Cyclone Biparjoy (Gujarat)
1.2,90.0,26.4,978.3,63.8,0.0,15,1,2,ERA5 - 2023 Cyclone Biparjoy (Gujarat)
2.7,92.0,26.2,978.9,63.9,0.0,16,1,2,ERA5 - 2023 Cyclone Biparjoy (Gujarat)
3.5,90.0,26.3,979.7,58.1,0.0,17,1,2,ERA5 - 2023 Cyclone Biparjoy (Gujarat)
4.8,91.0,26.4,979.8,61.2,0.0,18,1,2,ERA5 - 2023 Cyclone Biparjoy (Gujarat)
3.0,95.0,25.9,979.9,57.7,0.0,19,1,2,ERA5 - 2023 Cyclone Biparjoy (Gujarat)
5.2,92.0,26.0,979.2,60.5,0.0,20,1,2,ERA5 - 2023 Cyclone Biparjoy (Gujarat)
7.2,92.0,25.9,978.2,63.7,0.0,21,1,2,ERA5 - 2023 Cyclone Biparjoy (Gujarat)
8.6,90.0,26.2,976.4,72.4,0.0,22,1,2,ERA5 - 2023 Cyclone Biparjoy (Gujarat)
12.9,91.0,26.1,974.9,77.1,0.0,23,1,2,ERA5 - 2023 Cyclone Biparjoy (Gujarat)
13.5,92.0,26.1,973.6,63.8,0.0,0,1,2,ERA5 - 2023 Cyclone Biparjoy (Gujarat)
5.3,93.0,25.8,972.3,70.9,0.0,1,1,2,ERA5 - 2023 Cyclone Biparjoy (Gujarat)
7.0,92.0,26.0,971.0,67.8,0.0,2,1,2,ERA5 - 2023 Cyclone Biparjoy (Gujarat)
11.0,93.0,25.8,971.1,51.5,0.0,3,1,2,ERA5 - 2023 Cyclone Biparjoy (Gujarat)
9.5,94.0,25.9,972.4,61.0,0.0,4,1,2,ERA5 - 2023 Cyclone Biparjoy (Gujarat)
20.4,90.0,26.1,974.2,75.2,0.0,5,1,2,ERA5 - 2023 Cyclone Biparjoy (Gujarat)
25.6,90.0,26.1,976.5,74.9,0.0,6,1,2,ERA5 - 2023 Cyclone Biparjoy (Gujarat)
8.8,90.0,26.1,977.9,67.8,0.0,7,1,2,ERA5 - 2023 Cyclone Biparjoy (Gujarat)
9.0,90.0,26.1,979.6,60.1,0.0,8,1,2,ERA5 - 2023 Cyclone Biparjoy (Gujarat)
5.4,91.0,26.2,980.7,55.1,0.0,9,1,2,ERA5 - 2023 Cyclone Biparjoy (Gujarat)
3.0,87.0,27.1,982.0,49.3,0.0,10,1,2,ERA5 - 2023 Cyclone Biparjoy (Gujarat)
0.8,87.0,27.3,982.8,44.8,0.0,11,1,2,ERA5 - 2023 Cyclone Biparjoy (Gujarat)
0.8,90.0,26.6,982.8,46.0,0.0,12,1,2,ERA5 - 2023 Cyclone Biparjoy (Gujarat)
6.0,93.0,26.1,984.1,41.6,0.0,13,1,2,ERA5 - 2023 Cyclone Biparjoy (Gujarat)
4.0,93.0,26.1,985.0,37.7,0.0,14,1,2,ERA5 - 2023 Cyclone Biparjoy (Gujarat)
3.0,93.0,25.9,985.1,39.8,0.0,15,1,2,ERA5 - 2023 Cyclone Biparjoy (Gujarat)
1.7,90.0,27.1,986.1,39.7,0.0,16,1,2,ERA5 - 2023 Cyclone Biparjoy (Gujarat)
0.9,92.0,26.9,987.0,38.3,0.0,17,1,2,ERA5 - 2023 Cyclone Biparjoy (Gujarat)
1.6,91.0,26.9,987.2,38.1,0.0,18,1,2,ERA5 - 2023 Cyclone Biparjoy (Gujarat)
2.0,92.0,26.9,986.9,38.8,0.0,19,1,2,ERA5 - 2023 Cyclone Biparjoy (Gujarat)
1.5,90.0,26.7,986.4,37.7,0.0,20,1,2,ERA5 - 2023 Cyclone Biparjoy (Gujarat)
0.9,92.0,26.8,986.2,36.0,0.0,21,1,2,ERA5 - 2023 Cyclone Biparjoy (Gujarat)
0.5,92.0,26.8,986.4,36.3,0.0,22,1,2,ERA5 - 2023 Cyclone Biparjoy (Gujarat)
0.0,92.0,26.8,986.6,35.1,0.0,23,1,2,ERA5 - 2023 Cyclone Biparjoy (Gujarat)
0.6,94.0,24.0,1005.4,16.3,0.0,0,1,2,ERA5 - 2023 Cyclone Michaung (Andhra/TN)
0.9,94.0,24.0,1006.9,18.4,0.0,1,1,2,ERA5 - 2023 Cyclone Michaung (Andhra/TN)
1.2,93.0,24.5,1007.5,18.1,0.0,2,1,2,ERA5 - 2023 Cyclone Michaung (Andhra/TN)
0.3,92.0,24.8,1008.4,21.3,0.0,3,1,2,ERA5 - 2023 Cyclone Michaung (Andhra/TN)
0.5,91.0,25.2,1008.5,23.3,0.0,4,1,2,ERA5 - 2023 Cyclone Michaung (Andhra/TN)
1.6,86.0,26.2,1008.2,22.1,0.0,5,1,2,ERA5 - 2023 Cyclone Michaung (Andhra/TN)
1.1,88.0,25.9,1007.6,20.7,0.0,6,1,2,ERA5 - 2023 Cyclone Michaung (Andhra/TN)
2.0,89.0,25.2,1006.5,25.5,0.0,7,1,2,ERA5 - 2023 Cyclone Michaung (Andhra/TN)
1.0,88.0,25.9,1005.4,21.1,0.0,8,1,2,ERA5 - 2023 Cyclone Michaung (Andhra/TN)
0.5,88.0,25.5,1004.5,24.8,0.0,9,1,2,ERA5 - 2023 Cyclone Michaung (Andhra/TN)
0.2,88.0,25.8,1004.3,20.6,0.0,10,1,2,ERA5 - 2023 Cyclone Michaung (Andhra/TN)
9.0,93.0,24.7,1004.2,21.9,0.0,11,1,2,ERA5 - 2023 Cyclone Michaung (Andhra/TN)
1.4,93.0,24.5,1004.6,21.4,0.0,12,1,2,ERA5 - 2023 Cyclone Michaung (Andhra/TN)
5.5,93.0,24.8,1005.5,23.2,0.0,13,1,2,ERA5 - 2023 Cyclone Michaung (Andhra/TN)
2.1,94.0,24.2,1006.1,22.7,0.0,14,1,2,ERA5 - 2023 Cyclone Michaung (Andhra/TN)
0.7,93.0,24.5,1006.6,21.1,0.0,15,1,2,ERA5 - 2023 Cyclone Michaung (Andhra/TN)
1.4,94.0,24.4,1006.8,22.9,0.0,16,1,2,ERA5 - 2023 Cyclone Michaung (Andhra/TN)
3.3,96.0,23.6,1006.4,18.7,0.0,17,1,2,ERA5 - 2023 Cyclone Michaung (Andhra/TN)
1.3,92.0,24.1,1005.6,21.5,0.0,18,1,2,ERA5 - 2023 Cyclone Michaung (Andhra/TN)
1.7,92.0,24.2,1004.9,24.2,0.0,19,1,2,ERA5 - 2023 Cyclone Michaung (Andhra/TN)
2.5,93.0,23.9,1003.6,25.1,0.0,20,1,2,ERA5 - 2023 Cyclone Michaung (Andhra/TN)
2.6,94.0,24.1,1003.3,24.6,0.0,21,1,2,ERA5 - 2023 Cyclone Michaung (Andhra/TN)
2.1,93.0,24.3,1002.3,29.2,0.0,22,1,2,ERA5 - 2023 Cyclone Michaung (Andhra/TN)
2.1,93.0,24.1,1002.1,27.8,0.0,23,1,2,ERA5 - 2023 Cyclone Michaung (Andhra/TN)
3.0,93.0,24.2,1002.3,27.2,0.0,0,1,2,ERA5 - 2023 Cyclone Michaung (Andhra/TN)
3.8,93.0,23.7,1002.6,29.6,0.0,1,1,2,ERA5 - 2023 Cyclone Michaung (Andhra/TN)
5.5,93.0,24.1,1003.1,34.8,0.0,2,1,2,ERA5 - 2023 Cyclone Michaung (Andhra/TN)
8.1,92.0,24.8,1003.8,31.5,0.0,3,1,2,ERA5 - 2023 Cyclone Michaung (Andhra/TN)
14.7,92.0,25.0,1003.7,35.2,0.0,4,1,2,ERA5 - 2023 Cyclone Michaung (Andhra/TN)
8.2,93.0,24.9,1002.9,35.9,0.0,5,1,2,ERA5 - 2023 Cyclone Michaung (Andhra/TN)
1.7,92.0,24.9,1001.7,34.6,0.0,6,1,2,ERA5 - 2023 Cyclone Michaung (Andhra/TN)
1.9,92.0,24.9,1000.2,36.7,0.0,7,1,2,ERA5 - 2023 Cyclone Michaung (Andhra/TN)
1.6,92.0,24.9,998.5,34.7,0.0,8,1,2,ERA5 - 2023 Cyclone Michaung (Andhra/TN)
1.9,92.0,25.2,997.2,33.9,0.0,9,1,2,ERA5 - 2023 Cyclone Michaung (Andhra/TN)
1.8,93.0,25.0,996.8,35.7,0.0,10,1,2,ERA5 - 2023 Cyclone Michaung (Andhra/TN)
12.7,94.0,24.9,996.2,37.7,0.0,11,1,2,ERA5 - 2023 Cyclone Michaung (Andhra/TN)
6.9,93.0,25.0,996.0,39.8,0.0,12,1,2,ERA5 - 2023 Cyclone Michaung (Andhra/TN)
8.8,92.0,24.8,995.0,47.1,0.0,13,1,2,ERA5 - 2023 Cyclone Michaung (Andhra/TN)
10.8,92.0,24.8,993.8,50.4,0.0,14,1,2,ERA5 - 2023 Cyclone Michaung (Andhra/TN)
4.2,93.0,25.1,992.8,35.4,0.0,15,1,2,ERA5 - 2023 Cyclone Michaung (Andhra/TN)
4.5,94.0,25.1,993.1,30.7,0.0,16,1,2,ERA5 - 2023 Cyclone Michaung (Andhra/TN)
2.1,94.0,24.8,992.6,27.9,0.0,17,1,2,ERA5 - 2023 Cyclone Michaung (Andhra/TN)
2.5,95.0,24.4,992.5,29.0,0.0,18,1,2,ERA5 - 2023 Cyclone Michaung (Andhra/TN)
3.2,96.0,24.0,992.2,33.6,0.0,19,1,2,ERA5 - 2023 Cyclone Michaung (Andhra/TN)
6.8,95.0,23.8,992.4,34.7,0.0,20,1,2,ERA5 - 2023 Cyclone Michaung (Andhra/TN)
9.8,94.0,23.5,992.8,39.0,0.0,21,1,2,ERA5 - 2023 Cyclone Michaung (Andhra/TN)
17.2,91.0,23.5,993.5,41.7,0.0,22,1,2,ERA5 - 2023 Cyclone Michaung (Andhra/TN)
19.7,90.0,23.4,994.5,39.8,0.0,23,1,2,ERA5 - 2023 Cyclone Michaung (Andhra/TN)
18.1,91.0,23.2,996.3,36.0,0.0,0,1,2,ERA5 - 2023 Cyclone Michaung (Andhra/TN)
10.9,90.0,23.6,993.6,48.2,0.0,1,1,2,ERA5 - 2023 Cyclone Michaung (Andhra/TN)
9.2,89.0,23.8,995.3,46.7,0.0,2,1,2,ERA5 - 2023 Cyclone Michaung (Andhra/TN)
15.4,89.0,23.8,997.1,46.4,0.0,3,1,2,ERA5 - 2023 Cyclone Michaung (Andhra/TN)
13.5,89.0,23.8,999.1,42.5,0.0,4,1,2,ERA5 - 2023 Cyclone Michaung (Andhra/TN)
9.3,89.0,23.9,1000.1,37.7,0.0,5,1,2,ERA5 - 2023 Cyclone Michaung (Andhra/TN)
7.3,89.0,24.2,1000.4,32.8,0.0,6,1,2,ERA5 - 2023 Cyclone Michaung (Andhra/TN)
3.0,89.0,24.6,1000.2,29.9,0.0,7,1,2,ERA5 - 2023 Cyclone Michaung (Andhra/TN)
0.5,86.0,25.1,999.9,27.9,0.0,8,1,2,ERA5 - 2023 Cyclone Michaung (Andhra/TN)
1.6,85.0,25.4,999.9,24.7,0.0,9,1,2,ERA5 - 2023 Cyclone Michaung (Andhra/TN)
0.7,89.0,25.0,1000.1,19.3,0.0,10,1,2,ERA5 - 2023 Cyclone Michaung (Andhra/TN)
1.0,90.0,24.7,1000.9,17.6,0.0,11,1,2,ERA5 - 2023 Cyclone Michaung (Andhra/TN)
0.5,91.0,24.5,1002.0,16.1,0.0,12,1,2,ERA5 - 2023 Cyclone Michaung (Andhra/TN)
0.0,83.0,24.8,1003.6,12.5,0.0,13,1,2,ERA5 - 2023 Cyclone Michaung (Andhra/TN)
0.0,85.0,24.6,1004.9,10.2,0.0,14,1,2,ERA5 - 2023 Cyclone Michaung (Andhra/TN)
0.0,85.0,24.8,1005.4,11.3,0.0,15,1,2,ERA5 - 2023 Cyclone Michaung (Andhra/TN)
0.0,81.0,25.0,1006.1,12.2,0.0,16,1,2,ERA5 - 2023 Cyclone Michaung (Andhra/TN)
0.0,81.0,24.9,1006.2,10.0,0.0,17,1,2,ERA5 - 2023 Cyclone Michaung (Andhra/TN)
0.0,82.0,24.6,1006.1,9.2,0.0,18,1,2,ERA5 - 2023 Cyclone Michaung (Andhra/TN)
0.0,84.0,24.4,1005.9,9.0,0.0,19,1,2,ERA5 - 2023 Cyclone Michaung (Andhra/TN)
0.0,87.0,24.0,1005.6,8.4,0.0,20,1,2,ERA5 - 2023 Cyclone Michaung (Andhra/TN)
0.0,89.0,23.9,1005.3,7.2,0.0,21,1,2,ERA5 - 2023 Cyclone Michaung (Andhra/TN)
0.0,93.0,23.5,1005.0,7.0,0.0,22,1,2,ERA5 - 2023 Cyclone Michaung (Andhra/TN)
0.0,96.0,22.9,1005.0,7.1,0.0,23,1,2,ERA5 - 2023 Cyclone Michaung (Andhra/TN)
1.6,95.0,20.1,903.1,13.2,0.0,0,1,3,ERA5 - 2014 Malin Landslide (Pune)
1.4,98.0,19.8,903.4,12.6,0.0,1,1,3,ERA5 - 2014 Malin Landslide (Pune)
1.8,96.0,20.2,904.2,11.7,0.0,2,1,3,ERA5 - 2014 Malin Landslide (Pune)
3.4,95.0,20.2,904.2,12.1,0.0,3,1,3,ERA5 - 2014 Malin Landslide (Pune)
2.9,96.0,20.5,904.5,14.6,0.0,4,1,3,ERA5 - 2014 Malin Landslide (Pune)
3.4,93.0,21.4,904.6,13.6,0.0,5,1,3,ERA5 - 2014 Malin Landslide (Pune)
3.5,93.0,20.9,904.8,15.6,0.0,6,1,3,ERA5 - 2014 Malin Landslide (Pune)
2.5,95.0,20.0,904.5,16.3,0.0,7,1,3,ERA5 - 2014 Malin Landslide (Pune)
2.4,94.0,20.6,904.0,13.7,0.0,8,1,3,ERA5 - 2014 Malin Landslide (Pune)
1.9,94.0,20.3,903.1,15.9,0.0,9,1,3,ERA5 - 2014 Malin Landslide (Pune)
1.4,94.0,20.2,903.1,16.8,0.0,10,1,3,ERA5 - 2014 Malin Landslide (Pune)
2.0,96.0,20.4,902.2,16.2,0.0,11,1,3,ERA5 - 2014 Malin Landslide (Pune)
1.8,94.0,20.1,902.3,17.3,0.0,12,1,3,ERA5 - 2014 Malin Landslide (Pune)
1.2,96.0,19.9,902.3,13.9,0.0,13,1,3,ERA5 - 2014 Malin Landslide (Pune)
1.2,99.0,20.0,902.7,15.2,0.0,14,1,3,ERA5 - 2014 Malin Landslide (Pune)
2.0,96.0,20.6,903.1,15.5,0.0,15,1,3,ERA5 - 2014 Malin Landslide (Pune)
2.1,95.0,20.3,903.5,15.8,0.0,16,1,3,ERA5 - 2014 Malin Landslide (Pune)
2.2,96.0,20.2,903.7,12.6,0.0,17,1,3,ERA5 - 2014 Malin Landslide (Pune)
2.9,96.0,20.1,903.4,13.2,0.0,18,1,3,ERA5 - 2014 Malin Landslide (Pune)
2.4,97.0,20.5,903.1,14.7,0.0,19,1,3,ERA5 - 2014 Malin Landslide (Pune)
3.0,95.0,20.4,902.2,15.5,0.0,20,1,3,ERA5 - 2014 Malin Landslide (Pune)
2.9,97.0,20.2,901.7,20.7,0.0,21,1,3,ERA5 - 2014 Malin Landslide (Pune)
3.5,95.0,20.1,901.7,19.0,0.0,22,1,3,ERA5 - 2014 Malin Landslide (Pune)
3.1,95.0,19.8,901.3,17.4,0.0,23,1,3,ERA5 - 2014 Malin Landslide (Pune)
2.3,95.0,19.8,901.9,18.6,0.0,0,1,3,ERA5 - 2014 Malin Landslide (Pune)
3.1,95.0,19.9,902.3,15.6,0.0,1,1,3,ERA5 - 2014 Malin Landslide (Pune)
3.8,95.0,20.0,902.4,18.7,0.0,2,1,3,ERA5 - 2014 Malin Landslide (Pune)
3.7,95.0,20.1,903.1,19.7,0.0,3,1,3,ERA5 - 2014 Malin Landslide (Pune)
2.5,94.0,20.2,903.5,18.9,0.0,4,1,3,ERA5 - 2014 Malin Landslide (Pune)
2.6,95.0,20.4,903.5,20.3,0.0,5,1,3,ERA5 - 2014 Malin Landslide (Pune)
2.8,94.0,20.7,903.7,20.7,0.0,6,1,3,ERA5 - 2014 Malin Landslide (Pune)
1.3,96.0,20.5,903.5,21.9,0.0,7,1,3,ERA5 - 2014 Malin Landslide (Pune)
1.8,96.0,20.7,902.9,20.7,0.0,8,1,3,ERA5 - 2014 Malin Landslide (Pune)
2.7,96.0,20.4,902.9,17.2,0.0,9,1,3,ERA5 - 2014 Malin Landslide (Pune)
3.9,96.0,20.6,902.1,16.1,0.0,10,1,3,ERA5 - 2014 Malin Landslide (Pune)
3.8,96.0,20.4,901.8,17.9,0.0,11,1,3,ERA5 - 2014 Malin Landslide (Pune)
3.8,97.0,20.2,902.0,17.1,0.0,12,1,3,ERA5 - 2014 Malin Landslide (Pune)
4.4,95.0,20.0,901.9,18.4,0.0,13,1,3,ERA5 - 2014 Malin Landslide (Pune)
4.9,96.0,20.0,902.3,15.5,0.0,14,1,3,ERA5 - 2014 Malin Landslide (Pune)
4.2,98.0,20.0,902.7,13.0,0.0,15,1,3,ERA5 - 2014 Malin Landslide (Pune)
3.1,99.0,20.1,903.0,11.9,0.0,16,1,3,ERA5 - 2014 Malin Landslide (Pune)
3.1,96.0,20.5,903.2,12.0,0.0,17,1,3,ERA5 - 2014 Malin Landslide (Pune)
2.4,99.0,20.1,903.1,12.5,0.0,18,1,3,ERA5 - 2014 Malin Landslide (Pune)
7.9,96.0,20.3,902.6,12.8,0.0,19,1,3,ERA5 - 2014 Malin Landslide (Pune)
7.4,98.0,20.1,901.7,9.8,0.0,20,1,3,ERA5 - 2014 Malin Landslide (Pune)
7.9,98.0,20.2,901.2,8.1,0.0,21,1,3,ERA5 - 2014 Malin Landslide (Pune)
7.2,99.0,20.0,901.1,7.6,0.0,22,1,3,ERA5 - 2014 Malin Landslide (Pune)
6.4,98.0,20.1,900.6,8.3,0.0,23,1,3,ERA5 - 2014 Malin Landslide (Pune)
4.3,99.0,20.0,901.4,8.9,0.0,0,1,3,ERA5 - 2014 Malin Landslide (Pune)
2.8,99.0,20.1,901.5,9.6,0.0,1,1,3,ERA5 - 2014 Malin Landslide (Pune)
1.6,99.0,20.4,902.2,11.3,0.0,2,1,3,ERA5 - 2014 Malin Landslide (Pune)
1.8,97.0,20.5,902.6,13.9,0.0,3,1,3,ERA5 - 2014 Malin Landslide (Pune)
1.7,93.0,20.9,903.3,13.6,0.0,4,1,3,ERA5 - 2014 Malin Landslide (Pune)
1.1,97.0,21.0,903.3,14.8,0.0,5,1,3,ERA5 - 2014 Malin Landslide (Pune)
2.3,95.0,21.3,903.2,17.6,0.0,6,1,3,ERA5 - 2014 Malin Landslide (Pune)
1.3,97.0,21.3,903.2,15.1,0.0,7,1,3,ERA5 - 2014 Malin Landslide (Pune)
1.8,98.0,20.7,902.3,16.6,0.0,8,1,3,ERA5 - 2014 Malin Landslide (Pune)
1.6,94.0,21.8,902.3,16.0,0.0,9,1,3,ERA5 - 2014 Malin Landslide (Pune)
2.3,94.0,20.8,901.0,15.0,0.0,10,1,3,ERA5 - 2014 Malin Landslide (Pune)
2.3,93.0,21.1,901.2,16.6,0.0,11,1,3,ERA5 - 2014 Malin Landslide (Pune)
2.7,95.0,20.5,901.4,14.0,0.0,12,1,3,ERA5 - 2014 Malin Landslide (Pune)
1.7,99.0,20.1,901.2,11.3,0.0,13,1,3,ERA5 - 2014 Malin Landslide (Pune)
1.2,99.0,20.2,902.0,12.7,0.0,14,1,3,ERA5 - 2014 Malin Landslide (Pune)
0.7,98.0,20.4,902.4,11.3,0.0,15,1,3,ERA5 - 2014 Malin Landslide (Pune)
0.8,99.0,20.4,902.7,11.1,0.0,16,1,3,ERA5 - 2014 Malin Landslide (Pune)
0.7,99.0,20.3,902.6,10.5,0.0,17,1,3,ERA5 - 2014 Malin Landslide (Pune)
0.8,100.0,20.3,902.8,11.3,0.0,18,1,3,ERA5 - 2014 Malin Landslide (Pune)
1.3,99.0,20.5,902.0,10.8,0.0,19,1,3,ERA5 - 2014 Malin Landslide (Pune)
1.5,99.0,20.4,901.5,11.0,0.0,20,1,3,ERA5 - 2014 Malin Landslide (Pune)
1.7,99.0,20.4,901.0,10.7,0.0,21,1,3,ERA5 - 2014 Malin Landslide (Pune)
1.7,99.0,20.3,900.5,11.6,0.0,22,1,3,ERA5 - 2014 Malin Landslide (Pune)
1.5,100.0,20.2,900.7,11.0,0.0,23,1,3,ERA5 - 2014 Malin Landslide (Pune)
1.7,99.0,20.3,901.3,10.6,0.0,0,1,3,ERA5 - 2014 Malin Landslide (Pune)
2.1,99.0,20.4,901.8,12.6,0.0,1,1,3,ERA5 - 2014 Malin Landslide (Pune)
1.5,99.0,20.6,902.2,11.8,0.0,2,1,3,ERA5 - 2014 Malin Landslide (Pune)
1.4,99.0,20.6,902.5,13.5,0.0,3,1,3,ERA5 - 2014 Malin Landslide (Pune)
3.3,98.0,20.8,902.7,13.9,0.0,4,1,3,ERA5 - 2014 Malin Landslide (Pune)
5.2,97.0,21.1,902.7,16.2,0.0,5,1,3,ERA5 - 2014 Malin Landslide (Pune)
6.9,95.0,20.8,902.7,15.8,0.0,6,1,3,ERA5 - 2014 Malin Landslide (Pune)
2.9,97.0,20.9,902.4,14.2,0.0,7,1,3,ERA5 - 2014 Malin Landslide (Pune)
2.1,98.0,20.9,902.1,11.5,0.0,8,1,3,ERA5 - 2014 Malin Landslide (Pune)
2.7,93.0,21.1,901.1,12.7,0.0,9,1,3,ERA5 - 2014 Malin Landslide (Pune)
3.4,95.0,21.1,901.0,9.8,0.0,10,1,3,ERA5 - 2014 Malin Landslide (Pune)
2.2,95.0,20.8,900.0,10.4,0.0,11,1,3,ERA5 - 2014 Malin Landslide (Pune)
1.1,98.0,20.4,900.3,8.6,0.0,12,1,3,ERA5 - 2014 Malin Landslide (Pune)
1.2,96.0,20.6,900.6,8.9,0.0,13,1,3,ERA5 - 2014 Malin Landslide (Pune)
1.1,99.0,20.3,901.0,8.7,0.0,14,1,3,ERA5 - 2014 Malin Landslide (Pune)
1.1,99.0,20.4,901.7,9.2,0.0,15,1,3,ERA5 - 2014 Malin Landslide (Pune)
1.3,99.0,20.5,901.8,9.5,0.0,16,1,3,ERA5 - 2014 Malin Landslide (Pune)
1.4,97.0,20.9,902.0,10.2,0.0,17,1,3,ERA5 - 2014 Malin Landslide (Pune)
1.7,96.0,20.6,902.1,13.1,0.0,18,1,3,ERA5 - 2014 Malin Landslide (Pune)
2.5,97.0,20.3,901.4,12.6,0.0,19,1,3,ERA5 - 2014 Malin Landslide (Pune)
1.8,99.0,20.3,900.9,12.4,0.0,20,1,3,ERA5 - 2014 Malin Landslide (Pune)
1.9,97.0,20.2,900.8,15.2,0.0,21,1,3,ERA5 - 2014 Malin Landslide (Pune)
1.6,99.0,20.2,900.0,11.3,0.0,22,1,3,ERA5 - 2014 Malin Landslide (Pune)
2.2,97.0,20.3,900.4,11.9,0.0,23,1,3,ERA5 - 2014 Malin Landslide (Pune)
1.7,97.0,23.0,1000.2,8.1,0.0,0,1,3,ERA5 - 2019 Kavalappara Landslide (Kerala)
1.6,100.0,22.8,1000.4,6.4,0.0,1,1,3,ERA5 - 2019 Kavalappara Landslide (Kerala)
1.0,100.0,23.2,1000.8,4.3,0.0,2,1,3,ERA5 - 2019 Kavalappara Landslide (Kerala)
0.7,100.0,24.1,1001.3,6.1,0.0,3,1,3,ERA5 - 2019 Kavalappara Landslide (Kerala)
0.9,99.0,24.5,1001.6,7.2,0.0,4,1,3,ERA5 - 2019 Kavalappara Landslide (Kerala)
0.9,99.0,24.6,1001.5,3.6,0.0,5,1,3,ERA5 - 2019 Kavalappara Landslide (Kerala)
1.1,89.0,26.3,1001.3,3.4,0.0,6,1,3,ERA5 - 2019 Kavalappara Landslide (Kerala)
0.8,90.0,27.1,1000.1,8.5,0.0,7,1,3,ERA5 - 2019 Kavalappara Landslide (Kerala)
1.4,92.0,26.9,1000.1,14.8,0.0,8,1,3,ERA5 - 2019 Kavalappara Landslide (Kerala)
3.4,93.0,25.6,999.7,13.3,0.0,9,1,3,ERA5 - 2019 Kavalappara Landslide (Kerala)
4.3,92.0,25.2,999.6,15.3,0.0,10,1,3,ERA5 - 2019 Kavalappara Landslide (Kerala)
1.6,99.0,24.3,999.5,10.3,0.0,11,1,3,ERA5 - 2019 Kavalappara Landslide (Kerala)
3.3,95.0,24.5,999.3,9.3,0.0,12,1,3,ERA5 - 2019 Kavalappara Landslide (Kerala)
2.1,99.0,23.8,1000.0,3.6,0.0,13,1,3,ERA5 - 2019 Kavalappara Landslide (Kerala)
3.2,99.0,23.4,1000.6,8.3,0.0,14,1,3,ERA5 - 2019 Kavalappara Landslide (Kerala)
1.8,100.0,23.3,1001.4,6.4,0.0,15,1,3,ERA5 - 2019 Kavalappara Landslide (Kerala)
2.0,100.0,23.2,1001.9,5.8,0.0,16,1,3,ERA5 - 2019 Kavalappara Landslide (Kerala)
1.7,100.0,23.1,1001.9,5.1,0.0,17,1,3,ERA5 - 2019 Kavalappara Landslide (Kerala)
1.6,99.0,23.0,1002.1,6.5,0.0,18,1,3,ERA5 - 2019 Kavalappara Landslide (Kerala)
1.1,100.0,22.8,1001.4,4.9,0.0,19,1,3,ERA5 - 2019 Kavalappara Landslide (Kerala)
1.6,100.0,22.6,1000.5,7.1,0.0,20,1,3,ERA5 - 2019 Kavalappara Landslide (Kerala)
2.5,100.0,22.5,999.7,7.0,0.0,21,1,3,ERA5 - 2019 Kavalappara Landslide (Kerala)
2.1,100.0,22.6,999.3,5.5,0.0,22,1,3,ERA5 - 2019 Kavalappara Landslide (Kerala)
2.0,100.0,22.8,999.5,4.2,0.0,23,1,3,ERA5 - 2019 Kavalappara Landslide (Kerala)
1.8,96.0,23.6,999.0,9.4,0.0,0,1,3,ERA5 - 2019 Kavalappara Landslide (Kerala)
1.9,99.0,23.3,999.6,4.2,0.0,1,1,3,ERA5 - 2019 Kavalappara Landslide (Kerala)
2.5,100.0,23.4,1000.1,6.9,0.0,2,1,3,ERA5 - 2019 Kavalappara Landslide (Kerala)
4.2,99.0,24.1,1000.6,7.4,0.0,3,1,3,ERA5 - 2019 Kavalappara Landslide (Kerala)
4.3,99.0,23.9,1001.5,6.8,0.0,4,1,3,ERA5 - 2019 Kavalappara Landslide (Kerala)
3.5,94.0,24.7,1001.6,9.7,0.0,5,1,3,ERA5 - 2019 Kavalappara Landslide (Kerala)
3.4,92.0,25.5,1001.1,8.1,0.0,6,1,3,ERA5 - 2019 Kavalappara Landslide (Kerala)
1.6,91.0,26.2,1000.3,12.6,0.0,7,1,3,ERA5 - 2019 Kavalappara Landslide (Kerala)
2.6,91.0,26.4,999.7,17.1,0.0,8,1,3,ERA5 - 2019 Kavalappara Landslide (Kerala)
2.0,94.0,25.4,999.3,13.8,0.0,9,1,3,ERA5 - 2019 Kavalappara Landslide (Kerala)
3.5,93.0,25.6,999.3,13.3,0.0,10,1,3,ERA5 - 2019 Kavalappara Landslide (Kerala)
2.2,99.0,24.4,999.3,13.7,0.0,11,1,3,ERA5 - 2019 Kavalappara Landslide (Kerala)
2.7,95.0,24.6,999.0,11.0,0.0,12,1,3,ERA5 - 2019 Kavalappara Landslide (Kerala)
3.6,100.0,23.9,999.5,7.6,0.0,13,1,3,ERA5 - 2019 Kavalappara Landslide (Kerala)
1.9,99.0,23.6,1000.1,8.0,0.0,14,1,3,ERA5 - 2019 Kavalappara Landslide (Kerala)
1.7,99.0,23.3,1000.9,5.6,0.0,15,1,3,ERA5 - 2019 Kavalappara Landslide (Kerala)
1.5,100.0,23.1,1001.8,5.5,0.0,16,1,3,ERA5 - 2019 Kavalappara Landslide (Kerala)
0.9,100.0,23.1,1002.0,5.2,0.0,17,1,3,ERA5 - 2019 Kavalappara Landslide (Kerala)
0.6,100.0,22.9,1001.7,4.5,0.0,18,1,3,ERA5 - 2019 Kavalappara Landslide (Kerala)
1.3,100.0,22.7,1001.0,5.4,0.0,19,1,3,ERA5 - 2019 Kavalappara Landslide (Kerala)
2.0,99.0,22.4,1000.8,6.5,0.0,20,1,3,ERA5 - 2019 Kavalappara Landslide (Kerala)
1.4,100.0,22.2,1000.2,6.3,0.0,21,1,3,ERA5 - 2019 Kavalappara Landslide (Kerala)
2.3,100.0,22.2,999.9,6.1,0.0,22,1,3,ERA5 - 2019 Kavalappara Landslide (Kerala)
2.7,100.0,22.1,1000.4,6.9,0.0,23,1,3,ERA5 - 2019 Kavalappara Landslide (Kerala)
1.7,98.0,22.5,999.9,7.9,0.0,0,1,3,ERA5 - 2019 Kavalappara Landslide (Kerala)
4.9,100.0,22.4,1000.5,6.1,0.0,1,1,3,ERA5 - 2019 Kavalappara Landslide (Kerala)
5.6,100.0,22.9,1001.6,4.2,0.0,2,1,3,ERA5 - 2019 Kavalappara Landslide (Kerala)
4.3,100.0,22.9,1002.5,5.2,0.0,3,1,3,ERA5 - 2019 Kavalappara Landslide (Kerala)
3.3,93.0,24.4,1003.2,7.4,0.0,4,1,3,ERA5 - 2019 Kavalappara Landslide (Kerala)
2.3,94.0,24.8,1003.3,7.9,0.0,5,1,3,ERA5 - 2019 Kavalappara Landslide (Kerala)
1.4,93.0,25.3,1002.7,9.3,0.0,6,1,3,ERA5 - 2019 Kavalappara Landslide (Kerala)
0.7,90.0,26.5,1002.1,10.0,0.0,7,1,3,ERA5 - 2019 Kavalappara Landslide (Kerala)
4.6,94.0,25.6,1002.0,13.5,0.0,8,1,3,ERA5 - 2019 Kavalappara Landslide (Kerala)
1.6,99.0,24.9,1001.4,10.2,0.0,9,1,3,ERA5 - 2019 Kavalappara Landslide (Kerala)
1.3,99.0,24.1,1000.8,6.6,0.0,10,1,3,ERA5 - 2019 Kavalappara Landslide (Kerala)
0.9,99.0,24.0,1001.0,4.3,0.0,11,1,3,ERA5 - 2019 Kavalappara Landslide (Kerala)
0.8,94.0,24.8,1000.3,11.3,0.0,12,1,3,ERA5 - 2019 Kavalappara Landslide (Kerala)
1.2,99.0,23.4,1001.1,9.0,0.0,13,1,3,ERA5 - 2019 Kavalappara Landslide (Kerala)
3.1,99.0,23.3,1001.8,3.6,0.0,14,1,3,ERA5 - 2019 Kavalappara Landslide (Kerala)
3.3,100.0,23.1,1002.6,3.8,0.0,15,1,3,ERA5 - 2019 Kavalappara Landslide (Kerala)
2.7,100.0,23.0,1003.0,4.1,0.0,16,1,3,ERA5 - 2019 Kavalappara Landslide (Kerala)
2.5,100.0,22.9,1003.6,4.9,0.0,17,1,3,ERA5 - 2019 Kavalappara Landslide (Kerala)
2.2,100.0,22.9,1003.2,3.1,0.0,18,1,3,ERA5 - 2019 Kavalappara Landslide (Kerala)
1.9,100.0,22.7,1002.6,1.3,0.0,19,1,3,ERA5 - 2019 Kavalappara Landslide (Kerala)
1.7,100.0,22.5,1001.9,5.7,0.0,20,1,3,ERA5 - 2019 Kavalappara Landslide (Kerala)
1.2,100.0,22.4,1001.5,5.5,0.0,21,1,3,ERA5 - 2019 Kavalappara Landslide (Kerala)
1.5,100.0,22.4,1000.9,5.8,0.0,22,1,3,ERA5 - 2019 Kavalappara Landslide (Kerala)
1.5,100.0,22.2,1001.0,6.4,0.0,23,1,3,ERA5 - 2019 Kavalappara Landslide (Kerala)
1.3,97.0,22.6,1000.1,6.9,0.0,0,1,3,ERA5 - 2019 Kavalappara Landslide (Kerala)
3.1,100.0,22.4,1000.5,6.7,0.0,1,1,3,ERA5 - 2019 Kavalappara Landslide (Kerala)
2.1,99.0,22.6,1000.6,8.8,0.0,2,1,3,ERA5 - 2019 Kavalappara Landslide (Kerala)
5.0,100.0,23.4,1002.0,5.2,0.0,3,1,3,ERA5 - 2019 Kavalappara Landslide (Kerala)
6.1,100.0,23.7,1002.9,7.7,0.0,4,1,3,ERA5 - 2019 Kavalappara Landslide (Kerala)
6.5,100.0,23.5,1003.3,8.8,0.0,5,1,3,ERA5 - 2019 Kavalappara Landslide (Kerala)
1.9,99.0,24.3,1002.9,5.8,0.0,6,1,3,ERA5 - 2019 Kavalappara Landslide (Kerala)
1.3,99.0,24.5,1002.6,5.9,0.0,7,1,3,ERA5 - 2019 Kavalappara Landslide (Kerala)
1.6,99.0,24.2,1001.9,4.5,0.0,8,1,3,ERA5 - 2019 Kavalappara Landslide (Kerala)
1.9,99.0,23.9,1001.6,6.5,0.0,9,1,3,ERA5 - 2019 Kavalappara Landslide (Kerala)
1.8,99.0,23.5,1001.0,6.4,0.0,10,1,3,ERA5 - 2019 Kavalappara Landslide (Kerala)
1.3,99.0,23.1,1001.0,8.0,0.0,11,1,3,ERA5 - 2019 Kavalappara Landslide (Kerala)
1.5,97.0,25.1,1000.0,3.6,0.0,12,1,3,ERA5 - 2019 Kavalappara Landslide (Kerala)
0.4,100.0,24.1,1000.6,2.6,0.0,13,1,3,ERA5 - 2019 Kavalappara Landslide (Kerala)
0.1,100.0,23.5,1001.4,3.6,0.0,14,1,3,ERA5 - 2019 Kavalappara Landslide (Kerala)
1.4,100.0,23.5,1002.3,8.7,0.0,15,1,3,ERA5 - 2019 Kavalappara Landslide (Kerala)
2.4,100.0,23.0,1003.4,5.2,0.0,16,1,3,ERA5 - 2019 Kavalappara Landslide (Kerala)
3.2,100.0,22.6,1003.9,3.9,0.0,17,1,3,ERA5 - 2019 Kavalappara Landslide (Kerala)
2.0,100.0,22.2,1003.9,5.0,0.0,18,1,3,ERA5 - 2019 Kavalappara Landslide (Kerala)
3.9,100.0,22.2,1003.4,8.4,0.0,19,1,3,ERA5 - 2019 Kavalappara Landslide (Kerala)
2.4,100.0,22.1,1002.5,6.4,0.0,20,1,3,ERA5 - 2019 Kavalappara Landslide (Kerala)
0.3,100.0,21.9,1002.2,3.9,0.0,21,1,3,ERA5 - 2019 Kavalappara Landslide (Kerala)
0.2,100.0,21.7,1001.5,2.1,0.0,22,1,3,ERA5 - 2019 Kavalappara Landslide (Kerala)
0.3,100.0,21.6,1001.0,1.6,0.0,23,1,3,ERA5 - 2019 Kavalappara Landslide (Kerala)
0.0,37.0,-2.1,836.8,5.7,0.0,0,1,3,ERA5 - 2021 Chamoli Disaster (Uttarakhand)
0.0,32.0,-1.7,837.3,5.6,0.0,1,1,3,ERA5 - 2021 Chamoli Disaster (Uttarakhand)
0.0,29.0,-1.5,837.9,5.4,0.0,2,1,3,ERA5 - 2021 Chamoli Disaster (Uttarakhand)
0.0,31.0,2.2,840.5,5.6,0.0,3,1,3,ERA5 - 2021 Chamoli Disaster (Uttarakhand)
0.0,20.0,7.6,843.5,3.1,0.0,4,1,3,ERA5 - 2021 Chamoli Disaster (Uttarakhand)
0.0,17.0,9.8,844.2,3.1,0.0,5,1,3,ERA5 - 2021 Chamoli Disaster (Uttarakhand)
0.0,52.0,8.7,843.5,4.6,0.0,6,1,3,ERA5 - 2021 Chamoli Disaster (Uttarakhand)
0.0,54.0,9.0,842.8,4.6,0.0,7,1,3,ERA5 - 2021 Chamoli Disaster (Uttarakhand)
0.0,55.0,9.3,841.8,5.4,0.0,8,1,3,ERA5 - 2021 Chamoli Disaster (Uttarakhand)
0.0,54.0,9.3,841.3,5.6,0.0,9,1,3,ERA5 - 2021 Chamoli Disaster (Uttarakhand)
0.0,60.0,8.5,841.1,6.6,0.0,10,1,3,ERA5 - 2021 Chamoli Disaster (Uttarakhand)
0.0,47.0,8.7,841.6,6.9,0.0,11,1,3,ERA5 - 2021 Chamoli Disaster (Uttarakhand)
0.0,39.0,10.0,842.7,4.7,0.0,12,1,3,ERA5 - 2021 Chamoli Disaster (Uttarakhand)
0.0,42.0,9.0,842.8,1.8,0.0,13,1,3,ERA5 - 2021 Chamoli Disaster (Uttarakhand)
0.0,46.0,7.1,841.8,2.3,0.0,14,1,3,ERA5 - 2021 Chamoli Disaster (Uttarakhand)
0.0,47.0,4.7,840.2,4.6,0.0,15,1,3,ERA5 - 2021 Chamoli Disaster (Uttarakhand)
0.0,42.0,2.9,839.0,6.1,0.0,16,1,3,ERA5 - 2021 Chamoli Disaster (Uttarakhand)
0.0,35.0,1.9,838.3,6.9,0.0,17,1,3,ERA5 - 2021 Chamoli Disaster (Uttarakhand)
0.0,28.0,1.5,838.1,7.9,0.0,18,1,3,ERA5 - 2021 Chamoli Disaster (Uttarakhand)
0.0,23.0,1.5,837.9,8.9,0.0,19,1,3,ERA5 - 2021 Chamoli Disaster (Uttarakhand)
0.0,19.0,1.5,837.7,10.2,0.0,20,1,3,ERA5 - 2021 Chamoli Disaster (Uttarakhand)
0.0,15.0,2.7,837.7,10.5,0.0,21,1,3,ERA5 - 2021 Chamoli Disaster (Uttarakhand)
0.0,12.0,3.7,838.1,11.0,0.0,22,1,3,ERA5 - 2021 Chamoli Disaster (Uttarakhand)
0.0,11.0,4.7,838.6,11.0,0.0,23,1,3,ERA5 - 2021 Chamoli Disaster (Uttarakhand)
0.0,12.0,5.6,839.6,10.8,0.0,0,1,3,ERA5 - 2021 Chamoli Disaster (Uttarakhand)
0.0,11.0,6.2,840.3,10.8,0.0,1,1,3,ERA5 - 2021 Chamoli Disaster (Uttarakhand)
0.0,10.0,6.5,841.0,10.7,0.0,2,1,3,ERA5 - 2021 Chamoli Disaster (Uttarakhand)
0.0,17.0,6.2,841.4,10.4,0.0,3,1,3,ERA5 - 2021 Chamoli Disaster (Uttarakhand)
0.0,28.0,11.2,844.5,7.9,0.0,4,1,3,ERA5 - 2021 Chamoli Disaster (Uttarakhand)
0.0,12.0,17.0,847.4,3.8,0.0,5,1,3,ERA5 - 2021 Chamoli Disaster (Uttarakhand)
0.0,12.0,18.2,847.4,1.3,0.0,6,1,3,ERA5 - 2021 Chamoli Disaster (Uttarakhand)
0.0,15.0,18.5,846.8,5.1,0.0,7,1,3,ERA5 - 2021 Chamoli Disaster (Uttarakhand)
0.0,23.0,18.9,846.6,5.9,0.0,8,1,3,ERA5 - 2021 Chamoli Disaster (Uttarakhand)
0.0,27.0,18.6,846.2,6.1,0.0,9,1,3,ERA5 - 2021 Chamoli Disaster (Uttarakhand)
0.0,29.0,18.0,846.2,6.6,0.0,10,1,3,ERA5 - 2021 Chamoli Disaster (Uttarakhand)
0.0,32.0,17.2,846.3,4.8,0.0,11,1,3,ERA5 - 2021 Chamoli Disaster (Uttarakhand)
0.0,25.0,16.8,845.6,3.3,0.0,12,1,3,ERA5 - 2021 Chamoli Disaster (Uttarakhand)
0.0,28.0,15.3,845.5,0.4,0.0,13,1,3,ERA5 - 2021 Chamoli Disaster (Uttarakhand)
0.0,32.0,12.3,844.8,2.6,0.0,14,1,3,ERA5 - 2021 Chamoli Disaster (Uttarakhand)
0.0,33.0,9.3,843.5,5.1,0.0,15,1,3,ERA5 - 2021 Chamoli Disaster (Uttarakhand)
0.0,30.0,7.6,842.5,5.6,0.0,16,1,3,ERA5 - 2021 Chamoli Disaster (Uttarakhand)
0.0,26.0,6.6,842.0,5.6,0.0,17,1,3,ERA5 - 2021 Chamoli Disaster (Uttarakhand)
0.0,23.0,6.1,841.6,5.9,0.0,18,1,3,ERA5 - 2021 Chamoli Disaster (Uttarakhand)
0.0,18.0,6.6,841.3,5.9,0.0,19,1,3,ERA5 - 2021 Chamoli Disaster (Uttarakhand)
0.0,15.0,6.9,841.5,5.9,0.0,20,1,3,ERA5 - 2021 Chamoli Disaster (Uttarakhand)
0.0,14.0,6.7,841.0,5.9,0.0,21,1,3,ERA5 - 2021 Chamoli Disaster (Uttarakhand)
0.0,13.0,6.5,840.5,5.9,0.0,22,1,3,ERA5 - 2021 Chamoli Disaster (Uttarakhand)
0.0,11.0,7.1,840.7,5.6,0.0,23,1,3,ERA5 - 2021 Chamoli Disaster (Uttarakhand)
0.0,12.0,7.3,841.3,6.1,0.0,0,1,3,ERA5 - 2021 Chamoli Disaster (Uttarakhand)
0.0,11.0,8.1,841.9,6.4,0.0,1,1,3,ERA5 - 2021 Chamoli Disaster (Uttarakhand)
0.0,11.0,6.8,841.6,6.4,0.0,2,1,3,ERA5 - 2021 Chamoli Disaster (Uttarakhand)
0.0,10.0,10.8,844.4,5.1,0.0,3,1,3,ERA5 - 2021 Chamoli Disaster (Uttarakhand)
0.0,20.0,16.5,847.8,2.7,0.0,4,1,3,ERA5 - 2021 Chamoli Disaster (Uttarakhand)
0.0,16.0,19.3,849.2,2.8,0.0,5,1,3,ERA5 - 2021 Chamoli Disaster (Uttarakhand)
0.0,20.0,20.0,848.9,5.6,0.0,6,1,3,ERA5 - 2021 Chamoli Disaster (Uttarakhand)
0.0,24.0,20.3,848.1,6.4,0.0,7,1,3,ERA5 - 2021 Chamoli Disaster (Uttarakhand)
0.0,28.0,20.3,847.4,6.9,0.0,8,1,3,ERA5 - 2021 Chamoli Disaster (Uttarakhand)
0.0,30.0,20.1,846.9,6.9,0.0,9,1,3,ERA5 - 2021 Chamoli Disaster (Uttarakhand)
0.0,32.0,19.6,846.6,6.4,0.0,10,1,3,ERA5 - 2021 Chamoli Disaster (Uttarakhand)
0.0,35.0,18.9,846.4,4.7,0.0,11,1,3,ERA5 - 2021 Chamoli Disaster (Uttarakhand)
0.0,32.0,18.1,846.0,2.1,0.0,12,1,3,ERA5 - 2021 Chamoli Disaster (Uttarakhand)
0.0,36.0,16.4,845.4,0.8,0.0,13,1,3,ERA5 - 2021 Chamoli Disaster (Uttarakhand)
0.0,40.0,13.6,844.3,3.6,0.0,14,1,3,ERA5 - 2021 Chamoli Disaster (Uttarakhand)
0.0,39.0,11.1,843.3,5.1,0.0,15,1,3,ERA5 - 2021 Chamoli Disaster (Uttarakhand)
0.0,33.0,9.8,842.5,5.9,0.0,16,1,3,ERA5 - 2021 Chamoli Disaster (Uttarakhand)
0.0,25.0,9.5,842.1,6.1,0.0,17,1,3,ERA5 - 2021 Chamoli Disaster (Uttarakhand)
0.0,20.0,9.3,841.8,6.4,0.0,18,1,3,ERA5 - 2021 Chamoli Disaster (Uttarakhand)
0.0,18.0,8.2,840.6,6.9,0.0,19,1,3,ERA5 - 2021 Chamoli Disaster (Uttarakhand)
0.0,19.0,7.1,839.4,7.4,0.0,20,1,3,ERA5 - 2021 Chamoli Disaster (Uttarakhand)
0.0,20.0,6.6,838.4,7.7,0.0,21,1,3,ERA5 - 2021 Chamoli Disaster (Uttarakhand)
0.0,21.0,6.2,837.7,8.1,0.0,22,1,3,ERA5 - 2021 Chamoli Disaster (Uttarakhand)
0.0,21.0,6.2,837.4,8.2,0.0,23,1,3,ERA5 - 2021 Chamoli Disaster (Uttarakhand)
2.6,96.0,24.6,1004.8,11.0,0.0,0,1,3,ERA5 - 2021 Raigad Landslides (Maharashtra)
1.7,95.0,24.8,1005.2,8.8,0.0,1,1,3,ERA5 - 2021 Raigad Landslides (Maharashtra)
1.4,96.0,25.0,1005.7,9.6,0.0,2,1,3,ERA5 - 2021 Raigad Landslides (Maharashtra)
2.6,96.0,25.1,1005.8,10.8,0.0,3,1,3,ERA5 - 2021 Raigad Landslides (Maharashtra)
2.8,92.0,25.2,1006.0,15.2,0.0,4,1,3,ERA5 - 2021 Raigad Landslides (Maharashtra)
2.1,94.0,25.5,1006.1,10.9,0.0,5,1,3,ERA5 - 2021 Raigad Landslides (Maharashtra)
2.2,93.0,26.2,1005.4,11.9,0.0,6,1,3,ERA5 - 2021 Raigad Landslides (Maharashtra)
3.9,95.0,25.6,1005.1,12.8,0.0,7,1,3,ERA5 - 2021 Raigad Landslides (Maharashtra)
2.0,96.0,25.6,1004.3,12.0,0.0,8,1,3,ERA5 - 2021 Raigad Landslides (Maharashtra)
2.1,95.0,25.5,1003.8,13.6,0.0,9,1,3,ERA5 - 2021 Raigad Landslides (Maharashtra)
1.9,95.0,25.4,1003.3,15.8,0.0,10,1,3,ERA5 - 2021 Raigad Landslides (Maharashtra)
1.5,96.0,25.2,1003.2,14.1,0.0,11,1,3,ERA5 - 2021 Raigad Landslides (Maharashtra)
1.9,93.0,25.3,1002.8,13.2,0.0,12,1,3,ERA5 - 2021 Raigad Landslides (Maharashtra)
2.2,93.0,25.2,1002.8,12.5,0.0,13,1,3,ERA5 - 2021 Raigad Landslides (Maharashtra)
2.3,94.0,25.2,1003.1,13.2,0.0,14,1,3,ERA5 - 2021 Raigad Landslides (Maharashtra)
1.5,93.0,25.3,1003.3,13.0,0.0,15,1,3,ERA5 - 2021 Raigad Landslides (Maharashtra)
1.4,93.0,25.4,1003.8,13.8,0.0,16,1,3,ERA5 - 2021 Raigad Landslides (Maharashtra)
1.4,93.0,25.2,1003.9,20.2,0.0,17,1,3,ERA5 - 2021 Raigad Landslides (Maharashtra)
2.6,91.0,25.2,1003.9,17.3,0.0,18,1,3,ERA5 - 2021 Raigad Landslides (Maharashtra)
1.5,90.0,25.3,1003.4,16.0,0.0,19,1,3,ERA5 - 2021 Raigad Landslides (Maharashtra)
2.0,91.0,25.1,1002.9,16.0,0.0,20,1,3,ERA5 - 2021 Raigad Landslides (Maharashtra)
1.3,91.0,25.1,1002.3,14.8,0.0,21,1,3,ERA5 - 2021 Raigad Landslides (Maharashtra)
1.0,94.0,24.7,1002.0,13.9,0.0,22,1,3,ERA5 - 2021 Raigad Landslides (Maharashtra)
0.8,94.0,24.6,1001.9,12.1,0.0,23,1,3,ERA5 - 2021 Raigad Landslides (Maharashtra)
0.6,92.0,24.9,1001.7,9.9,0.0,0,1,3,ERA5 - 2021 Raigad Landslides (Maharashtra)
0.7,94.0,25.1,1001.9,10.7,0.0,1,1,3,ERA5 - 2021 Raigad Landslides (Maharashtra)
0.9,93.0,24.7,1002.3,10.8,0.0,2,1,3,ERA5 - 2021 Raigad Landslides (Maharashtra)
1.6,95.0,24.6,1002.8,9.7,0.0,3,1,3,ERA5 - 2021 Raigad Landslides (Maharashtra)
2.7,96.0,24.4,1003.4,8.0,0.0,4,1,3,ERA5 - 2021 Raigad Landslides (Maharashtra)
2.8,96.0,24.7,1003.6,9.7,0.0,5,1,3,ERA5 - 2021 Raigad Landslides (Maharashtra)
2.5,95.0,24.9,1003.4,10.9,0.0,6,1,3,ERA5 - 2021 Raigad Landslides (Maharashtra)
2.5,94.0,25.1,1002.9,13.0,0.0,7,1,3,ERA5 - 2021 Raigad Landslides (Maharashtra)
1.2,95.0,25.3,1002.1,13.8,0.0,8,1,3,ERA5 - 2021 Raigad Landslides (Maharashtra)
0.9,95.0,25.3,1001.2,13.6,0.0,9,1,3,ERA5 - 2021 Raigad Landslides (Maharashtra)
1.3,94.0,24.9,1000.6,15.2,0.0,10,1,3,ERA5 - 2021 Raigad Landslides (Maharashtra)
0.8,92.0,25.3,1000.1,15.1,0.0,11,1,3,ERA5 - 2021 Raigad Landslides (Maharashtra)
1.4,90.0,26.0,998.8,15.1,0.0,12,1,3,ERA5 - 2021 Raigad Landslides (Maharashtra)
1.2,94.0,25.3,999.5,13.0,0.0,13,1,3,ERA5 - 2021 Raigad Landslides (Maharashtra)
1.1,93.0,25.1,1000.6,13.3,0.0,14,1,3,ERA5 - 2021 Raigad Landslides (Maharashtra)
1.4,94.0,25.0,1001.4,13.6,0.0,15,1,3,ERA5 - 2021 Raigad Landslides (Maharashtra)
1.2,95.0,25.0,1002.2,13.8,0.0,16,1,3,ERA5 - 2021 Raigad Landslides (Maharashtra)
1.0,94.0,24.6,1002.7,8.8,0.0,17,1,3,ERA5 - 2021 Raigad Landslides (Maharashtra)
1.6,95.0,24.4,1002.7,6.5,0.0,18,1,3,ERA5 - 2021 Raigad Landslides (Maharashtra)
1.8,96.0,24.2,1002.4,4.3,0.0,19,1,3,ERA5 - 2021 Raigad Landslides (Maharashtra)
1.9,96.0,23.8,1001.9,4.1,0.0,20,1,3,ERA5 - 2021 Raigad Landslides (Maharashtra)
3.0,97.0,23.5,1001.7,3.6,0.0,21,1,3,ERA5 - 2021 Raigad Landslides (Maharashtra)
1.7,98.0,23.2,1001.5,4.3,0.0,22,1,3,ERA5 - 2021 Raigad Landslides (Maharashtra)
0.7,97.0,23.2,1001.3,4.7,0.0,23,1,3,ERA5 - 2021 Raigad Landslides (Maharashtra)
1.4,97.0,23.6,1001.0,2.5,0.0,0,1,3,ERA5 - 2021 Raigad Landslides (Maharashtra)
1.8,98.0,23.8,1001.0,3.4,0.0,1,1,3,ERA5 - 2021 Raigad Landslides (Maharashtra)
2.5,98.0,23.8,1001.7,3.2,0.0,2,1,3,ERA5 - 2021 Raigad Landslides (Maharashtra)
2.9,98.0,23.5,1002.3,4.7,0.0,3,1,3,ERA5 - 2021 Raigad Landslides (Maharashtra)
4.1,98.0,23.8,1002.9,4.8,0.0,4,1,3,ERA5 - 2021 Raigad Landslides (Maharashtra)
5.3,98.0,24.0,1003.3,2.9,0.0,5,1,3,ERA5 - 2021 Raigad Landslides (Maharashtra)
7.5,98.0,24.3,1003.4,4.4,0.0,6,1,3,ERA5 - 2021 Raigad Landslides (Maharashtra)
3.4,97.0,24.5,1003.0,7.0,0.0,7,1,3,ERA5 - 2021 Raigad Landslides (Maharashtra)
2.3,95.0,24.8,1002.2,8.2,0.0,8,1,3,ERA5 - 2021 Raigad Landslides (Maharashtra)
2.3,95.0,24.8,1001.4,9.2,0.0,9,1,3,ERA5 - 2021 Raigad Landslides (Maharashtra)
1.3,92.0,24.8,1001.2,11.3,0.0,10,1,3,ERA5 - 2021 Raigad Landslides (Maharashtra)
1.5,94.0,24.2,1001.1,6.5,0.0,11,1,3,ERA5 - 2021 Raigad Landslides (Maharashtra)
1.0,95.0,24.7,1000.4,4.7,0.0,12,1,3,ERA5 - 2021 Raigad Landslides (Maharashtra)
0.4,95.0,24.9,1000.5,4.9,0.0,13,1,3,ERA5 - 2021 Raigad Landslides (Maharashtra)
0.5,96.0,24.6,1001.3,6.5,0.0,14,1,3,ERA5 - 2021 Raigad Landslides (Maharashtra)
1.2,97.0,23.9,1002.2,3.2,0.0,15,1,3,ERA5 - 2021 Raigad Landslides (Maharashtra)
1.3,99.0,23.5,1003.0,3.6,0.0,16,1,3,ERA5 - 2021 Raigad Landslides (Maharashtra)
1.1,98.0,23.7,1003.4,6.1,0.0,17,1,3,ERA5 - 2021 Raigad Landslides (Maharashtra)
1.0,98.0,23.7,1003.7,8.1,0.0,18,1,3,ERA5 - 2021 Raigad Landslides (Maharashtra)
1.1,98.0,23.6,1003.1,8.0,0.0,19,1,3,ERA5 - 2021 Raigad Landslides (Maharashtra)
1.2,99.0,23.4,1002.9,6.3,0.0,20,1,3,ERA5 - 2021 Raigad Landslides (Maharashtra)
1.7,98.0,23.6,1002.4,4.4,0.0,21,1,3,ERA5 - 2021 Raigad Landslides (Maharashtra)
1.3,97.0,23.7,1002.3,5.1,0.0,22,1,3,ERA5 - 2021 Raigad Landslides (Maharashtra)
1.6,99.0,23.3,1002.5,4.5,0.0,23,1,3,ERA5 - 2021 Raigad Landslides (Maharashtra)
1.7,97.0,24.3,1001.9,9.7,0.0,0,1,3,ERA5 - 2021 Raigad Landslides (Maharashtra)
0.5,97.0,24.6,1002.4,8.8,0.0,1,1,3,ERA5 - 2021 Raigad Landslides (Maharashtra)
0.5,94.0,25.0,1003.2,8.9,0.0,2,1,3,ERA5 - 2021 Raigad Landslides (Maharashtra)
0.4,95.0,25.0,1003.9,10.1,0.0,3,1,3,ERA5 - 2021 Raigad Landslides (Maharashtra)
0.4,90.0,26.3,1004.2,7.9,0.0,4,1,3,ERA5 - 2021 Raigad Landslides (Maharashtra)
0.5,89.0,26.0,1004.4,13.8,0.0,5,1,3,ERA5 - 2021 Raigad Landslides (Maharashtra)
0.7,82.0,27.0,1004.3,15.2,0.0,6,1,3,ERA5 - 2021 Raigad Landslides (Maharashtra)
1.0,86.0,26.9,1004.0,14.8,0.0,7,1,3,ERA5 - 2021 Raigad Landslides (Maharashtra)
0.9,85.0,27.1,1003.4,13.3,0.0,8,1,3,ERA5 - 2021 Raigad Landslides (Maharashtra)
1.1,92.0,25.6,1003.2,10.9,0.0,9,1,3,ERA5 - 2021 Raigad Landslides (Maharashtra)
0.2,88.0,26.9,1002.2,13.0,0.0,10,1,3,ERA5 - 2021 Raigad Landslides (Maharashtra)
0.4,89.0,26.8,1001.9,8.8,0.0,11,1,3,ERA5 - 2021 Raigad Landslides (Maharashtra)
0.9,89.0,26.2,1001.7,9.8,0.0,12,1,3,ERA5 - 2021 Raigad Landslides (Maharashtra)
0.5,91.0,25.7,1002.0,9.4,0.0,13,1,3,ERA5 - 2021 Raigad Landslides (Maharashtra)
0.7,94.0,24.9,1002.7,7.3,0.0,14,1,3,ERA5 - 2021 Raigad Landslides (Maharashtra)
0.6,96.0,24.9,1003.0,7.7,0.0,15,1,3,ERA5 - 2021 Raigad Landslides (Maharashtra)
0.8,95.0,24.8,1003.7,5.1,0.0,16,1,3,ERA5 - 2021 Raigad Landslides (Maharashtra)
0.7,96.0,24.8,1004.4,7.9,0.0,17,1,3,ERA5 - 2021 Raigad Landslides (Maharashtra)
0.5,94.0,24.7,1004.8,8.4,0.0,18,1,3,ERA5 - 2021 Raigad Landslides (Maharashtra)
0.6,97.0,24.5,1004.7,9.2,0.0,19,1,3,ERA5 - 2021 Raigad Landslides (Maharashtra)
0.5,96.0,24.3,1004.2,8.9,0.0,20,1,3,ERA5 - 2021 Raigad Landslides (Maharashtra)
0.6,98.0,24.2,1003.6,11.3,0.0,21,1,3,ERA5 - 2021 Raigad Landslides (Maharashtra)
0.4,96.0,24.2,1003.3,9.4,0.0,22,1,3,ERA5 - 2021 Raigad Landslides (Maharashtra)
0.5,96.0,24.1,1003.4,10.5,0.0,23,1,3,ERA5 - 2021 Raigad Landslides (Maharashtra)
1.1,100.0,22.0,937.1,1.6,0.0,0,1,3,ERA5 - 2022 Manipur Landslide (Tupul)
0.1,98.0,22.3,937.8,1.9,0.0,1,1,3,ERA5 - 2022 Manipur Landslide (Tupul)
0.1,98.0,22.8,938.2,1.8,0.0,2,1,3,ERA5 - 2022 Manipur Landslide (Tupul)
0.2,97.0,22.8,938.2,1.1,0.0,3,1,3,ERA5 - 2022 Manipur Landslide (Tupul)
0.4,94.0,23.4,938.2,1.1,0.0,4,1,3,ERA5 - 2022 Manipur Landslide (Tupul)
0.3,93.0,23.9,938.0,3.2,0.0,5,1,3,ERA5 - 2022 Manipur Landslide (Tupul)
0.3,89.0,24.5,937.6,4.4,0.0,6,1,3,ERA5 - 2022 Manipur Landslide (Tupul)
0.4,87.0,25.2,936.5,5.4,0.0,7,1,3,ERA5 - 2022 Manipur Landslide (Tupul)
0.2,81.0,26.5,936.4,5.1,0.0,8,1,3,ERA5 - 2022 Manipur Landslide (Tupul)
0.5,88.0,25.1,935.6,3.8,0.0,9,1,3,ERA5 - 2022 Manipur Landslide (Tupul)
0.4,91.0,24.1,935.1,1.6,0.0,10,1,3,ERA5 - 2022 Manipur Landslide (Tupul)
1.1,98.0,23.5,935.2,2.3,0.0,11,1,3,ERA5 - 2022 Manipur Landslide (Tupul)
1.4,93.0,23.9,936.2,2.6,0.0,12,1,3,ERA5 - 2022 Manipur Landslide (Tupul)
0.1,94.0,23.3,936.9,2.3,0.0,13,1,3,ERA5 - 2022 Manipur Landslide (Tupul)
0.2,94.0,23.2,937.8,1.8,0.0,14,1,3,ERA5 - 2022 Manipur Landslide (Tupul)
0.0,95.0,22.8,938.1,1.3,0.0,15,1,3,ERA5 - 2022 Manipur Landslide (Tupul)
0.0,96.0,22.5,938.4,1.5,0.0,16,1,3,ERA5 - 2022 Manipur Landslide (Tupul)
0.0,96.0,22.5,938.2,2.1,0.0,17,1,3,ERA5 - 2022 Manipur Landslide (Tupul)
0.0,96.0,22.6,937.7,1.5,0.0,18,1,3,ERA5 - 2022 Manipur Landslide (Tupul)
0.1,96.0,22.6,937.3,1.1,0.0,19,1,3,ERA5 - 2022 Manipur Landslide (Tupul)
0.2,97.0,22.6,936.8,0.7,0.0,20,1,3,ERA5 - 2022 Manipur Landslide (Tupul)
0.2,97.0,22.3,936.4,1.0,0.0,21,1,3,ERA5 - 2022 Manipur Landslide (Tupul)
0.2,96.0,22.4,936.2,1.6,0.0,22,1,3,ERA5 - 2022 Manipur Landslide (Tupul)
0.2,97.0,22.2,936.3,1.1,0.0,23,1,3,ERA5 - 2022 Manipur Landslide (Tupul)
0.0,96.0,22.6,936.5,1.8,0.0,0,1,3,ERA5 - 2022 Manipur Landslide (Tupul)
0.1,95.0,23.1,937.0,1.3,0.0,1,1,3,ERA5 - 2022 Manipur Landslide (Tupul)
0.1,96.0,23.2,937.6,2.0,0.0,2,1,3,ERA5 - 2022 Manipur Landslide (Tupul)
0.1,89.0,24.3,937.9,0.8,0.0,3,1,3,ERA5 - 2022 Manipur Landslide (Tupul)
0.6,85.0,24.7,938.1,1.3,0.0,4,1,3,ERA5 - 2022 Manipur Landslide (Tupul)
0.2,86.0,25.2,938.0,2.9,0.0,5,1,3,ERA5 - 2022 Manipur Landslide (Tupul)
0.4,89.0,24.7,937.7,4.0,0.0,6,1,3,ERA5 - 2022 Manipur Landslide (Tupul)
0.8,92.0,24.3,936.7,4.0,0.0,7,1,3,ERA5 - 2022 Manipur Landslide (Tupul)
0.3,91.0,24.4,935.6,2.9,0.0,8,1,3,ERA5 - 2022 Manipur Landslide (Tupul)
0.1,86.0,25.4,934.9,5.0,0.0,9,1,3,ERA5 - 2022 Manipur Landslide (Tupul)
0.1,87.0,25.2,934.5,5.0,0.0,10,1,3,ERA5 - 2022 Manipur Landslide (Tupul)
0.0,89.0,24.5,934.5,3.7,0.0,11,1,3,ERA5 - 2022 Manipur Landslide (Tupul)
0.1,94.0,23.4,934.9,2.0,0.0,12,1,3,ERA5 - 2022 Manipur Landslide (Tupul)
0.3,96.0,23.1,936.0,0.4,0.0,13,1,3,ERA5 - 2022 Manipur Landslide (Tupul)
0.1,100.0,21.9,936.4,2.2,0.0,14,1,3,ERA5 - 2022 Manipur Landslide (Tupul)
0.0,100.0,21.8,936.7,2.3,0.0,15,1,3,ERA5 - 2022 Manipur Landslide (Tupul)
0.0,100.0,21.2,937.1,2.9,0.0,16,1,3,ERA5 - 2022 Manipur Landslide (Tupul)
0.0,100.0,21.0,937.2,2.6,0.0,17,1,3,ERA5 - 2022 Manipur Landslide (Tupul)
0.0,100.0,20.9,936.5,3.3,0.0,18,1,3,ERA5 - 2022 Manipur Landslide (Tupul)
0.0,100.0,20.6,936.1,3.2,0.0,19,1,3,ERA5 - 2022 Manipur Landslide (Tupul)
0.1,100.0,21.1,935.8,2.3,0.0,20,1,3,ERA5 - 2022 Manipur Landslide (Tupul)
0.0,100.0,21.5,935.2,2.5,0.0,21,1,3,ERA5 - 2022 Manipur Landslide (Tupul)
0.0,100.0,20.7,934.9,2.5,0.0,22,1,3,ERA5 - 2022 Manipur Landslide (Tupul)
0.0,93.0,22.0,935.4,1.4,0.0,23,1,3,ERA5 - 2022 Manipur Landslide (Tupul)
0.0,90.0,23.1,936.0,1.8,0.0,0,1,3,ERA5 - 2022 Manipur Landslide (Tupul)
0.0,96.0,23.6,936.7,2.5,0.0,1,1,3,ERA5 - 2022 Manipur Landslide (Tupul)
0.0,89.0,24.6,937.2,1.0,0.0,2,1,3,ERA5 - 2022 Manipur Landslide (Tupul)
0.0,83.0,26.0,937.4,2.2,0.0,3,1,3,ERA5 - 2022 Manipur Landslide (Tupul)
0.0,77.0,27.0,937.4,4.4,0.0,4,1,3,ERA5 - 2022 Manipur Landslide (Tupul)
0.1,77.0,27.1,936.9,5.5,0.0,5,1,3,ERA5 - 2022 Manipur Landslide (Tupul)
0.0,72.0,28.3,936.2,5.2,0.0,6,1,3,ERA5 - 2022 Manipur Landslide (Tupul)
0.0,67.0,29.3,934.9,5.8,0.0,7,1,3,ERA5 - 2022 Manipur Landslide (Tupul)
0.7,69.0,28.1,934.4,8.3,0.0,8,1,3,ERA5 - 2022 Manipur Landslide (Tupul)
0.9,78.0,27.0,933.9,5.2,0.0,9,1,3,ERA5 - 2022 Manipur Landslide (Tupul)
1.4,83.0,26.0,933.3,5.6,0.0,10,1,3,ERA5 - 2022 Manipur Landslide (Tupul)
1.1,94.0,24.8,933.4,1.5,0.0,11,1,3,ERA5 - 2022 Manipur Landslide (Tupul)
0.1,86.0,26.4,933.8,3.1,0.0,12,1,3,ERA5 - 2022 Manipur Landslide (Tupul)
0.0,93.0,24.7,934.1,3.2,0.0,13,1,3,ERA5 - 2022 Manipur Landslide (Tupul)
0.1,96.0,23.9,935.1,2.5,0.0,14,1,3,ERA5 - 2022 Manipur Landslide (Tupul)
0.0,97.0,23.2,935.7,2.2,0.0,15,1,3,ERA5 - 2022 Manipur Landslide (Tupul)
0.0,96.0,23.4,936.1,3.3,0.0,16,1,3,ERA5 - 2022 Manipur Landslide (Tupul)
0.0,94.0,23.4,936.2,1.1,0.0,17,1,3,ERA5 - 2022 Manipur Landslide (Tupul)
3.2,95.0,22.8,936.2,1.8,0.0,18,1,3,ERA5 - 2022 Manipur Landslide (Tupul)
1.3,94.0,22.7,935.5,0.5,0.0,19,1,3,ERA5 - 2022 Manipur Landslide (Tupul)
7.1,100.0,21.6,935.4,1.4,0.0,20,1,3,ERA5 - 2022 Manipur Landslide (Tupul)
0.3,100.0,21.9,935.0,2.2,0.0,21,1,3,ERA5 - 2022 Manipur Landslide (Tupul)
0.0,100.0,21.7,934.1,1.8,0.0,22,1,3,ERA5 - 2022 Manipur Landslide (Tupul)
0.0,98.0,21.8,934.2,1.3,0.0,23,1,3,ERA5 - 2022 Manipur Landslide (Tupul)
0.0,99.0,21.9,935.3,1.8,0.0,0,1,3,ERA5 - 2022 Manipur Landslide (Tupul)
0.0,95.0,23.0,935.8,0.8,0.0,1,1,3,ERA5 - 2022 Manipur Landslide (Tupul)
0.0,90.0,24.1,936.0,1.3,0.0,2,1,3,ERA5 - 2022 Manipur Landslide (Tupul)
0.1,81.0,26.0,935.9,2.6,0.0,3,1,3,ERA5 - 2022 Manipur Landslide (Tupul)
0.1,74.0,27.9,935.9,4.0,0.0,4,1,3,ERA5 - 2022 Manipur Landslide (Tupul)
0.2,69.0,29.0,935.1,3.6,0.0,5,1,3,ERA5 - 2022 Manipur Landslide (Tupul)
0.1,64.0,29.9,934.2,4.7,0.0,6,1,3,ERA5 - 2022 Manipur Landslide (Tupul)
0.0,60.0,31.1,933.1,3.7,0.0,7,1,3,ERA5 - 2022 Manipur Landslide (Tupul)
0.0,59.0,31.4,931.9,2.9,0.0,8,1,3,ERA5 - 2022 Manipur Landslide (Tupul)
0.2,61.0,30.8,931.5,5.9,0.0,9,1,3,ERA5 - 2022 Manipur Landslide (Tupul)
1.6,91.0,26.2,931.7,4.8,0.0,10,1,3,ERA5 - 2022 Manipur Landslide (Tupul)
0.2,94.0,25.0,931.7,0.4,0.0,11,1,3,ERA5 - 2022 Manipur Landslide (Tupul)
0.7,94.0,26.0,932.8,2.3,0.0,12,1,3,ERA5 - 2022 Manipur Landslide (Tupul)
0.0,97.0,24.5,933.2,3.6,0.0,13,1,3,ERA5 - 2022 Manipur Landslide (Tupul)
0.0,98.0,24.3,933.7,2.5,0.0,14,1,3,ERA5 - 2022 Manipur Landslide (Tupul)
1.6,90.0,24.6,934.8,1.5,0.0,15,1,3,ERA5 - 2022 Manipur Landslide (Tupul)
4.8,100.0,22.7,935.4,4.2,0.0,16,1,3,ERA5 - 2022 Manipur Landslide (Tupul)
1.4,100.0,22.6,935.8,2.6,0.0,17,1,3,ERA5 - 2022 Manipur Landslide (Tupul)
0.0,100.0,22.2,935.2,2.4,0.0,18,1,3,ERA5 - 2022 Manipur Landslide (Tupul)
0.7,100.0,21.8,935.1,2.5,0.0,19,1,3,ERA5 - 2022 Manipur Landslide (Tupul)
4.1,100.0,22.0,934.8,0.5,0.0,20,1,3,ERA5 - 2022 Manipur Landslide (Tupul)
0.1,100.0,22.0,934.6,2.1,0.0,21,1,3,ERA5 - 2022 Manipur Landslide (Tupul)
0.2,100.0,21.9,934.7,1.8,0.0,22,1,3,ERA5 - 2022 Manipur Landslide (Tupul)
0.2,98.0,22.0,934.8,4.4,0.0,23,1,3,ERA5 - 2022 Manipur Landslide (Tupul)
1.0,96.0,24.3,995.6,12.5,0.0,0,1,3,ERA5 - 2023 Irshalwadi Landslide (Maharashtra)
0.6,95.0,24.6,995.8,11.8,0.0,1,1,3,ERA5 - 2023 Irshalwadi Landslide (Maharashtra)
1.1,96.0,24.6,996.7,12.8,0.0,2,1,3,ERA5 - 2023 Irshalwadi Landslide (Maharashtra)
2.1,95.0,24.7,997.0,14.5,0.0,3,1,3,ERA5 - 2023 Irshalwadi Landslide (Maharashtra)
0.6,94.0,25.4,997.4,14.3,0.0,4,1,3,ERA5 - 2023 Irshalwadi Landslide (Maharashtra)
3.0,92.0,24.9,997.6,17.8,0.0,5,1,3,ERA5 - 2023 Irshalwadi Landslide (Maharashtra)
1.1,94.0,25.1,997.3,17.0,0.0,6,1,3,ERA5 - 2023 Irshalwadi Landslide (Maharashtra)
0.8,91.0,25.9,996.4,15.8,0.0,7,1,3,ERA5 - 2023 Irshalwadi Landslide (Maharashtra)
0.5,87.0,26.6,995.8,18.8,0.0,8,1,3,ERA5 - 2023 Irshalwadi Landslide (Maharashtra)
3.4,94.0,25.6,995.2,20.0,0.0,9,1,3,ERA5 - 2023 Irshalwadi Landslide (Maharashtra)
1.9,93.0,25.7,994.6,16.9,0.0,10,1,3,ERA5 - 2023 Irshalwadi Landslide (Maharashtra)
4.6,95.0,25.2,994.4,16.5,0.0,11,1,3,ERA5 - 2023 Irshalwadi Landslide (Maharashtra)
2.1,95.0,24.8,994.2,16.9,0.0,12,1,3,ERA5 - 2023 Irshalwadi Landslide (Maharashtra)
1.2,96.0,24.7,994.7,14.8,0.0,13,1,3,ERA5 - 2023 Irshalwadi Landslide (Maharashtra)
2.9,95.0,24.4,995.3,15.3,0.0,14,1,3,ERA5 - 2023 Irshalwadi Landslide (Maharashtra)
1.7,94.0,24.7,995.4,14.0,0.0,15,1,3,ERA5 - 2023 Irshalwadi Landslide (Maharashtra)
1.0,96.0,24.3,996.0,11.8,0.0,16,1,3,ERA5 - 2023 Irshalwadi Landslide (Maharashtra)
0.6,97.0,24.2,996.4,11.9,0.0,17,1,3,ERA5 - 2023 Irshalwadi Landslide (Maharashtra)
0.4,96.0,24.4,995.9,10.0,0.0,18,1,3,ERA5 - 2023 Irshalwadi Landslide (Maharashtra)
1.8,97.0,24.3,995.5,12.9,0.0,19,1,3,ERA5 - 2023 Irshalwadi Landslide (Maharashtra)
1.4,97.0,24.5,994.3,13.1,0.0,20,1,3,ERA5 - 2023 Irshalwadi Landslide (Maharashtra)
3.8,95.0,24.4,993.9,11.6,0.0,21,1,3,ERA5 - 2023 Irshalwadi Landslide (Maharashtra)
3.2,95.0,24.4,993.7,12.6,0.0,22,1,3,ERA5 - 2023 Irshalwadi Landslide (Maharashtra)
1.9,97.0,24.0,993.4,12.5,0.0,23,1,3,ERA5 - 2023 Irshalwadi Landslide (Maharashtra)
1.2,96.0,24.3,993.8,11.8,0.0,0,1,3,ERA5 - 2023 Irshalwadi Landslide (Maharashtra)
0.8,97.0,24.5,994.0,10.7,0.0,1,1,3,ERA5 - 2023 Irshalwadi Landslide (Maharashtra)
1.8,96.0,24.7,994.6,13.0,0.0,2,1,3,ERA5 - 2023 Irshalwadi Landslide (Maharashtra)
3.6,94.0,25.0,994.8,18.3,0.0,3,1,3,ERA5 - 2023 Irshalwadi Landslide (Maharashtra)
3.9,94.0,25.1,995.2,15.9,0.0,4,1,3,ERA5 - 2023 Irshalwadi Landslide (Maharashtra)
1.4,95.0,25.7,995.0,14.8,0.0,5,1,3,ERA5 - 2023 Irshalwadi Landslide (Maharashtra)
2.0,94.0,25.7,994.8,17.3,0.0,6,1,3,ERA5 - 2023 Irshalwadi Landslide (Maharashtra)
2.1,92.0,25.6,994.4,17.9,0.0,7,1,3,ERA5 - 2023 Irshalwadi Landslide (Maharashtra)
3.3,91.0,25.4,994.0,17.9,0.0,8,1,3,ERA5 - 2023 Irshalwadi Landslide (Maharashtra)
3.2,94.0,25.5,993.2,15.1,0.0,9,1,3,ERA5 - 2023 Irshalwadi Landslide (Maharashtra)
1.4,94.0,25.4,992.5,15.7,0.0,10,1,3,ERA5 - 2023 Irshalwadi Landslide (Maharashtra)
0.7,94.0,25.3,992.5,15.0,0.0,11,1,3,ERA5 - 2023 Irshalwadi Landslide (Maharashtra)
1.2,96.0,25.2,992.0,12.7,0.0,12,1,3,ERA5 - 2023 Irshalwadi Landslide (Maharashtra)
3.8,95.0,25.0,992.1,13.7,0.0,13,1,3,ERA5 - 2023 Irshalwadi Landslide (Maharashtra)
5.3,98.0,24.7,992.8,10.5,0.0,14,1,3,ERA5 - 2023 Irshalwadi Landslide (Maharashtra)
4.0,99.0,24.9,993.4,10.1,0.0,15,1,3,ERA5 - 2023 Irshalwadi Landslide (Maharashtra)
4.3,95.0,24.7,994.1,14.1,0.0,16,1,3,ERA5 - 2023 Irshalwadi Landslide (Maharashtra)
1.5,95.0,24.8,994.6,14.7,0.0,17,1,3,ERA5 - 2023 Irshalwadi Landslide (Maharashtra)
0.9,98.0,24.6,994.3,12.3,0.0,18,1,3,ERA5 - 2023 Irshalwadi Landslide (Maharashtra)
1.0,96.0,24.5,994.0,13.7,0.0,19,1,3,ERA5 - 2023 Irshalwadi Landslide (Maharashtra)
0.4,97.0,24.4,993.3,11.6,0.0,20,1,3,ERA5 - 2023 Irshalwadi Landslide (Maharashtra)
0.4,96.0,24.3,993.2,14.3,0.0,21,1,3,ERA5 - 2023 Irshalwadi Landslide (Maharashtra)
0.2,96.0,24.3,993.4,11.3,0.0,22,1,3,ERA5 - 2023 Irshalwadi Landslide (Maharashtra)
0.3,95.0,24.3,993.2,10.5,0.0,23,1,3,ERA5 - 2023 Irshalwadi Landslide (Maharashtra)
0.8,92.0,24.7,993.1,12.6,0.0,0,1,3,ERA5 - 2023 Irshalwadi Landslide (Maharashtra)
0.6,96.0,24.0,994.2,10.8,0.0,1,1,3,ERA5 - 2023 Irshalwadi Landslide (Maharashtra)
0.6,94.0,24.6,994.4,9.6,0.0,2,1,3,ERA5 - 2023 Irshalwadi Landslide (Maharashtra)
0.3,91.0,25.5,995.1,15.5,0.0,3,1,3,ERA5 - 2023 Irshalwadi Landslide (Maharashtra)
0.2,91.0,25.9,995.0,12.5,0.0,4,1,3,ERA5 - 2023 Irshalwadi Landslide (Maharashtra)
0.2,90.0,26.2,994.9,13.2,0.0,5,1,3,ERA5 - 2023 Irshalwadi Landslide (Maharashtra)
2.2,87.0,26.5,994.8,18.4,0.0,6,1,3,ERA5 - 2023 Irshalwadi Landslide (Maharashtra)
1.0,90.0,26.4,995.0,16.4,0.0,7,1,3,ERA5 - 2023 Irshalwadi Landslide (Maharashtra)
0.8,86.0,27.2,994.1,15.5,0.0,8,1,3,ERA5 - 2023 Irshalwadi Landslide (Maharashtra)
2.6,87.0,26.5,993.3,16.9,0.0,9,1,3,ERA5 - 2023 Irshalwadi Landslide (Maharashtra)
2.8,90.0,25.5,992.7,20.4,0.0,10,1,3,ERA5 - 2023 Irshalwadi Landslide (Maharashtra)
0.9,88.0,26.4,992.7,18.5,0.0,11,1,3,ERA5 - 2023 Irshalwadi Landslide (Maharashtra)
2.4,93.0,25.0,993.4,11.8,0.0,12,1,3,ERA5 - 2023 Irshalwadi Landslide (Maharashtra)
0.1,92.0,25.4,994.0,9.9,0.0,13,1,3,ERA5 - 2023 Irshalwadi Landslide (Maharashtra)
0.6,93.0,24.9,994.8,8.0,0.0,14,1,3,ERA5 - 2023 Irshalwadi Landslide (Maharashtra)
0.3,93.0,24.6,995.4,6.9,0.0,15,1,3,ERA5 - 2023 Irshalwadi Landslide (Maharashtra)
0.1,96.0,24.3,996.0,10.4,0.0,16,1,3,ERA5 - 2023 Irshalwadi Landslide (Maharashtra)
0.5,96.0,24.3,996.5,9.2,0.0,17,1,3,ERA5 - 2023 Irshalwadi Landslide (Maharashtra)
0.2,96.0,24.2,996.3,11.2,0.0,18,1,3,ERA5 - 2023 Irshalwadi Landslide (Maharashtra)
0.5,96.0,24.1,995.5,9.0,0.0,19,1,3,ERA5 - 2023 Irshalwadi Landslide (Maharashtra)
0.4,97.0,24.0,995.1,11.7,0.0,20,1,3,ERA5 - 2023 Irshalwadi Landslide (Maharashtra)
0.6,97.0,24.0,994.8,9.4,0.0,21,1,3,ERA5 - 2023 Irshalwadi Landslide (Maharashtra)
0.5,96.0,24.1,994.7,9.9,0.0,22,1,3,ERA5 - 2023 Irshalwadi Landslide (Maharashtra)
0.7,96.0,24.3,994.9,11.3,0.0,23,1,3,ERA5 - 2023 Irshalwadi Landslide (Maharashtra)
0.6,96.0,24.5,994.5,9.7,0.0,0,1,3,ERA5 - 2023 Irshalwadi Landslide (Maharashtra)
0.3,98.0,24.4,995.1,7.0,0.0,1,1,3,ERA5 - 2023 Irshalwadi Landslide (Maharashtra)
0.5,97.0,24.7,995.7,7.5,0.0,2,1,3,ERA5 - 2023 Irshalwadi Landslide (Maharashtra)
0.4,95.0,25.1,996.1,9.7,0.0,3,1,3,ERA5 - 2023 Irshalwadi Landslide (Maharashtra)
0.3,92.0,26.0,996.4,10.3,0.0,4,1,3,ERA5 - 2023 Irshalwadi Landslide (Maharashtra)
1.2,94.0,26.0,996.7,11.7,0.0,5,1,3,ERA5 - 2023 Irshalwadi Landslide (Maharashtra)
0.7,89.0,26.4,996.8,12.7,0.0,6,1,3,ERA5 - 2023 Irshalwadi Landslide (Maharashtra)
0.3,88.0,26.7,996.6,12.1,0.0,7,1,3,ERA5 - 2023 Irshalwadi Landslide (Maharashtra)
5.7,92.0,25.7,996.0,15.6,0.0,8,1,3,ERA5 - 2023 Irshalwadi Landslide (Maharashtra)
1.9,93.0,25.5,995.2,15.7,0.0,9,1,3,ERA5 - 2023 Irshalwadi Landslide (Maharashtra)
2.2,94.0,26.1,995.0,13.8,0.0,10,1,3,ERA5 - 2023 Irshalwadi Landslide (Maharashtra)
3.2,92.0,25.5,994.9,19.5,0.0,11,1,3,ERA5 - 2023 Irshalwadi Landslide (Maharashtra)
1.0,91.0,25.6,995.3,14.2,0.0,12,1,3,ERA5 - 2023 Irshalwadi Landslide (Maharashtra)
1.8,95.0,25.0,995.8,14.5,0.0,13,1,3,ERA5 - 2023 Irshalwadi Landslide (Maharashtra)
1.3,95.0,24.9,996.5,12.6,0.0,14,1,3,ERA5 - 2023 Irshalwadi Landslide (Maharashtra)
1.2,96.0,24.8,996.9,7.2,0.0,15,1,3,ERA5 - 2023 Irshalwadi Landslide (Maharashtra)
1.0,95.0,24.7,997.6,8.4,0.0,16,1,3,ERA5 - 2023 Irshalwadi Landslide (Maharashtra)
0.3,96.0,24.7,998.4,7.1,0.0,17,1,3,ERA5 - 2023 Irshalwadi Landslide (Maharashtra)
0.7,96.0,24.7,998.1,7.9,0.0,18,1,3,ERA5 - 2023 Irshalwadi Landslide (Maharashtra)
1.3,96.0,24.5,997.7,8.4,0.0,19,1,3,ERA5 - 2023 Irshalwadi Landslide (Maharashtra)
2.6,96.0,24.3,997.1,8.0,0.0,20,1,3,ERA5 - 2023 Irshalwadi Landslide (Maharashtra)
2.8,96.0,24.5,996.5,10.6,0.0,21,1,3,ERA5 - 2023 Irshalwadi Landslide (Maharashtra)
3.7,95.0,24.4,996.5,11.1,0.0,22,1,3,ERA5 - 2023 Irshalwadi Landslide (Maharashtra)
2.9,97.0,24.0,996.5,10.0,0.0,23,1,3,ERA5 - 2023 Irshalwadi Landslide (Maharashtra)
0.2,95.0,21.0,922.2,9.0,0.0,0,1,3,ERA5 - 2024 Wayanad Landslides (Kerala)
0.1,96.0,21.2,921.9,10.6,0.0,1,1,3,ERA5 - 2024 Wayanad Landslides (Kerala)
0.1,95.0,21.5,922.5,11.5,0.0,2,1,3,ERA5 - 2024 Wayanad Landslides (Kerala)
0.0,94.0,22.1,922.8,13.2,0.0,3,1,3,ERA5 - 2024 Wayanad Landslides (Kerala)
0.2,89.0,23.3,923.9,11.8,0.0,4,1,3,ERA5 - 2024 Wayanad Landslides (Kerala)
0.1,85.0,24.0,924.1,12.5,0.0,5,1,3,ERA5 - 2024 Wayanad Landslides (Kerala)
0.1,83.0,24.1,923.7,11.6,0.0,6,1,3,ERA5 - 2024 Wayanad Landslides (Kerala)
0.1,80.0,24.5,923.1,11.2,0.0,7,1,3,ERA5 - 2024 Wayanad Landslides (Kerala)
0.3,79.0,24.3,922.7,13.2,0.0,8,1,3,ERA5 - 2024 Wayanad Landslides (Kerala)
0.2,82.0,24.0,922.2,10.8,0.0,9,1,3,ERA5 - 2024 Wayanad Landslides (Kerala)
0.6,87.0,23.4,922.1,11.8,0.0,10,1,3,ERA5 - 2024 Wayanad Landslides (Kerala)
0.8,92.0,22.7,921.9,11.5,0.0,11,1,3,ERA5 - 2024 Wayanad Landslides (Kerala)
1.2,100.0,21.7,922.0,8.4,0.0,12,1,3,ERA5 - 2024 Wayanad Landslides (Kerala)
5.7,100.0,21.6,921.4,4.7,0.0,13,1,3,ERA5 - 2024 Wayanad Landslides (Kerala)
3.1,100.0,21.5,922.6,4.0,0.0,14,1,3,ERA5 - 2024 Wayanad Landslides (Kerala)
3.8,100.0,21.4,923.3,2.6,0.0,15,1,3,ERA5 - 2024 Wayanad Landslides (Kerala)
4.2,100.0,21.0,923.9,5.8,0.0,16,1,3,ERA5 - 2024 Wayanad Landslides (Kerala)
3.2,100.0,21.0,924.3,6.9,0.0,17,1,3,ERA5 - 2024 Wayanad Landslides (Kerala)
4.5,100.0,20.9,924.0,8.3,0.0,18,1,3,ERA5 - 2024 Wayanad Landslides (Kerala)
2.5,100.0,20.8,923.5,12.0,0.0,19,1,3,ERA5 - 2024 Wayanad Landslides (Kerala)
1.6,100.0,20.6,923.3,12.2,0.0,20,1,3,ERA5 - 2024 Wayanad Landslides (Kerala)
1.7,100.0,20.4,923.4,10.0,0.0,21,1,3,ERA5 - 2024 Wayanad Landslides (Kerala)
1.5,100.0,20.3,923.1,7.2,0.0,22,1,3,ERA5 - 2024 Wayanad Landslides (Kerala)
3.4,100.0,20.3,923.3,5.1,0.0,23,1,3,ERA5 - 2024 Wayanad Landslides (Kerala)
3.2,100.0,20.3,923.6,7.9,0.0,0,1,3,ERA5 - 2024 Wayanad Landslides (Kerala)
5.9,100.0,20.7,923.8,2.3,0.0,1,1,3,ERA5 - 2024 Wayanad Landslides (Kerala)
3.1,100.0,20.7,924.8,4.0,0.0,2,1,3,ERA5 - 2024 Wayanad Landslides (Kerala)
3.3,100.0,20.7,925.5,5.8,0.0,3,1,3,ERA5 - 2024 Wayanad Landslides (Kerala)
5.5,100.0,20.5,926.0,10.9,0.0,4,1,3,ERA5 - 2024 Wayanad Landslides (Kerala)
2.9,100.0,20.9,926.4,7.9,0.0,5,1,3,ERA5 - 2024 Wayanad Landslides (Kerala)
1.3,100.0,21.7,926.3,8.7,0.0,6,1,3,ERA5 - 2024 Wayanad Landslides (Kerala)
1.8,100.0,22.3,925.9,8.9,0.0,7,1,3,ERA5 - 2024 Wayanad Landslides (Kerala)
2.7,100.0,22.4,925.4,8.8,0.0,8,1,3,ERA5 - 2024 Wayanad Landslides (Kerala)
2.0,100.0,22.4,924.7,6.9,0.0,9,1,3,ERA5 - 2024 Wayanad Landslides (Kerala)
1.7,100.0,22.2,924.4,6.4,0.0,10,1,3,ERA5 - 2024 Wayanad Landslides (Kerala)
1.7,100.0,22.2,924.2,5.0,0.0,11,1,3,ERA5 - 2024 Wayanad Landslides (Kerala)
1.4,100.0,21.9,924.5,5.6,0.0,12,1,3,ERA5 - 2024 Wayanad Landslides (Kerala)
2.8,100.0,21.0,925.3,4.7,0.0,13,1,3,ERA5 - 2024 Wayanad Landslides (Kerala)
1.9,100.0,20.6,925.5,4.0,0.0,14,1,3,ERA5 - 2024 Wayanad Landslides (Kerala)
0.9,100.0,20.4,925.9,4.7,0.0,15,1,3,ERA5 - 2024 Wayanad Landslides (Kerala)
1.1,100.0,20.4,926.6,4.6,0.0,16,1,3,ERA5 - 2024 Wayanad Landslides (Kerala)
0.8,100.0,20.5,927.2,4.6,0.0,17,1,3,ERA5 - 2024 Wayanad Landslides (Kerala)
0.6,100.0,20.5,926.4,4.5,0.0,18,1,3,ERA5 - 2024 Wayanad Landslides (Kerala)
0.6,100.0,20.3,925.6,4.3,0.0,19,1,3,ERA5 - 2024 Wayanad Landslides (Kerala)
0.2,100.0,20.3,925.5,4.3,0.0,20,1,3,ERA5 - 2024 Wayanad Landslides (Kerala)
0.1,100.0,20.5,925.2,6.2,0.0,21,1,3,ERA5 - 2024 Wayanad Landslides (Kerala)
0.2,100.0,20.6,925.0,6.3,0.0,22,1,3,ERA5 - 2024 Wayanad Landslides (Kerala)
0.2,100.0,20.6,925.0,8.1,0.0,23,1,3,ERA5 - 2024 Wayanad Landslides (Kerala)
0.1,96.0,21.1,925.3,9.3,0.0,0,1,3,ERA5 - 2024 Wayanad Landslides (Kerala)
0.2,100.0,20.9,925.4,5.1,0.0,1,1,3,ERA5 - 2024 Wayanad Landslides (Kerala)
0.2,95.0,21.6,926.4,6.5,0.0,2,1,3,ERA5 - 2024 Wayanad Landslides (Kerala)
0.1,95.0,22.3,926.9,6.5,0.0,3,1,3,ERA5 - 2024 Wayanad Landslides (Kerala)
0.2,90.0,23.6,927.6,6.3,0.0,4,1,3,ERA5 - 2024 Wayanad Landslides (Kerala)
0.1,81.0,24.9,928.1,9.7,0.0,5,1,3,ERA5 - 2024 Wayanad Landslides (Kerala)
4.1,91.0,23.3,927.6,7.7,0.0,6,1,3,ERA5 - 2024 Wayanad Landslides (Kerala)
0.2,80.0,25.1,927.0,10.2,0.0,7,1,3,ERA5 - 2024 Wayanad Landslides (Kerala)
3.8,85.0,24.3,926.3,12.4,0.0,8,1,3,ERA5 - 2024 Wayanad Landslides (Kerala)
2.6,92.0,23.3,925.9,10.7,0.0,9,1,3,ERA5 - 2024 Wayanad Landslides (Kerala)
4.2,100.0,22.6,925.1,7.3,0.0,10,1,3,ERA5 - 2024 Wayanad Landslides (Kerala)
14.3,100.0,21.7,924.8,5.8,0.0,11,1,3,ERA5 - 2024 Wayanad Landslides (Kerala)
7.8,100.0,21.7,924.9,3.3,0.0,12,1,3,ERA5 - 2024 Wayanad Landslides (Kerala)
2.0,100.0,21.4,925.7,3.4,0.0,13,1,3,ERA5 - 2024 Wayanad Landslides (Kerala)
0.6,100.0,21.0,926.2,3.0,0.0,14,1,3,ERA5 - 2024 Wayanad Landslides (Kerala)
0.9,100.0,20.7,926.8,2.9,0.0,15,1,3,ERA5 - 2024 Wayanad Landslides (Kerala)
0.5,100.0,20.7,927.2,3.2,0.0,16,1,3,ERA5 - 2024 Wayanad Landslides (Kerala)
0.5,100.0,20.5,927.1,3.3,0.0,17,1,3,ERA5 - 2024 Wayanad Landslides (Kerala)
1.3,100.0,20.4,926.7,4.9,0.0,18,1,3,ERA5 - 2024 Wayanad Landslides (Kerala)
0.6,100.0,20.4,926.0,5.4,0.0,19,1,3,ERA5 - 2024 Wayanad Landslides (Kerala)
0.6,100.0,20.5,925.6,4.4,0.0,20,1,3,ERA5 - 2024 Wayanad Landslides (Kerala)
0.7,100.0,20.6,925.1,4.3,0.0,21,1,3,ERA5 - 2024 Wayanad Landslides (Kerala)
0.3,100.0,20.6,924.6,5.4,0.0,22,1,3,ERA5 - 2024 Wayanad Landslides (Kerala)
0.1,100.0,20.5,924.6,5.8,0.0,23,1,3,ERA5 - 2024 Wayanad Landslides (Kerala)
0.0,36.0,25.8,943.4,8.2,0.0,0,1,5,ERA5 - 2016 Marathwada Drought (Maharashtra)
0.0,37.0,25.3,943.8,8.4,0.0,1,1,5,ERA5 - 2016 Marathwada Drought (Maharashtra)
0.0,32.0,27.4,945.1,8.2,0.0,2,1,5,ERA5 - 2016 Marathwada Drought (Maharashtra)
0.0,24.0,31.0,946.2,9.4,0.0,3,1,5,ERA5 - 2016 Marathwada Drought (Maharashtra)
0.0,18.0,34.0,946.9,7.6,0.0,4,1,5,ERA5 - 2016 Marathwada Drought (Maharashtra)
0.0,15.0,36.6,946.8,4.0,0.0,5,1,5,ERA5 - 2016 Marathwada Drought (Maharashtra)
0.0,13.0,38.5,946.6,0.8,0.0,6,1,5,ERA5 - 2016 Marathwada Drought (Maharashtra)
0.0,12.0,39.7,945.9,2.8,0.0,7,1,5,ERA5 - 2016 Marathwada Drought (Maharashtra)
0.0,11.0,40.6,945.2,6.0,0.0,8,1,5,ERA5 - 2016 Marathwada Drought (Maharashtra)
0.0,10.0,41.0,944.1,8.2,0.0,9,1,5,ERA5 - 2016 Marathwada Drought (Maharashtra)
0.0,10.0,41.0,943.4,9.5,0.0,10,1,5,ERA5 - 2016 Marathwada Drought (Maharashtra)
0.0,10.0,40.5,942.9,9.9,0.0,11,1,5,ERA5 - 2016 Marathwada Drought (Maharashtra)
0.0,10.0,39.7,942.8,10.3,0.0,12,1,5,ERA5 - 2016 Marathwada Drought (Maharashtra)
0.0,10.0,38.0,942.8,6.4,0.0,13,1,5,ERA5 - 2016 Marathwada Drought (Maharashtra)
0.0,12.0,35.6,943.1,8.0,0.0,14,1,5,ERA5 - 2016 Marathwada Drought (Maharashtra)
0.0,13.0,33.9,943.6,9.7,0.0,15,1,5,ERA5 - 2016 Marathwada Drought (Maharashtra)
0.0,16.0,32.6,944.5,14.2,0.0,16,1,5,ERA5 - 2016 Marathwada Drought (Maharashtra)
0.0,20.0,31.5,945.0,13.9,0.0,17,1,5,ERA5 - 2016 Marathwada Drought (Maharashtra)
0.0,24.0,30.4,944.5,11.2,0.0,18,1,5,ERA5 - 2016 Marathwada Drought (Maharashtra)
0.0,27.0,29.5,944.1,9.8,0.0,19,1,5,ERA5 - 2016 Marathwada Drought (Maharashtra)
0.0,29.0,28.6,943.2,9.1,0.0,20,1,5,ERA5 - 2016 Marathwada Drought (Maharashtra)
0.0,31.0,27.9,943.0,9.3,0.0,21,1,5,ERA5 - 2016 Marathwada Drought (Maharashtra)
0.0,32.0,27.1,942.5,8.9,0.0,22,1,5,ERA5 - 2016 Marathwada Drought (Maharashtra)
0.0,33.0,26.5,942.2,8.2,0.0,23,1,5,ERA5 - 2016 Marathwada Drought (Maharashtra)
0.0,34.0,25.8,942.8,8.1,0.0,0,1,5,ERA5 - 2016 Marathwada Drought (Maharashtra)
0.0,35.0,25.3,943.1,7.1,0.0,1,1,5,ERA5 - 2016 Marathwada Drought (Maharashtra)
0.0,31.0,27.2,944.6,7.5,0.0,2,1,5,ERA5 - 2016 Marathwada Drought (Maharashtra)
0.0,22.0,30.8,945.8,9.0,0.0,3,1,5,ERA5 - 2016 Marathwada Drought (Maharashtra)
0.0,17.0,33.6,946.4,8.6,0.0,4,1,5,ERA5 - 2016 Marathwada Drought (Maharashtra)
0.0,13.0,36.1,946.3,6.5,0.0,5,1,5,ERA5 - 2016 Marathwada Drought (Maharashtra)
0.0,11.0,38.2,946.0,5.1,0.0,6,1,5,ERA5 - 2016 Marathwada Drought (Maharashtra)
0.0,10.0,39.7,945.4,5.8,0.0,7,1,5,ERA5 - 2016 Marathwada Drought (Maharashtra)
0.0,10.0,40.6,944.5,7.8,0.0,8,1,5,ERA5 - 2016 Marathwada Drought (Maharashtra)
0.0,10.0,41.0,943.3,10.1,0.0,9,1,5,ERA5 - 2016 Marathwada Drought (Maharashtra)
0.0,10.0,41.0,942.3,10.6,0.0,10,1,5,ERA5 - 2016 Marathwada Drought (Maharashtra)
0.0,10.0,40.5,941.9,12.0,0.0,11,1,5,ERA5 - 2016 Marathwada Drought (Maharashtra)
0.0,11.0,39.6,941.8,12.7,0.0,12,1,5,ERA5 - 2016 Marathwada Drought (Maharashtra)
0.0,12.0,38.0,941.9,10.1,0.0,13,1,5,ERA5 - 2016 Marathwada Drought (Maharashtra)
0.0,14.0,35.6,942.5,12.7,0.0,14,1,5,ERA5 - 2016 Marathwada Drought (Maharashtra)
0.0,17.0,34.0,943.4,16.4,0.0,15,1,5,ERA5 - 2016 Marathwada Drought (Maharashtra)
0.0,22.0,32.4,944.2,15.3,0.0,16,1,5,ERA5 - 2016 Marathwada Drought (Maharashtra)
0.0,26.0,31.0,944.5,13.0,0.0,17,1,5,ERA5 - 2016 Marathwada Drought (Maharashtra)
0.0,28.0,29.8,944.1,12.3,0.0,18,1,5,ERA5 - 2016 Marathwada Drought (Maharashtra)
0.0,34.0,29.0,943.7,11.7,0.0,19,1,5,ERA5 - 2016 Marathwada Drought (Maharashtra)
0.0,37.0,27.8,942.9,11.8,0.0,20,1,5,ERA5 - 2016 Marathwada Drought (Maharashtra)
0.0,39.0,26.8,942.2,11.1,0.0,21,1,5,ERA5 - 2016 Marathwada Drought (Maharashtra)
0.0,39.0,26.0,941.7,9.7,0.0,22,1,5,ERA5 - 2016 Marathwada Drought (Maharashtra)
0.0,38.0,25.2,941.8,8.7,0.0,23,1,5,ERA5 - 2016 Marathwada Drought (Maharashtra)
0.0,37.0,24.6,942.2,8.3,0.0,0,1,5,ERA5 - 2016 Marathwada Drought (Maharashtra)
0.0,35.0,24.2,942.6,8.4,0.0,1,1,5,ERA5 - 2016 Marathwada Drought (Maharashtra)
0.0,29.0,25.9,943.9,10.0,0.0,2,1,5,ERA5 - 2016 Marathwada Drought (Maharashtra)
0.0,22.0,28.6,945.0,11.5,0.0,3,1,5,ERA5 - 2016 Marathwada Drought (Maharashtra)
0.0,17.0,31.4,945.9,11.7,0.0,4,1,5,ERA5 - 2016 Marathwada Drought (Maharashtra)
0.0,13.0,34.0,946.1,11.5,0.0,5,1,5,ERA5 - 2016 Marathwada Drought (Maharashtra)
0.0,10.0,36.2,945.9,10.2,0.0,6,1,5,ERA5 - 2016 Marathwada Drought (Maharashtra)
0.0,10.0,37.7,945.2,9.6,0.0,7,1,5,ERA5 - 2016 Marathwada Drought (Maharashtra)
0.0,9.0,38.9,944.4,9.5,0.0,8,1,5,ERA5 - 2016 Marathwada Drought (Maharashtra)
0.0,9.0,39.6,943.2,10.6,0.0,9,1,5,ERA5 - 2016 Marathwada Drought (Maharashtra)
0.0,9.0,39.8,942.4,11.2,0.0,10,1,5,ERA5 - 2016 Marathwada Drought (Maharashtra)
0.0,9.0,39.5,942.2,11.5,0.0,11,1,5,ERA5 - 2016 Marathwada Drought (Maharashtra)
0.0,9.0,38.6,941.9,11.6,0.0,12,1,5,ERA5 - 2016 Marathwada Drought (Maharashtra)
0.0,9.0,36.9,942.0,7.9,0.0,13,1,5,ERA5 - 2016 Marathwada Drought (Maharashtra)
0.0,11.0,34.4,942.5,8.7,0.0,14,1,5,ERA5 - 2016 Marathwada Drought (Maharashtra)
0.0,13.0,32.6,943.2,10.7,0.0,15,1,5,ERA5 - 2016 Marathwada Drought (Maharashtra)
0.0,17.0,31.2,944.0,11.8,0.0,16,1,5,ERA5 - 2016 Marathwada Drought (Maharashtra)
0.0,23.0,30.1,944.5,11.4,0.0,17,1,5,ERA5 - 2016 Marathwada Drought (Maharashtra)
0.0,30.0,29.1,944.4,10.5,0.0,18,1,5,ERA5 - 2016 Marathwada Drought (Maharashtra)
0.0,37.0,28.5,943.9,10.0,0.0,19,1,5,ERA5 - 2016 Marathwada Drought (Maharashtra)
0.0,41.0,27.7,943.3,9.4,0.0,20,1,5,ERA5 - 2016 Marathwada Drought (Maharashtra)
0.0,44.0,26.9,943.1,9.7,0.0,21,1,5,ERA5 - 2016 Marathwada Drought (Maharashtra)
0.0,47.0,26.3,942.5,9.5,0.0,22,1,5,ERA5 - 2016 Marathwada Drought (Maharashtra)
0.0,48.0,25.8,942.6,9.9,0.0,23,1,5,ERA5 - 2016 Marathwada Drought (Maharashtra)
0.0,50.0,25.3,943.2,7.9,0.0,0,1,5,ERA5 - 2016 Marathwada Drought (Maharashtra)
0.0,56.0,24.6,943.8,5.5,0.0,1,1,5,ERA5 - 2016 Marathwada Drought (Maharashtra)
0.0,47.0,26.7,945.1,5.4,0.0,2,1,5,ERA5 - 2016 Marathwada Drought (Maharashtra)
0.0,39.0,29.6,946.2,8.6,0.0,3,1,5,ERA5 - 2016 Marathwada Drought (Maharashtra)
0.0,32.0,32.2,946.9,9.4,0.0,4,1,5,ERA5 - 2016 Marathwada Drought (Maharashtra)
0.0,25.0,34.7,946.6,7.3,0.0,5,1,5,ERA5 - 2016 Marathwada Drought (Maharashtra)
0.0,20.0,36.8,946.4,3.1,0.0,6,1,5,ERA5 - 2016 Marathwada Drought (Maharashtra)
0.0,17.0,38.4,945.7,0.5,0.0,7,1,5,ERA5 - 2016 Marathwada Drought (Maharashtra)
0.0,15.0,39.6,944.6,3.6,0.0,8,1,5,ERA5 - 2016 Marathwada Drought (Maharashtra)
0.0,14.0,40.1,943.6,5.7,0.0,9,1,5,ERA5 - 2016 Marathwada Drought (Maharashtra)
0.0,14.0,40.2,942.7,5.4,0.0,10,1,5,ERA5 - 2016 Marathwada Drought (Maharashtra)
0.0,14.0,39.8,942.1,6.5,0.0,11,1,5,ERA5 - 2016 Marathwada Drought (Maharashtra)
0.0,14.0,39.1,942.0,7.4,0.0,12,1,5,ERA5 - 2016 Marathwada Drought (Maharashtra)
0.0,16.0,37.6,942.0,7.1,0.0,13,1,5,ERA5 - 2016 Marathwada Drought (Maharashtra)
0.0,18.0,35.9,942.6,6.8,0.0,14,1,5,ERA5 - 2016 Marathwada Drought (Maharashtra)
0.0,21.0,34.3,943.2,8.7,0.0,15,1,5,ERA5 - 2016 Marathwada Drought (Maharashtra)
0.0,24.0,33.0,943.7,11.2,0.0,16,1,5,ERA5 - 2016 Marathwada Drought (Maharashtra)
0.0,28.0,32.0,944.1,12.2,0.0,17,1,5,ERA5 - 2016 Marathwada Drought (Maharashtra)
0.0,31.0,31.0,943.8,11.2,0.0,18,1,5,ERA5 - 2016 Marathwada Drought (Maharashtra)
0.0,34.0,30.4,943.6,9.0,0.0,19,1,5,ERA5 - 2016 Marathwada Drought (Maharashtra)
0.0,36.0,29.5,943.4,7.2,0.0,20,1,5,ERA5 - 2016 Marathwada Drought (Maharashtra)
0.0,38.0,28.7,943.0,6.9,0.0,21,1,5,ERA5 - 2016 Marathwada Drought (Maharashtra)
0.0,39.0,28.2,942.9,7.4,0.0,22,1,5,ERA5 - 2016 Marathwada Drought (Maharashtra)
0.0,39.0,27.8,943.2,8.8,0.0,23,1,5,ERA5 - 2016 Marathwada Drought (Maharashtra)
0.0,39.0,27.7,943.6,8.3,0.0,0,1,5,ERA5 - 2016 Marathwada Drought (Maharashtra)
0.0,40.0,27.4,944.0,7.2,0.0,1,1,5,ERA5 - 2016 Marathwada Drought (Maharashtra)
0.0,35.0,29.2,945.0,8.5,0.0,2,1,5,ERA5 - 2016 Marathwada Drought (Maharashtra)
0.0,29.0,32.2,945.9,9.8,0.0,3,1,5,ERA5 - 2016 Marathwada Drought (Maharashtra)
0.0,24.0,34.9,946.7,8.2,0.0,4,1,5,ERA5 - 2016 Marathwada Drought (Maharashtra)
0.0,21.0,37.0,946.8,5.6,0.0,5,1,5,ERA5 - 2016 Marathwada Drought (Maharashtra)
0.0,20.0,38.6,946.3,4.7,0.0,6,1,5,ERA5 - 2016 Marathwada Drought (Maharashtra)
0.0,19.0,38.8,945.6,4.7,0.0,7,1,5,ERA5 - 2016 Marathwada Drought (Maharashtra)
0.0,18.0,39.9,944.9,5.8,0.0,8,1,5,ERA5 - 2016 Marathwada Drought (Maharashtra)
0.0,18.0,39.7,943.9,5.0,0.0,9,1,5,ERA5 - 2016 Marathwada Drought (Maharashtra)
0.0,18.0,39.4,942.9,3.9,0.0,10,1,5,ERA5 - 2016 Marathwada Drought (Maharashtra)
0.0,19.0,39.1,942.7,4.1,0.0,11,1,5,ERA5 - 2016 Marathwada Drought (Maharashtra)
0.0,19.0,38.4,942.5,4.3,0.0,12,1,5,ERA5 - 2016 Marathwada Drought (Maharashtra)
0.0,20.0,37.5,942.6,4.7,0.0,13,1,5,ERA5 - 2016 Marathwada Drought (Maharashtra)
0.0,21.0,36.6,943.2,5.9,0.0,14,1,5,ERA5 - 2016 Marathwada Drought (Maharashtra)
0.0,23.0,35.3,943.9,5.2,0.0,15,1,5,ERA5 - 2016 Marathwada Drought (Maharashtra)
0.0,25.0,34.1,944.6,7.4,0.0,16,1,5,ERA5 - 2016 Marathwada Drought (Maharashtra)
0.0,25.0,33.3,945.5,9.8,0.0,17,1,5,ERA5 - 2016 Marathwada Drought (Maharashtra)
0.0,26.0,32.9,945.7,11.3,0.0,18,1,5,ERA5 - 2016 Marathwada Drought (Maharashtra)
0.0,29.0,32.0,945.6,11.6,0.0,19,1,5,ERA5 - 2016 Marathwada Drought (Maharashtra)
0.0,31.0,31.3,945.4,11.1,0.0,20,1,5,ERA5 - 2016 Marathwada Drought (Maharashtra)
0.0,33.0,30.5,944.9,9.8,0.0,21,1,5,ERA5 - 2016 Marathwada Drought (Maharashtra)
0.0,34.0,29.9,944.9,6.4,0.0,22,1,5,ERA5 - 2016 Marathwada Drought (Maharashtra)
0.0,36.0,29.4,944.7,5.7,0.0,23,1,5,ERA5 - 2016 Marathwada Drought (Maharashtra)
0.0,36.0,29.0,945.1,5.9,0.0,0,1,5,ERA5 - 2016 Marathwada Drought (Maharashtra)
0.0,38.0,28.3,945.3,5.9,0.0,1,1,5,ERA5 - 2016 Marathwada Drought (Maharashtra)
0.0,34.0,30.3,946.4,6.6,0.0,2,1,5,ERA5 - 2016 Marathwada Drought (Maharashtra)
0.0,27.0,33.2,947.4,8.9,0.0,3,1,5,ERA5 - 2016 Marathwada Drought (Maharashtra)
0.0,22.0,35.9,948.0,9.5,0.0,4,1,5,ERA5 - 2016 Marathwada Drought (Maharashtra)
0.0,19.0,37.9,948.3,8.3,0.0,5,1,5,ERA5 - 2016 Marathwada Drought (Maharashtra)
0.0,18.0,39.3,948.0,5.4,0.0,6,1,5,ERA5 - 2016 Marathwada Drought (Maharashtra)
0.0,19.0,39.6,947.4,4.0,0.0,7,1,5,ERA5 - 2016 Marathwada Drought (Maharashtra)
0.0,18.0,40.4,946.2,2.7,0.0,8,1,5,ERA5 - 2016 Marathwada Drought (Maharashtra)
0.0,18.0,40.4,945.4,2.7,0.0,9,1,5,ERA5 - 2016 Marathwada Drought (Maharashtra)
0.0,19.0,39.9,944.5,3.9,0.0,10,1,5,ERA5 - 2016 Marathwada Drought (Maharashtra)
0.0,19.0,39.6,943.8,4.2,0.0,11,1,5,ERA5 - 2016 Marathwada Drought (Maharashtra)
0.0,20.0,38.8,943.9,8.6,0.0,12,1,5,ERA5 - 2016 Marathwada Drought (Maharashtra)
0.0,20.0,37.9,944.5,10.4,0.0,13,1,5,ERA5 - 2016 Marathwada Drought (Maharashtra)
0.0,21.0,36.9,945.3,10.5,0.0,14,1,5,ERA5 - 2016 Marathwada Drought (Maharashtra)
0.0,23.0,35.8,945.9,11.5,0.0,15,1,5,ERA5 - 2016 Marathwada Drought (Maharashtra)
0.0,25.0,34.7,946.2,12.3,0.0,16,1,5,ERA5 - 2016 Marathwada Drought (Maharashtra)
0.0,26.0,33.7,946.6,13.2,0.0,17,1,5,ERA5 - 2016 Marathwada Drought (Maharashtra)
0.0,28.0,32.6,946.6,13.7,0.0,18,1,5,ERA5 - 2016 Marathwada Drought (Maharashtra)
0.0,30.0,31.9,946.1,13.1,0.0,19,1,5,ERA5 - 2016 Marathwada Drought (Maharashtra)
0.0,30.0,31.2,945.3,11.7,0.0,20,1,5,ERA5 - 2016 Marathwada Drought (Maharashtra)
0.0,31.0,30.4,944.6,10.9,0.0,21,1,5,ERA5 - 2016 Marathwada Drought (Maharashtra)
0.0,33.0,29.8,944.0,11.1,0.0,22,1,5,ERA5 - 2016 Marathwada Drought (Maharashtra)
0.0,33.0,29.2,944.1,10.5,0.0,23,1,5,ERA5 - 2016 Marathwada Drought (Maharashtra)
0.0,34.0,28.7,944.2,9.7,0.0,0,1,5,ERA5 - 2016 Marathwada Drought (Maharashtra)
0.0,35.0,28.4,944.8,8.6,0.0,1,1,5,ERA5 - 2016 Marathwada Drought (Maharashtra)
0.0,31.0,29.9,945.6,10.3,0.0,2,1,5,ERA5 - 2016 Marathwada Drought (Maharashtra)
0.0,25.0,32.6,946.3,12.2,0.0,3,1,5,ERA5 - 2016 Marathwada Drought (Maharashtra)
0.0,20.0,35.1,947.1,12.3,0.0,4,1,5,ERA5 - 2016 Marathwada Drought (Maharashtra)
0.0,17.0,37.2,946.9,11.8,0.0,5,1,5,ERA5 - 2016 Marathwada Drought (Maharashtra)
0.0,15.0,39.0,946.9,10.7,0.0,6,1,5,ERA5 - 2016 Marathwada Drought (Maharashtra)
0.0,15.0,39.8,946.1,9.7,0.0,7,1,5,ERA5 - 2016 Marathwada Drought (Maharashtra)
0.0,15.0,40.7,945.0,9.8,0.0,8,1,5,ERA5 - 2016 Marathwada Drought (Maharashtra)
0.0,14.0,41.3,943.9,11.0,0.0,9,1,5,ERA5 - 2016 Marathwada Drought (Maharashtra)
0.0,14.0,41.6,943.1,13.3,0.0,10,1,5,ERA5 - 2016 Marathwada Drought (Maharashtra)
0.0,14.0,40.9,942.3,14.5,0.0,11,1,5,ERA5 - 2016 Marathwada Drought (Maharashtra)
0.0,14.0,40.1,942.0,15.5,0.0,12,1,5,ERA5 - 2016 Marathwada Drought (Maharashtra)
0.0,16.0,38.5,942.3,15.4,0.0,13,1,5,ERA5 - 2016 Marathwada Drought (Maharashtra)
0.0,19.0,36.2,942.9,16.9,0.0,14,1,5,ERA5 - 2016 Marathwada Drought (Maharashtra)
0.0,21.0,34.8,944.0,17.1,0.0,15,1,5,ERA5 - 2016 Marathwada Drought (Maharashtra)
0.0,23.0,33.2,944.5,15.8,0.0,16,1,5,ERA5 - 2016 Marathwada Drought (Maharashtra)
0.0,26.0,31.9,944.5,14.0,0.0,17,1,5,ERA5 - 2016 Marathwada Drought (Maharashtra)
0.0,28.0,30.8,944.4,12.3,0.0,18,1,5,ERA5 - 2016 Marathwada Drought (Maharashtra)
0.0,33.0,29.9,944.0,11.2,0.0,19,1,5,ERA5 - 2016 Marathwada Drought (Maharashtra)
0.0,34.0,29.0,943.3,10.8,0.0,20,1,5,ERA5 - 2016 Marathwada Drought (Maharashtra)
0.0,34.0,28.2,943.0,10.3,0.0,21,1,5,ERA5 - 2016 Marathwada Drought (Maharashtra)
0.0,33.0,27.5,942.4,11.4,0.0,22,1,5,ERA5 - 2016 Marathwada Drought (Maharashtra)
0.0,32.0,27.0,942.7,11.9,0.0,23,1,5,ERA5 - 2016 Marathwada Drought (Maharashtra)
0.0,30.0,26.4,942.9,12.4,0.0,0,1,5,ERA5 - 2016 Marathwada Drought (Maharashtra)
0.0,29.0,26.0,943.1,12.1,0.0,1,1,5,ERA5 - 2016 Marathwada Drought (Maharashtra)
0.0,26.0,27.2,944.1,13.3,0.0,2,1,5,ERA5 - 2016 Marathwada Drought (Maharashtra)
0.0,21.0,29.4,945.3,13.4,0.0,3,1,5,ERA5 - 2016 Marathwada Drought (Maharashtra)
0.0,16.0,32.0,945.8,13.1,0.0,4,1,5,ERA5 - 2016 Marathwada Drought (Maharashtra)
0.0,13.0,34.4,946.0,14.3,0.0,5,1,5,ERA5 - 2016 Marathwada Drought (Maharashtra)
0.0,11.0,36.5,946.0,16.7,0.0,6,1,5,ERA5 - 2016 Marathwada Drought (Maharashtra)
0.0,9.0,38.4,945.5,18.6,0.0,7,1,5,ERA5 - 2016 Marathwada Drought (Maharashtra)
0.0,8.0,39.6,944.7,20.4,0.0,8,1,5,ERA5 - 2016 Marathwada Drought (Maharashtra)
0.0,8.0,39.9,943.4,22.3,0.0,9,1,5,ERA5 - 2016 Marathwada Drought (Maharashtra)
0.0,9.0,39.7,942.5,22.3,0.0,10,1,5,ERA5 - 2016 Marathwada Drought (Maharashtra)
0.0,10.0,38.7,942.1,22.5,0.0,11,1,5,ERA5 - 2016 Marathwada Drought (Maharashtra)
0.0,12.0,37.2,941.6,21.7,0.0,12,1,5,ERA5 - 2016 Marathwada Drought (Maharashtra)
0.0,14.0,35.2,942.0,17.9,0.0,13,1,5,ERA5 - 2016 Marathwada Drought (Maharashtra)
0.0,17.0,33.1,942.6,16.7,0.0,14,1,5,ERA5 - 2016 Marathwada Drought (Maharashtra)
0.0,19.0,31.4,943.4,16.3,0.0,15,1,5,ERA5 - 2016 Marathwada Drought (Maharashtra)
0.0,22.0,29.8,943.7,15.9,0.0,16,1,5,ERA5 - 2016 Marathwada Drought (Maharashtra)
0.0,28.0,28.2,944.1,14.8,0.0,17,1,5,ERA5 - 2016 Marathwada Drought (Maharashtra)
0.0,35.0,26.8,943.9,13.7,0.0,18,1,5,ERA5 - 2016 Marathwada Drought (Maharashtra)
0.0,45.0,25.7,943.3,13.0,0.0,19,1,5,ERA5 - 2016 Marathwada Drought (Maharashtra)
0.0,52.0,24.7,942.8,13.0,0.0,20,1,5,ERA5 - 2016 Marathwada Drought (Maharashtra)
0.0,58.0,23.9,942.2,13.4,0.0,21,1,5,ERA5 - 2016 Marathwada Drought (Maharashtra)
0.0,62.0,23.3,941.6,13.6,0.0,22,1,5,ERA5 - 2016 Marathwada Drought (Maharashtra)
0.0,65.0,22.9,942.0,12.8,0.0,23,1,5,ERA5 - 2016 Marathwada Drought (Maharashtra)
0.0,34.0,30.2,977.1,14.8,0.0,0,1,5,ERA5 - 2016 Thar Desert Heatwave (Phalodi/Jaisalmer)
0.0,36.0,30.1,977.7,15.1,0.0,1,1,5,ERA5 - 2016 Thar Desert Heatwave (Phalodi/Jaisalmer)
0.0,35.0,31.9,978.2,15.8,0.0,2,1,5,ERA5 - 2016 Thar Desert Heatwave (Phalodi/Jaisalmer)
0.0,34.0,34.6,978.7,18.5,0.0,3,1,5,ERA5 - 2016 Thar Desert Heatwave (Phalodi/Jaisalmer)
0.0,30.0,37.1,978.9,18.9,0.0,4,1,5,ERA5 - 2016 Thar Desert Heatwave (Phalodi/Jaisalmer)
0.0,24.0,39.3,979.0,18.1,0.0,5,1,5,ERA5 - 2016 Thar Desert Heatwave (Phalodi/Jaisalmer)
0.0,19.0,41.0,978.7,15.3,0.0,6,1,5,ERA5 - 2016 Thar Desert Heatwave (Phalodi/Jaisalmer)
0.0,16.0,41.9,978.1,14.5,0.0,7,1,5,ERA5 - 2016 Thar Desert Heatwave (Phalodi/Jaisalmer)
0.0,15.0,42.6,977.2,15.0,0.0,8,1,5,ERA5 - 2016 Thar Desert Heatwave (Phalodi/Jaisalmer)
0.0,13.0,43.2,976.1,15.5,0.0,9,1,5,ERA5 - 2016 Thar Desert Heatwave (Phalodi/Jaisalmer)
0.0,13.0,43.5,975.4,15.3,0.0,10,1,5,ERA5 - 2016 Thar Desert Heatwave (Phalodi/Jaisalmer)
0.0,12.0,43.4,974.5,15.5,0.0,11,1,5,ERA5 - 2016 Thar Desert Heatwave (Phalodi/Jaisalmer)
0.0,12.0,43.2,974.2,17.2,0.0,12,1,5,ERA5 - 2016 Thar Desert Heatwave (Phalodi/Jaisalmer)
0.0,12.0,42.6,974.4,21.4,0.0,13,1,5,ERA5 - 2016 Thar Desert Heatwave (Phalodi/Jaisalmer)
0.0,13.0,41.0,974.6,15.5,0.0,14,1,5,ERA5 - 2016 Thar Desert Heatwave (Phalodi/Jaisalmer)
0.0,15.0,39.0,974.6,10.5,0.0,15,1,5,ERA5 - 2016 Thar Desert Heatwave (Phalodi/Jaisalmer)
0.0,18.0,37.2,975.3,10.5,0.0,16,1,5,ERA5 - 2016 Thar Desert Heatwave (Phalodi/Jaisalmer)
0.0,19.0,35.6,975.8,10.2,0.0,17,1,5,ERA5 - 2016 Thar Desert Heatwave (Phalodi/Jaisalmer)
0.0,21.0,33.6,975.4,8.7,0.0,18,1,5,ERA5 - 2016 Thar Desert Heatwave (Phalodi/Jaisalmer)
0.0,19.0,34.3,975.7,5.7,0.0,19,1,5,ERA5 - 2016 Thar Desert Heatwave (Phalodi/Jaisalmer)
0.0,22.0,31.3,975.1,6.0,0.0,20,1,5,ERA5 - 2016 Thar Desert Heatwave (Phalodi/Jaisalmer)
0.0,23.0,30.0,975.0,10.5,0.0,21,1,5,ERA5 - 2016 Thar Desert Heatwave (Phalodi/Jaisalmer)
0.0,24.0,29.1,974.9,14.0,0.0,22,1,5,ERA5 - 2016 Thar Desert Heatwave (Phalodi/Jaisalmer)
0.0,25.0,28.7,974.7,15.8,0.0,23,1,5,ERA5 - 2016 Thar Desert Heatwave (Phalodi/Jaisalmer)
0.0,25.0,28.5,974.8,17.1,0.0,0,1,5,ERA5 - 2016 Thar Desert Heatwave (Phalodi/Jaisalmer)
0.0,25.0,28.5,975.4,16.7,0.0,1,1,5,ERA5 - 2016 Thar Desert Heatwave (Phalodi/Jaisalmer)
0.0,24.0,30.6,976.2,14.9,0.0,2,1,5,ERA5 - 2016 Thar Desert Heatwave (Phalodi/Jaisalmer)
0.0,23.0,34.2,976.7,16.6,0.0,3,1,5,ERA5 - 2016 Thar Desert Heatwave (Phalodi/Jaisalmer)
0.0,23.0,37.0,977.3,16.6,0.0,4,1,5,ERA5 - 2016 Thar Desert Heatwave (Phalodi/Jaisalmer)
0.0,19.0,39.6,977.2,15.6,0.0,5,1,5,ERA5 - 2016 Thar Desert Heatwave (Phalodi/Jaisalmer)
0.0,15.0,41.6,977.1,14.7,0.0,6,1,5,ERA5 - 2016 Thar Desert Heatwave (Phalodi/Jaisalmer)
0.0,14.0,43.2,976.4,14.5,0.0,7,1,5,ERA5 - 2016 Thar Desert Heatwave (Phalodi/Jaisalmer)
0.0,11.0,44.2,975.8,13.8,0.0,8,1,5,ERA5 - 2016 Thar Desert Heatwave (Phalodi/Jaisalmer)
0.0,10.0,44.7,974.7,12.6,0.0,9,1,5,ERA5 - 2016 Thar Desert Heatwave (Phalodi/Jaisalmer)
0.0,9.0,44.9,973.9,10.9,0.0,10,1,5,ERA5 - 2016 Thar Desert Heatwave (Phalodi/Jaisalmer)
0.0,9.0,44.8,973.1,10.1,0.0,11,1,5,ERA5 - 2016 Thar Desert Heatwave (Phalodi/Jaisalmer)
0.0,9.0,44.5,973.0,9.9,0.0,12,1,5,ERA5 - 2016 Thar Desert Heatwave (Phalodi/Jaisalmer)
0.0,9.0,43.9,972.6,9.2,0.0,13,1,5,ERA5 - 2016 Thar Desert Heatwave (Phalodi/Jaisalmer)
0.0,10.0,42.6,973.1,7.1,0.0,14,1,5,ERA5 - 2016 Thar Desert Heatwave (Phalodi/Jaisalmer)
0.0,13.0,40.2,973.3,5.4,0.0,15,1,5,ERA5 - 2016 Thar Desert Heatwave (Phalodi/Jaisalmer)
0.0,14.0,37.5,973.6,4.1,0.0,16,1,5,ERA5 - 2016 Thar Desert Heatwave (Phalodi/Jaisalmer)
0.0,15.0,36.0,973.8,4.7,0.0,17,1,5,ERA5 - 2016 Thar Desert Heatwave (Phalodi/Jaisalmer)
0.0,18.0,34.4,973.8,6.5,0.0,18,1,5,ERA5 - 2016 Thar Desert Heatwave (Phalodi/Jaisalmer)
0.0,19.0,33.7,973.8,6.1,0.0,19,1,5,ERA5 - 2016 Thar Desert Heatwave (Phalodi/Jaisalmer)
0.0,21.0,33.1,973.6,10.2,0.0,20,1,5,ERA5 - 2016 Thar Desert Heatwave (Phalodi/Jaisalmer)
0.0,23.0,32.7,973.3,14.4,0.0,21,1,5,ERA5 - 2016 Thar Desert Heatwave (Phalodi/Jaisalmer)
0.0,24.0,32.5,972.8,16.9,0.0,22,1,5,ERA5 - 2016 Thar Desert Heatwave (Phalodi/Jaisalmer)
0.0,27.0,32.2,973.6,19.0,0.0,23,1,5,ERA5 - 2016 Thar Desert Heatwave (Phalodi/Jaisalmer)
0.0,33.0,31.7,973.8,19.4,0.0,0,1,5,ERA5 - 2016 Thar Desert Heatwave (Phalodi/Jaisalmer)
0.0,39.0,31.4,974.1,18.2,0.0,1,1,5,ERA5 - 2016 Thar Desert Heatwave (Phalodi/Jaisalmer)
0.0,39.0,32.9,974.4,16.8,0.0,2,1,5,ERA5 - 2016 Thar Desert Heatwave (Phalodi/Jaisalmer)
0.0,33.0,35.7,974.9,18.4,0.0,3,1,5,ERA5 - 2016 Thar Desert Heatwave (Phalodi/Jaisalmer)
0.0,26.0,38.8,975.4,18.0,0.0,4,1,5,ERA5 - 2016 Thar Desert Heatwave (Phalodi/Jaisalmer)
0.0,18.0,41.6,975.2,17.9,0.0,5,1,5,ERA5 - 2016 Thar Desert Heatwave (Phalodi/Jaisalmer)
0.0,14.0,43.6,975.4,19.1,0.0,6,1,5,ERA5 - 2016 Thar Desert Heatwave (Phalodi/Jaisalmer)
0.0,12.0,44.7,974.5,17.9,0.0,7,1,5,ERA5 - 2016 Thar Desert Heatwave (Phalodi/Jaisalmer)
0.0,11.0,45.5,974.0,16.1,0.0,8,1,5,ERA5 - 2016 Thar Desert Heatwave (Phalodi/Jaisalmer)
0.0,10.0,46.1,973.1,15.2,0.0,9,1,5,ERA5 - 2016 Thar Desert Heatwave (Phalodi/Jaisalmer)
0.0,9.0,46.3,971.5,15.8,0.0,10,1,5,ERA5 - 2016 Thar Desert Heatwave (Phalodi/Jaisalmer)
0.0,9.0,46.3,971.0,16.0,0.0,11,1,5,ERA5 - 2016 Thar Desert Heatwave (Phalodi/Jaisalmer)
0.0,9.0,46.0,971.0,15.7,0.0,12,1,5,ERA5 - 2016 Thar Desert Heatwave (Phalodi/Jaisalmer)
0.0,9.0,45.4,971.0,14.9,0.0,13,1,5,ERA5 - 2016 Thar Desert Heatwave (Phalodi/Jaisalmer)
0.0,10.0,43.5,971.2,11.5,0.0,14,1,5,ERA5 - 2016 Thar Desert Heatwave (Phalodi/Jaisalmer)
0.0,11.0,41.4,971.6,11.6,0.0,15,1,5,ERA5 - 2016 Thar Desert Heatwave (Phalodi/Jaisalmer)
0.0,12.0,39.2,971.8,12.6,0.0,16,1,5,ERA5 - 2016 Thar Desert Heatwave (Phalodi/Jaisalmer)
0.0,13.0,37.5,972.1,13.3,0.0,17,1,5,ERA5 - 2016 Thar Desert Heatwave (Phalodi/Jaisalmer)
0.0,14.0,36.3,971.9,14.1,0.0,18,1,5,ERA5 - 2016 Thar Desert Heatwave (Phalodi/Jaisalmer)
0.0,15.0,35.7,971.8,14.7,0.0,19,1,5,ERA5 - 2016 Thar Desert Heatwave (Phalodi/Jaisalmer)
0.0,16.0,34.9,971.8,15.5,0.0,20,1,5,ERA5 - 2016 Thar Desert Heatwave (Phalodi/Jaisalmer)
0.0,19.0,33.9,971.4,15.9,0.0,21,1,5,ERA5 - 2016 Thar Desert Heatwave (Phalodi/Jaisalmer)
0.0,24.0,32.9,970.9,18.6,0.0,22,1,5,ERA5 - 2016 Thar Desert Heatwave (Phalodi/Jaisalmer)
0.0,30.0,32.1,971.5,19.2,0.0,23,1,5,ERA5 - 2016 Thar Desert Heatwave (Phalodi/Jaisalmer)
0.0,35.0,31.3,971.8,18.4,0.0,0,1,5,ERA5 - 2016 Thar Desert Heatwave (Phalodi/Jaisalmer)
0.0,39.0,30.8,972.3,16.4,0.0,1,1,5,ERA5 - 2016 Thar Desert Heatwave (Phalodi/Jaisalmer)
0.0,36.0,32.2,973.3,14.6,0.0,2,1,5,ERA5 - 2016 Thar Desert Heatwave (Phalodi/Jaisalmer)
0.0,28.0,35.2,973.7,15.0,0.0,3,1,5,ERA5 - 2016 Thar Desert Heatwave (Phalodi/Jaisalmer)
0.0,20.0,38.6,974.2,14.7,0.0,4,1,5,ERA5 - 2016 Thar Desert Heatwave (Phalodi/Jaisalmer)
0.0,14.0,42.0,974.2,16.3,0.0,5,1,5,ERA5 - 2016 Thar Desert Heatwave (Phalodi/Jaisalmer)
0.0,9.0,44.8,973.9,19.1,0.0,6,1,5,ERA5 - 2016 Thar Desert Heatwave (Phalodi/Jaisalmer)
0.0,8.0,46.3,973.5,17.8,0.0,7,1,5,ERA5 - 2016 Thar Desert Heatwave (Phalodi/Jaisalmer)
0.0,7.0,47.0,972.6,17.1,0.0,8,1,5,ERA5 - 2016 Thar Desert Heatwave (Phalodi/Jaisalmer)
0.0,7.0,47.5,971.8,17.1,0.0,9,1,5,ERA5 - 2016 Thar Desert Heatwave (Phalodi/Jaisalmer)
0.0,6.0,47.6,971.8,15.5,0.0,10,1,5,ERA5 - 2016 Thar Desert Heatwave (Phalodi/Jaisalmer)
0.0,6.0,47.3,970.3,15.8,0.0,11,1,5,ERA5 - 2016 Thar Desert Heatwave (Phalodi/Jaisalmer)
0.0,7.0,46.8,970.0,16.0,0.0,12,1,5,ERA5 - 2016 Thar Desert Heatwave (Phalodi/Jaisalmer)
0.0,7.0,45.9,970.0,14.6,0.0,13,1,5,ERA5 - 2016 Thar Desert Heatwave (Phalodi/Jaisalmer)
0.0,8.0,43.7,970.3,12.6,0.0,14,1,5,ERA5 - 2016 Thar Desert Heatwave (Phalodi/Jaisalmer)
0.0,9.0,41.4,970.5,13.7,0.0,15,1,5,ERA5 - 2016 Thar Desert Heatwave (Phalodi/Jaisalmer)
0.0,10.0,39.7,970.9,14.8,0.0,16,1,5,ERA5 - 2016 Thar Desert Heatwave (Phalodi/Jaisalmer)
0.0,11.0,38.4,971.1,15.8,0.0,17,1,5,ERA5 - 2016 Thar Desert Heatwave (Phalodi/Jaisalmer)
0.0,12.0,37.4,971.4,15.7,0.0,18,1,5,ERA5 - 2016 Thar Desert Heatwave (Phalodi/Jaisalmer)
0.0,14.0,36.7,971.4,15.3,0.0,19,1,5,ERA5 - 2016 Thar Desert Heatwave (Phalodi/Jaisalmer)
0.0,17.0,35.7,971.7,16.8,0.0,20,1,5,ERA5 - 2016 Thar Desert Heatwave (Phalodi/Jaisalmer)
0.0,23.0,34.7,971.3,17.2,0.0,21,1,5,ERA5 - 2016 Thar Desert Heatwave (Phalodi/Jaisalmer)
0.0,31.0,33.9,971.5,19.2,0.0,22,1,5,ERA5 - 2016 Thar Desert Heatwave (Phalodi/Jaisalmer)
0.0,38.0,33.2,971.6,19.6,0.0,23,1,5,ERA5 - 2016 Thar Desert Heatwave (Phalodi/Jaisalmer)
0.0,44.0,32.3,971.7,19.1,0.0,0,1,5,ERA5 - 2016 Thar Desert Heatwave (Phalodi/Jaisalmer)
0.0,47.0,31.6,972.1,18.1,0.0,1,1,5,ERA5 - 2016 Thar Desert Heatwave (Phalodi/Jaisalmer)
0.0,44.0,32.8,972.7,17.4,0.0,2,1,5,ERA5 - 2016 Thar Desert Heatwave (Phalodi/Jaisalmer)
0.0,36.0,35.3,973.0,16.7,0.0,3,1,5,ERA5 - 2016 Thar Desert Heatwave (Phalodi/Jaisalmer)
0.0,28.0,38.3,973.4,16.2,0.0,4,1,5,ERA5 - 2016 Thar Desert Heatwave (Phalodi/Jaisalmer)
0.0,21.0,41.1,972.9,17.3,0.0,5,1,5,ERA5 - 2016 Thar Desert Heatwave (Phalodi/Jaisalmer)
0.0,16.0,43.3,972.8,18.4,0.0,6,1,5,ERA5 - 2016 Thar Desert Heatwave (Phalodi/Jaisalmer)
0.0,9.0,45.8,972.2,16.6,0.0,7,1,5,ERA5 - 2016 Thar Desert Heatwave (Phalodi/Jaisalmer)
0.0,8.0,46.2,971.6,15.1,0.0,8,1,5,ERA5 - 2016 Thar Desert Heatwave (Phalodi/Jaisalmer)
0.0,8.0,46.7,970.7,13.7,0.0,9,1,5,ERA5 - 2016 Thar Desert Heatwave (Phalodi/Jaisalmer)
0.0,8.0,46.8,970.4,9.9,0.0,10,1,5,ERA5 - 2016 Thar Desert Heatwave (Phalodi/Jaisalmer)
0.0,8.0,46.6,969.3,10.0,0.0,11,1,5,ERA5 - 2016 Thar Desert Heatwave (Phalodi/Jaisalmer)
0.0,8.0,46.3,969.1,10.5,0.0,12,1,5,ERA5 - 2016 Thar Desert Heatwave (Phalodi/Jaisalmer)
0.0,8.0,45.6,968.8,10.2,0.0,13,1,5,ERA5 - 2016 Thar Desert Heatwave (Phalodi/Jaisalmer)
0.0,9.0,43.8,969.2,10.5,0.0,14,1,5,ERA5 - 2016 Thar Desert Heatwave (Phalodi/Jaisalmer)
0.0,10.0,41.5,969.6,12.6,0.0,15,1,5,ERA5 - 2016 Thar Desert Heatwave (Phalodi/Jaisalmer)
0.0,12.0,39.6,970.0,14.6,0.0,16,1,5,ERA5 - 2016 Thar Desert Heatwave (Phalodi/Jaisalmer)
0.0,14.0,38.1,970.2,15.8,0.0,17,1,5,ERA5 - 2016 Thar Desert Heatwave (Phalodi/Jaisalmer)
0.0,17.0,37.0,970.5,16.1,0.0,18,1,5,ERA5 - 2016 Thar Desert Heatwave (Phalodi/Jaisalmer)
0.0,19.0,36.2,970.7,16.1,0.0,19,1,5,ERA5 - 2016 Thar Desert Heatwave (Phalodi/Jaisalmer)
0.0,23.0,35.3,970.6,16.7,0.0,20,1,5,ERA5 - 2016 Thar Desert Heatwave (Phalodi/Jaisalmer)
0.0,29.0,34.3,970.4,18.0,0.0,21,1,5,ERA5 - 2016 Thar Desert Heatwave (Phalodi/Jaisalmer)
0.0,39.0,33.1,971.0,21.8,0.0,22,1,5,ERA5 - 2016 Thar Desert Heatwave (Phalodi/Jaisalmer)
0.0,49.0,32.0,971.3,22.5,0.0,23,1,5,ERA5 - 2016 Thar Desert Heatwave (Phalodi/Jaisalmer)
0.0,31.0,32.2,969.3,18.7,0.0,0,1,5,ERA5 - 2019 Vidarbha Heatwave & Drought (Nagpur)
0.0,31.0,33.6,969.9,17.7,0.0,1,1,5,ERA5 - 2019 Vidarbha Heatwave & Drought (Nagpur)
0.0,28.0,35.7,970.8,20.1,0.0,2,1,5,ERA5 - 2019 Vidarbha Heatwave & Drought (Nagpur)
0.0,26.0,37.6,971.2,21.6,0.0,3,1,5,ERA5 - 2019 Vidarbha Heatwave & Drought (Nagpur)
0.0,22.0,39.5,971.5,18.8,0.0,4,1,5,ERA5 - 2019 Vidarbha Heatwave & Drought (Nagpur)
0.0,19.0,41.1,971.3,16.0,0.0,5,1,5,ERA5 - 2019 Vidarbha Heatwave & Drought (Nagpur)
0.0,16.0,42.4,970.4,16.6,0.0,6,1,5,ERA5 - 2019 Vidarbha Heatwave & Drought (Nagpur)
0.0,14.0,43.0,969.7,17.2,0.0,7,1,5,ERA5 - 2019 Vidarbha Heatwave & Drought (Nagpur)
0.0,13.0,43.6,968.9,18.3,0.0,8,1,5,ERA5 - 2019 Vidarbha Heatwave & Drought (Nagpur)
0.0,12.0,43.7,967.9,18.3,0.0,9,1,5,ERA5 - 2019 Vidarbha Heatwave & Drought (Nagpur)
0.0,13.0,43.4,967.1,17.7,0.0,10,1,5,ERA5 - 2019 Vidarbha Heatwave & Drought (Nagpur)
0.0,14.0,42.7,966.5,16.6,0.0,11,1,5,ERA5 - 2019 Vidarbha Heatwave & Drought (Nagpur)
0.0,14.0,42.4,966.1,15.8,0.0,12,1,5,ERA5 - 2019 Vidarbha Heatwave & Drought (Nagpur)
0.0,16.0,40.7,966.4,12.5,0.0,13,1,5,ERA5 - 2019 Vidarbha Heatwave & Drought (Nagpur)
0.0,18.0,38.8,966.9,10.5,0.0,14,1,5,ERA5 - 2019 Vidarbha Heatwave & Drought (Nagpur)
0.0,20.0,37.7,967.5,11.6,0.0,15,1,5,ERA5 - 2019 Vidarbha Heatwave & Drought (Nagpur)
0.0,21.0,36.9,968.2,14.2,0.0,16,1,5,ERA5 - 2019 Vidarbha Heatwave & Drought (Nagpur)
0.0,22.0,36.3,968.6,15.1,0.0,17,1,5,ERA5 - 2019 Vidarbha Heatwave & Drought (Nagpur)
0.0,23.0,35.7,968.6,15.0,0.0,18,1,5,ERA5 - 2019 Vidarbha Heatwave & Drought (Nagpur)
0.0,24.0,34.5,968.1,10.5,0.0,19,1,5,ERA5 - 2019 Vidarbha Heatwave & Drought (Nagpur)
0.0,27.0,33.0,967.5,7.0,0.0,20,1,5,ERA5 - 2019 Vidarbha Heatwave & Drought (Nagpur)
0.0,29.0,31.8,967.0,5.9,0.0,21,1,5,ERA5 - 2019 Vidarbha Heatwave & Drought (Nagpur)
0.0,29.0,31.8,967.3,7.9,0.0,22,1,5,ERA5 - 2019 Vidarbha Heatwave & Drought (Nagpur)
0.0,30.0,31.7,967.8,8.9,0.0,23,1,5,ERA5 - 2019 Vidarbha Heatwave & Drought (Nagpur)
0.0,29.0,32.9,967.9,14.8,0.0,0,1,5,ERA5 - 2019 Vidarbha Heatwave & Drought (Nagpur)
0.0,28.0,34.3,968.9,13.3,0.0,1,1,5,ERA5 - 2019 Vidarbha Heatwave & Drought (Nagpur)
0.0,26.0,35.7,969.9,14.7,0.0,2,1,5,ERA5 - 2019 Vidarbha Heatwave & Drought (Nagpur)
0.0,22.0,38.0,970.5,13.4,0.0,3,1,5,ERA5 - 2019 Vidarbha Heatwave & Drought (Nagpur)
0.0,20.0,39.8,970.6,7.3,0.0,4,1,5,ERA5 - 2019 Vidarbha Heatwave & Drought (Nagpur)
0.0,18.0,41.3,970.4,4.8,0.0,5,1,5,ERA5 - 2019 Vidarbha Heatwave & Drought (Nagpur)
0.0,16.0,42.4,969.9,6.9,0.0,6,1,5,ERA5 - 2019 Vidarbha Heatwave & Drought (Nagpur)
0.0,14.0,43.2,969.0,10.8,0.0,7,1,5,ERA5 - 2019 Vidarbha Heatwave & Drought (Nagpur)
0.0,14.0,43.9,968.1,12.6,0.0,8,1,5,ERA5 - 2019 Vidarbha Heatwave & Drought (Nagpur)
0.0,13.0,44.0,967.2,13.0,0.0,9,1,5,ERA5 - 2019 Vidarbha Heatwave & Drought (Nagpur)
0.0,13.0,43.6,966.4,13.9,0.0,10,1,5,ERA5 - 2019 Vidarbha Heatwave & Drought (Nagpur)
0.0,13.0,43.0,966.2,17.5,0.0,11,1,5,ERA5 - 2019 Vidarbha Heatwave & Drought (Nagpur)
0.0,12.0,43.1,965.6,13.8,0.0,12,1,5,ERA5 - 2019 Vidarbha Heatwave & Drought (Nagpur)
0.0,14.0,41.2,966.1,9.4,0.0,13,1,5,ERA5 - 2019 Vidarbha Heatwave & Drought (Nagpur)
0.0,16.0,39.5,967.1,11.0,0.0,14,1,5,ERA5 - 2019 Vidarbha Heatwave & Drought (Nagpur)
0.0,17.0,38.4,967.8,12.4,0.0,15,1,5,ERA5 - 2019 Vidarbha Heatwave & Drought (Nagpur)
0.0,17.0,38.0,968.4,13.8,0.0,16,1,5,ERA5 - 2019 Vidarbha Heatwave & Drought (Nagpur)
0.0,19.0,36.6,968.8,11.8,0.0,17,1,5,ERA5 - 2019 Vidarbha Heatwave & Drought (Nagpur)
0.0,21.0,35.2,968.4,11.6,0.0,18,1,5,ERA5 - 2019 Vidarbha Heatwave & Drought (Nagpur)
0.0,22.0,34.0,967.8,9.3,0.0,19,1,5,ERA5 - 2019 Vidarbha Heatwave & Drought (Nagpur)
0.0,24.0,33.1,967.3,8.0,0.0,20,1,5,ERA5 - 2019 Vidarbha Heatwave & Drought (Nagpur)
0.0,25.0,32.6,967.2,11.2,0.0,21,1,5,ERA5 - 2019 Vidarbha Heatwave & Drought (Nagpur)
0.0,24.0,32.5,967.6,13.2,0.0,22,1,5,ERA5 - 2019 Vidarbha Heatwave & Drought (Nagpur)
0.0,24.0,32.3,968.0,13.6,0.0,23,1,5,ERA5 - 2019 Vidarbha Heatwave & Drought (Nagpur)
0.0,25.0,33.4,967.8,16.3,0.0,0,1,5,ERA5 - 2019 Vidarbha Heatwave & Drought (Nagpur)
0.0,24.0,34.6,968.8,14.4,0.0,1,1,5,ERA5 - 2019 Vidarbha Heatwave & Drought (Nagpur)
0.0,23.0,36.3,969.6,15.5,0.0,2,1,5,ERA5 - 2019 Vidarbha Heatwave & Drought (Nagpur)
0.0,20.0,38.6,970.2,14.2,0.0,3,1,5,ERA5 - 2019 Vidarbha Heatwave & Drought (Nagpur)
0.0,18.0,40.7,970.0,9.8,0.0,4,1,5,ERA5 - 2019 Vidarbha Heatwave & Drought (Nagpur)
0.0,16.0,42.4,969.7,5.8,0.0,5,1,5,ERA5 - 2019 Vidarbha Heatwave & Drought (Nagpur)
0.0,14.0,43.3,969.1,5.9,0.0,6,1,5,ERA5 - 2019 Vidarbha Heatwave & Drought (Nagpur)
0.0,12.0,44.3,968.4,7.9,0.0,7,1,5,ERA5 - 2019 Vidarbha Heatwave & Drought (Nagpur)
0.0,11.0,45.0,967.4,9.4,0.0,8,1,5,ERA5 - 2019 Vidarbha Heatwave & Drought (Nagpur)
0.0,10.0,45.3,966.5,10.9,0.0,9,1,5,ERA5 - 2019 Vidarbha Heatwave & Drought (Nagpur)
0.0,10.0,45.2,965.7,13.1,0.0,10,1,5,ERA5 - 2019 Vidarbha Heatwave & Drought (Nagpur)
0.0,10.0,44.6,965.4,14.5,0.0,11,1,5,ERA5 - 2019 Vidarbha Heatwave & Drought (Nagpur)
0.0,11.0,43.4,965.3,18.1,0.0,12,1,5,ERA5 - 2019 Vidarbha Heatwave & Drought (Nagpur)
0.0,13.0,41.7,965.6,16.7,0.0,13,1,5,ERA5 - 2019 Vidarbha Heatwave & Drought (Nagpur)
0.0,15.0,40.4,966.1,17.2,0.0,14,1,5,ERA5 - 2019 Vidarbha Heatwave & Drought (Nagpur)
0.0,17.0,39.4,967.1,13.7,0.0,15,1,5,ERA5 - 2019 Vidarbha Heatwave & Drought (Nagpur)
0.0,18.0,37.8,967.7,9.2,0.0,16,1,5,ERA5 - 2019 Vidarbha Heatwave & Drought (Nagpur)
0.0,20.0,36.5,967.9,9.2,0.0,17,1,5,ERA5 - 2019 Vidarbha Heatwave & Drought (Nagpur)
0.0,21.0,36.1,967.9,14.3,0.0,18,1,5,ERA5 - 2019 Vidarbha Heatwave & Drought (Nagpur)
0.0,22.0,35.3,967.4,14.6,0.0,19,1,5,ERA5 - 2019 Vidarbha Heatwave & Drought (Nagpur)
0.0,23.0,34.7,967.3,15.2,0.0,20,1,5,ERA5 - 2019 Vidarbha Heatwave & Drought (Nagpur)
0.0,24.0,34.3,967.0,15.8,0.0,21,1,5,ERA5 - 2019 Vidarbha Heatwave & Drought (Nagpur)
0.0,25.0,33.9,967.1,17.1,0.0,22,1,5,ERA5 - 2019 Vidarbha Heatwave & Drought (Nagpur)
0.0,27.0,33.6,967.1,18.3,0.0,23,1,5,ERA5 - 2019 Vidarbha Heatwave & Drought (Nagpur)
0.0,27.0,33.8,967.2,17.3,0.0,0,1,5,ERA5 - 2019 Vidarbha Heatwave & Drought (Nagpur)
0.0,26.0,35.1,967.8,16.0,0.0,1,1,5,ERA5 - 2019 Vidarbha Heatwave & Drought (Nagpur)
0.0,23.0,37.2,968.8,18.1,0.0,2,1,5,ERA5 - 2019 Vidarbha Heatwave & Drought (Nagpur)
0.0,21.0,39.2,969.7,9.8,0.0,3,1,5,ERA5 - 2019 Vidarbha Heatwave & Drought (Nagpur)
0.0,18.0,40.8,969.6,4.5,0.0,4,1,5,ERA5 - 2019 Vidarbha Heatwave & Drought (Nagpur)
0.0,16.0,42.4,969.3,4.5,0.0,5,1,5,ERA5 - 2019 Vidarbha Heatwave & Drought (Nagpur)
0.0,14.0,43.6,968.6,4.2,0.0,6,1,5,ERA5 - 2019 Vidarbha Heatwave & Drought (Nagpur)
0.0,11.0,44.8,967.5,9.1,0.0,7,1,5,ERA5 - 2019 Vidarbha Heatwave & Drought (Nagpur)
0.0,10.0,45.4,966.6,15.5,0.0,8,1,5,ERA5 - 2019 Vidarbha Heatwave & Drought (Nagpur)
0.0,9.0,45.3,965.7,16.3,0.0,9,1,5,ERA5 - 2019 Vidarbha Heatwave & Drought (Nagpur)
0.0,9.0,45.1,965.0,14.9,0.0,10,1,5,ERA5 - 2019 Vidarbha Heatwave & Drought (Nagpur)
0.0,10.0,44.4,964.9,16.5,0.0,11,1,5,ERA5 - 2019 Vidarbha Heatwave & Drought (Nagpur)
0.0,10.0,43.7,964.4,19.1,0.0,12,1,5,ERA5 - 2019 Vidarbha Heatwave & Drought (Nagpur)
0.0,12.0,42.0,964.7,17.6,0.0,13,1,5,ERA5 - 2019 Vidarbha Heatwave & Drought (Nagpur)
0.0,13.0,40.3,965.5,15.5,0.0,14,1,5,ERA5 - 2019 Vidarbha Heatwave & Drought (Nagpur)
0.0,14.0,38.9,966.2,12.7,0.0,15,1,5,ERA5 - 2019 Vidarbha Heatwave & Drought (Nagpur)
0.0,16.0,37.6,966.5,11.4,0.0,16,1,5,ERA5 - 2019 Vidarbha Heatwave & Drought (Nagpur)
0.0,17.0,36.4,967.0,7.6,0.0,17,1,5,ERA5 - 2019 Vidarbha Heatwave & Drought (Nagpur)
0.0,19.0,34.6,966.9,6.9,0.0,18,1,5,ERA5 - 2019 Vidarbha Heatwave & Drought (Nagpur)
0.0,20.0,34.0,966.9,6.6,0.0,19,1,5,ERA5 - 2019 Vidarbha Heatwave & Drought (Nagpur)
0.0,21.0,32.8,966.3,3.3,0.0,20,1,5,ERA5 - 2019 Vidarbha Heatwave & Drought (Nagpur)
0.0,23.0,31.7,965.8,4.7,0.0,21,1,5,ERA5 - 2019 Vidarbha Heatwave & Drought (Nagpur)
0.0,23.0,31.5,966.0,7.0,0.0,22,1,5,ERA5 - 2019 Vidarbha Heatwave & Drought (Nagpur)
0.0,25.0,30.5,966.2,5.2,0.0,23,1,5,ERA5 - 2019 Vidarbha Heatwave & Drought (Nagpur)
0.0,46.0,30.1,967.3,3.7,0.0,0,1,5,ERA5 - 2019 Vidarbha Heatwave & Drought (Nagpur)
0.0,41.0,32.1,968.1,7.6,0.0,1,1,5,ERA5 - 2019 Vidarbha Heatwave & Drought (Nagpur)
0.0,37.0,34.0,968.7,8.0,0.0,2,1,5,ERA5 - 2019 Vidarbha Heatwave & Drought (Nagpur)
0.0,32.0,35.9,969.1,5.5,0.0,3,1,5,ERA5 - 2019 Vidarbha Heatwave & Drought (Nagpur)
0.0,29.0,38.0,969.2,5.3,0.0,4,1,5,ERA5 - 2019 Vidarbha Heatwave & Drought (Nagpur)
0.0,25.0,40.0,969.2,6.5,0.0,5,1,5,ERA5 - 2019 Vidarbha Heatwave & Drought (Nagpur)
0.0,22.0,41.8,968.7,5.9,0.0,6,1,5,ERA5 - 2019 Vidarbha Heatwave & Drought (Nagpur)
0.0,18.0,42.8,967.9,4.0,0.0,7,1,5,ERA5 - 2019 Vidarbha Heatwave & Drought (Nagpur)
0.0,15.0,43.0,967.2,1.3,0.0,8,1,5,ERA5 - 2019 Vidarbha Heatwave & Drought (Nagpur)
0.0,15.0,43.2,966.5,2.5,0.0,9,1,5,ERA5 - 2019 Vidarbha Heatwave & Drought (Nagpur)
0.0,15.0,43.0,965.8,4.6,0.0,10,1,5,ERA5 - 2019 Vidarbha Heatwave & Drought (Nagpur)
0.0,15.0,42.6,965.6,8.6,0.0,11,1,5,ERA5 - 2019 Vidarbha Heatwave & Drought (Nagpur)
0.0,13.0,43.1,964.3,11.9,0.0,12,1,5,ERA5 - 2019 Vidarbha Heatwave & Drought (Nagpur)
0.0,20.0,39.6,965.1,26.3,0.0,13,1,5,ERA5 - 2019 Vidarbha Heatwave & Drought (Nagpur)
0.0,32.0,36.0,965.9,22.0,0.0,14,1,5,ERA5 - 2019 Vidarbha Heatwave & Drought (Nagpur)
0.0,31.0,35.7,966.6,20.4,0.0,15,1,5,ERA5 - 2019 Vidarbha Heatwave & Drought (Nagpur)
0.0,31.0,35.4,967.3,11.4,0.0,16,1,5,ERA5 - 2019 Vidarbha Heatwave & Drought (Nagpur)
0.0,31.0,35.1,968.4,8.0,0.0,17,1,5,ERA5 - 2019 Vidarbha Heatwave & Drought (Nagpur)
0.0,32.0,34.7,968.3,4.9,0.0,18,1,5,ERA5 - 2019 Vidarbha Heatwave & Drought (Nagpur)
0.0,36.0,33.6,968.1,4.7,0.0,19,1,5,ERA5 - 2019 Vidarbha Heatwave & Drought (Nagpur)
0.0,35.0,33.6,967.6,7.3,0.0,20,1,5,ERA5 - 2019 Vidarbha Heatwave & Drought (Nagpur)
0.0,36.0,34.2,967.0,19.1,0.0,21,1,5,ERA5 - 2019 Vidarbha Heatwave & Drought (Nagpur)
0.0,41.0,33.6,967.0,19.6,0.0,22,1,5,ERA5 - 2019 Vidarbha Heatwave & Drought (Nagpur)
0.0,46.0,32.7,967.2,18.5,0.0,23,1,5,ERA5 - 2019 Vidarbha Heatwave & Drought (Nagpur)
0.0,54.0,31.2,968.2,12.5,0.0,0,1,5,ERA5 - 2019 Vidarbha Heatwave & Drought (Nagpur)
0.0,54.0,32.1,968.9,17.6,0.0,1,1,5,ERA5 - 2019 Vidarbha Heatwave & Drought (Nagpur)
0.0,50.0,33.5,969.4,17.7,0.0,2,1,5,ERA5 - 2019 Vidarbha Heatwave & Drought (Nagpur)
0.0,43.0,35.6,969.9,15.7,0.0,3,1,5,ERA5 - 2019 Vidarbha Heatwave & Drought (Nagpur)
0.0,35.0,37.7,969.9,10.7,0.0,4,1,5,ERA5 - 2019 Vidarbha Heatwave & Drought (Nagpur)
0.0,31.0,39.4,969.8,5.4,0.0,5,1,5,ERA5 - 2019 Vidarbha Heatwave & Drought (Nagpur)
0.0,27.0,41.0,969.3,4.3,0.0,6,1,5,ERA5 - 2019 Vidarbha Heatwave & Drought (Nagpur)
0.0,23.0,42.3,968.1,3.1,0.0,7,1,5,ERA5 - 2019 Vidarbha Heatwave & Drought (Nagpur)
0.0,19.0,43.3,967.2,3.3,0.0,8,1,5,ERA5 - 2019 Vidarbha Heatwave & Drought (Nagpur)
0.0,18.0,43.4,966.1,2.6,0.0,9,1,5,ERA5 - 2019 Vidarbha Heatwave & Drought (Nagpur)
0.0,18.0,42.9,965.3,2.3,0.0,10,1,5,ERA5 - 2019 Vidarbha Heatwave & Drought (Nagpur)
0.0,18.0,42.4,964.8,4.7,0.0,11,1,5,ERA5 - 2019 Vidarbha Heatwave & Drought (Nagpur)
0.0,15.0,42.1,964.3,12.5,0.0,12,1,5,ERA5 - 2019 Vidarbha Heatwave & Drought (Nagpur)
0.0,18.0,40.4,964.8,9.2,0.0,13,1,5,ERA5 - 2019 Vidarbha Heatwave & Drought (Nagpur)
0.0,21.0,37.8,965.3,7.1,0.0,14,1,5,ERA5 - 2019 Vidarbha Heatwave & Drought (Nagpur)
0.0,21.0,37.7,966.4,6.5,0.0,15,1,5,ERA5 - 2019 Vidarbha Heatwave & Drought (Nagpur)
0.0,24.0,37.0,966.8,8.1,0.0,16,1,5,ERA5 - 2019 Vidarbha Heatwave & Drought (Nagpur)
0.0,22.0,36.9,967.5,12.2,0.0,17,1,5,ERA5 - 2019 Vidarbha Heatwave & Drought (Nagpur)
0.0,24.0,35.1,967.7,6.0,0.0,18,1,5,ERA5 - 2019 Vidarbha Heatwave & Drought (Nagpur)
0.0,25.0,34.9,967.1,8.4,0.0,19,1,5,ERA5 - 2019 Vidarbha Heatwave & Drought (Nagpur)
0.0,28.0,34.7,966.7,11.6,0.0,20,1,5,ERA5 - 2019 Vidarbha Heatwave & Drought (Nagpur)
0.0,32.0,34.1,966.6,11.2,0.0,21,1,5,ERA5 - 2019 Vidarbha Heatwave & Drought (Nagpur)
0.0,34.0,33.6,966.8,11.2,0.0,22,1,5,ERA5 - 2019 Vidarbha Heatwave & Drought (Nagpur)
0.0,37.0,33.1,967.3,7.3,0.0,23,1,5,ERA5 - 2019 Vidarbha Heatwave & Drought (Nagpur)
0.0,41.0,32.9,967.5,12.2,0.0,0,1,5,ERA5 - 2019 Vidarbha Heatwave & Drought (Nagpur)
0.0,40.0,34.1,968.3,13.7,0.0,1,1,5,ERA5 - 2019 Vidarbha Heatwave & Drought (Nagpur)
0.0,37.0,35.8,968.7,19.5,0.0,2,1,5,ERA5 - 2019 Vidarbha Heatwave & Drought (Nagpur)
0.0,33.0,37.6,969.1,22.2,0.0,3,1,5,ERA5 - 2019 Vidarbha Heatwave & Drought (Nagpur)
0.0,26.0,39.6,968.9,18.4,0.0,4,1,5,ERA5 - 2019 Vidarbha Heatwave & Drought (Nagpur)
0.0,21.0,41.4,968.9,14.2,0.0,5,1,5,ERA5 - 2019 Vidarbha Heatwave & Drought (Nagpur)
0.0,19.0,42.5,968.4,10.9,0.0,6,1,5,ERA5 - 2019 Vidarbha Heatwave & Drought (Nagpur)
0.0,17.0,43.0,967.5,8.4,0.0,7,1,5,ERA5 - 2019 Vidarbha Heatwave & Drought (Nagpur)
0.0,16.0,43.4,966.7,6.9,0.0,8,1,5,ERA5 - 2019 Vidarbha Heatwave & Drought (Nagpur)
0.0,15.0,43.8,965.9,6.8,0.0,9,1,5,ERA5 - 2019 Vidarbha Heatwave & Drought (Nagpur)
0.0,15.0,43.9,965.1,7.2,0.0,10,1,5,ERA5 - 2019 Vidarbha Heatwave & Drought (Nagpur)
0.0,15.0,43.5,964.9,7.9,0.0,11,1,5,ERA5 - 2019 Vidarbha Heatwave & Drought (Nagpur)
0.0,14.0,43.1,964.1,5.2,0.0,12,1,5,ERA5 - 2019 Vidarbha Heatwave & Drought (Nagpur)
0.0,18.0,40.4,964.5,7.7,0.0,13,1,5,ERA5 - 2019 Vidarbha Heatwave & Drought (Nagpur)
0.0,27.0,37.7,966.0,17.6,0.0,14,1,5,ERA5 - 2019 Vidarbha Heatwave & Drought (Nagpur)
0.0,27.0,37.4,966.5,8.6,0.0,15,1,5,ERA5 - 2019 Vidarbha Heatwave & Drought (Nagpur)
0.0,27.0,36.9,967.1,10.9,0.0,16,1,5,ERA5 - 2019 Vidarbha Heatwave & Drought (Nagpur)
0.0,27.0,37.3,967.4,15.9,0.0,17,1,5,ERA5 - 2019 Vidarbha Heatwave & Drought (Nagpur)
0.0,33.0,34.8,967.6,6.1,0.0,18,1,5,ERA5 - 2019 Vidarbha Heatwave & Drought (Nagpur)
0.0,32.0,34.6,967.5,7.6,0.0,19,1,5,ERA5 - 2019 Vidarbha Heatwave & Drought (Nagpur)
0.0,34.0,33.9,967.3,6.1,0.0,20,1,5,ERA5 - 2019 Vidarbha Heatwave & Drought (Nagpur)
0.0,34.0,34.4,967.0,12.1,0.0,21,1,5,ERA5 - 2019 Vidarbha Heatwave & Drought (Nagpur)
0.0,37.0,34.0,967.0,11.2,0.0,22,1,5,ERA5 - 2019 Vidarbha Heatwave & Drought (Nagpur)
0.0,38.0,33.5,967.3,11.8,0.0,23,1,5,ERA5 - 2019 Vidarbha Heatwave & Drought (Nagpur)
0.0,40.0,33.0,967.5,13.6,0.0,0,1,5,ERA5 - 2019 Vidarbha Heatwave & Drought (Nagpur)
0.0,39.0,34.5,968.5,13.7,0.0,1,1,5,ERA5 - 2019 Vidarbha Heatwave & Drought (Nagpur)
0.0,33.0,36.3,969.3,16.8,0.0,2,1,5,ERA5 - 2019 Vidarbha Heatwave & Drought (Nagpur)
0.0,26.0,37.6,970.1,16.2,0.0,3,1,5,ERA5 - 2019 Vidarbha Heatwave & Drought (Nagpur)
0.0,21.0,39.4,970.5,11.3,0.0,4,1,5,ERA5 - 2019 Vidarbha Heatwave & Drought (Nagpur)
0.0,20.0,41.1,970.1,7.4,0.0,5,1,5,ERA5 - 2019 Vidarbha Heatwave & Drought (Nagpur)
0.0,19.0,42.4,969.9,13.6,0.0,6,1,5,ERA5 - 2019 Vidarbha Heatwave & Drought (Nagpur)
0.0,18.0,42.5,969.1,9.3,0.0,7,1,5,ERA5 - 2019 Vidarbha Heatwave & Drought (Nagpur)
0.0,18.0,42.8,968.2,8.2,0.0,8,1,5,ERA5 - 2019 Vidarbha Heatwave & Drought (Nagpur)
0.0,17.0,43.1,967.4,8.6,0.0,9,1,5,ERA5 - 2019 Vidarbha Heatwave & Drought (Nagpur)
0.0,17.0,42.4,966.5,7.7,0.0,10,1,5,ERA5 - 2019 Vidarbha Heatwave & Drought (Nagpur)
0.0,17.0,42.3,966.1,9.2,0.0,11,1,5,ERA5 - 2019 Vidarbha Heatwave & Drought (Nagpur)
0.0,33.0,37.2,966.3,19.3,0.0,12,1,5,ERA5 - 2019 Vidarbha Heatwave & Drought (Nagpur)
0.0,34.0,37.0,966.7,13.3,0.0,13,1,5,ERA5 - 2019 Vidarbha Heatwave & Drought (Nagpur)
0.0,36.0,36.2,967.4,9.4,0.0,14,1,5,ERA5 - 2019 Vidarbha Heatwave & Drought (Nagpur)
0.0,35.0,36.3,968.4,11.1,0.0,15,1,5,ERA5 - 2019 Vidarbha Heatwave & Drought (Nagpur)
0.0,36.0,35.8,968.9,12.8,0.0,16,1,5,ERA5 - 2019 Vidarbha Heatwave & Drought (Nagpur)
0.0,37.0,35.4,969.3,13.3,0.0,17,1,5,ERA5 - 2019 Vidarbha Heatwave & Drought (Nagpur)
0.0,37.0,35.0,968.9,12.3,0.0,18,1,5,ERA5 - 2019 Vidarbha Heatwave & Drought (Nagpur)
0.0,38.0,34.5,968.5,13.1,0.0,19,1,5,ERA5 - 2019 Vidarbha Heatwave & Drought (Nagpur)
0.0,39.0,34.1,968.0,12.8,0.0,20,1,5,ERA5 - 2019 Vidarbha Heatwave & Drought (Nagpur)
0.0,38.0,33.8,967.4,13.2,0.0,21,1,5,ERA5 - 2019 Vidarbha Heatwave & Drought (Nagpur)
0.0,37.0,33.2,967.7,9.3,0.0,22,1,5,ERA5 - 2019 Vidarbha Heatwave & Drought (Nagpur)
0.0,36.0,32.5,968.1,8.5,0.0,23,1,5,ERA5 - 2019 Vidarbha Heatwave & Drought (Nagpur)
0.0,42.0,31.9,967.8,6.4,0.0,0,1,5,ERA5 - 2019 Vidarbha Heatwave & Drought (Nagpur)
0.0,36.0,34.1,968.8,8.2,0.0,1,1,5,ERA5 - 2019 Vidarbha Heatwave & Drought (Nagpur)
0.0,32.0,36.4,969.6,10.2,0.0,2,1,5,ERA5 - 2019 Vidarbha Heatwave & Drought (Nagpur)
0.0,32.0,38.2,969.7,12.9,0.0,3,1,5,ERA5 - 2019 Vidarbha Heatwave & Drought (Nagpur)
0.0,27.0,40.5,969.7,13.1,0.0,4,1,5,ERA5 - 2019 Vidarbha Heatwave & Drought (Nagpur)
0.0,22.0,42.4,969.6,12.3,0.0,5,1,5,ERA5 - 2019 Vidarbha Heatwave & Drought (Nagpur)
0.0,19.0,43.5,969.0,10.6,0.0,6,1,5,ERA5 - 2019 Vidarbha Heatwave & Drought (Nagpur)
0.0,18.0,43.6,968.4,8.8,0.0,7,1,5,ERA5 - 2019 Vidarbha Heatwave & Drought (Nagpur)
0.0,17.0,43.8,967.3,9.1,0.0,8,1,5,ERA5 - 2019 Vidarbha Heatwave & Drought (Nagpur)
0.0,16.0,44.1,966.4,11.3,0.0,9,1,5,ERA5 - 2019 Vidarbha Heatwave & Drought (Nagpur)
0.0,16.0,43.6,965.5,13.9,0.0,10,1,5,ERA5 - 2019 Vidarbha Heatwave & Drought (Nagpur)
0.0,17.0,42.8,965.1,12.2,0.0,11,1,5,ERA5 - 2019 Vidarbha Heatwave & Drought (Nagpur)
0.0,15.0,42.8,964.1,15.5,0.0,12,1,5,ERA5 - 2019 Vidarbha Heatwave & Drought (Nagpur)
0.0,17.0,41.2,964.5,7.7,0.0,13,1,5,ERA5 - 2019 Vidarbha Heatwave & Drought (Nagpur)
0.0,19.0,39.1,965.0,5.9,0.0,14,1,5,ERA5 - 2019 Vidarbha Heatwave & Drought (Nagpur)
0.0,20.0,37.7,965.7,6.8,0.0,15,1,5,ERA5 - 2019 Vidarbha Heatwave & Drought (Nagpur)
0.0,23.0,36.9,966.8,4.2,0.0,16,1,5,ERA5 - 2019 Vidarbha Heatwave & Drought (Nagpur)
0.0,25.0,35.4,967.4,9.2,0.0,17,1,5,ERA5 - 2019 Vidarbha Heatwave & Drought (Nagpur)
0.0,28.0,35.3,967.6,6.8,0.0,18,1,5,ERA5 - 2019 Vidarbha Heatwave & Drought (Nagpur)
0.0,30.0,34.6,967.4,5.4,0.0,19,1,5,ERA5 - 2019 Vidarbha Heatwave & Drought (Nagpur)
0.0,32.0,34.7,967.0,15.8,0.0,20,1,5,ERA5 - 2019 Vidarbha Heatwave & Drought (Nagpur)
0.0,34.0,34.5,966.4,20.0,0.0,21,1,5,ERA5 - 2019 Vidarbha Heatwave & Drought (Nagpur)
0.0,36.0,34.1,966.5,14.8,0.0,22,1,5,ERA5 - 2019 Vidarbha Heatwave & Drought (Nagpur)
0.0,39.0,33.1,967.1,6.4,0.0,23,1,5,ERA5 - 2019 Vidarbha Heatwave & Drought (Nagpur)
0.0,31.0,25.6,971.9,13.9,0.0,0,1,5,ERA5 - 2022 Northwest India Severe Heatwave (Delhi/Churu)
0.0,29.0,26.7,972.6,13.2,0.0,1,1,5,ERA5 - 2022 Northwest India Severe Heatwave (Delhi/Churu)
0.0,26.0,29.2,973.6,14.5,0.0,2,1,5,ERA5 - 2022 Northwest India Severe Heatwave (Delhi/Churu)
0.0,22.0,32.3,974.5,16.4,0.0,3,1,5,ERA5 - 2022 Northwest India Severe Heatwave (Delhi/Churu)
0.0,18.0,35.2,975.3,23.2,0.0,4,1,5,ERA5 - 2022 Northwest India Severe Heatwave (Delhi/Churu)
0.0,15.0,37.2,975.4,23.9,0.0,5,1,5,ERA5 - 2022 Northwest India Severe Heatwave (Delhi/Churu)
0.0,12.0,39.4,974.9,21.4,0.0,6,1,5,ERA5 - 2022 Northwest India Severe Heatwave (Delhi/Churu)
0.0,10.0,40.2,974.5,16.6,0.0,7,1,5,ERA5 - 2022 Northwest India Severe Heatwave (Delhi/Churu)
0.0,9.0,40.9,973.5,15.9,0.0,8,1,5,ERA5 - 2022 Northwest India Severe Heatwave (Delhi/Churu)
0.0,8.0,41.3,972.6,16.1,0.0,9,1,5,ERA5 - 2022 Northwest India Severe Heatwave (Delhi/Churu)
0.0,8.0,41.3,971.8,16.9,0.0,10,1,5,ERA5 - 2022 Northwest India Severe Heatwave (Delhi/Churu)
0.0,8.0,41.0,971.3,18.7,0.0,11,1,5,ERA5 - 2022 Northwest India Severe Heatwave (Delhi/Churu)
0.0,8.0,40.3,970.8,18.4,0.0,12,1,5,ERA5 - 2022 Northwest India Severe Heatwave (Delhi/Churu)
0.0,8.0,39.3,971.1,19.4,0.0,13,1,5,ERA5 - 2022 Northwest India Severe Heatwave (Delhi/Churu)
0.0,9.0,37.3,971.4,24.1,0.0,14,1,5,ERA5 - 2022 Northwest India Severe Heatwave (Delhi/Churu)
0.0,10.0,36.3,972.3,19.3,0.0,15,1,5,ERA5 - 2022 Northwest India Severe Heatwave (Delhi/Churu)
0.0,13.0,34.0,973.1,15.5,0.0,16,1,5,ERA5 - 2022 Northwest India Severe Heatwave (Delhi/Churu)
0.0,17.0,32.3,973.1,11.4,0.0,17,1,5,ERA5 - 2022 Northwest India Severe Heatwave (Delhi/Churu)
0.0,20.0,30.4,972.9,9.2,0.0,18,1,5,ERA5 - 2022 Northwest India Severe Heatwave (Delhi/Churu)
0.0,20.0,29.6,972.7,10.8,0.0,19,1,5,ERA5 - 2022 Northwest India Severe Heatwave (Delhi/Churu)
0.0,22.0,28.7,972.1,9.8,0.0,20,1,5,ERA5 - 2022 Northwest India Severe Heatwave (Delhi/Churu)
0.0,24.0,27.6,971.7,7.2,0.0,21,1,5,ERA5 - 2022 Northwest India Severe Heatwave (Delhi/Churu)
0.0,25.0,26.6,971.7,6.9,0.0,22,1,5,ERA5 - 2022 Northwest India Severe Heatwave (Delhi/Churu)
0.0,24.0,26.5,971.8,6.2,0.0,23,1,5,ERA5 - 2022 Northwest India Severe Heatwave (Delhi/Churu)
0.0,28.0,25.3,972.4,7.7,0.0,0,1,5,ERA5 - 2022 Northwest India Severe Heatwave (Delhi/Churu)
0.0,26.0,25.4,972.8,9.2,0.0,1,1,5,ERA5 - 2022 Northwest India Severe Heatwave (Delhi/Churu)
0.0,23.0,27.6,973.5,4.6,0.0,2,1,5,ERA5 - 2022 Northwest India Severe Heatwave (Delhi/Churu)
0.0,19.0,31.6,974.4,4.8,0.0,3,1,5,ERA5 - 2022 Northwest India Severe Heatwave (Delhi/Churu)
0.0,15.0,35.4,975.2,7.7,0.0,4,1,5,ERA5 - 2022 Northwest India Severe Heatwave (Delhi/Churu)
0.0,12.0,37.6,975.4,9.5,0.0,5,1,5,ERA5 - 2022 Northwest India Severe Heatwave (Delhi/Churu)
0.0,12.0,39.0,975.0,6.5,0.0,6,1,5,ERA5 - 2022 Northwest India Severe Heatwave (Delhi/Churu)
0.0,10.0,40.2,974.5,6.2,0.0,7,1,5,ERA5 - 2022 Northwest India Severe Heatwave (Delhi/Churu)
0.0,9.0,41.1,973.6,9.0,0.0,8,1,5,ERA5 - 2022 Northwest India Severe Heatwave (Delhi/Churu)
0.0,8.0,41.6,972.7,12.2,0.0,9,1,5,ERA5 - 2022 Northwest India Severe Heatwave (Delhi/Churu)
0.0,7.0,41.7,971.7,13.2,0.0,10,1,5,ERA5 - 2022 Northwest India Severe Heatwave (Delhi/Churu)
0.0,7.0,41.5,971.0,13.8,0.0,11,1,5,ERA5 - 2022 Northwest India Severe Heatwave (Delhi/Churu)
0.0,8.0,41.5,970.6,10.3,0.0,12,1,5,ERA5 - 2022 Northwest India Severe Heatwave (Delhi/Churu)
0.0,9.0,40.1,970.8,7.9,0.0,13,1,5,ERA5 - 2022 Northwest India Severe Heatwave (Delhi/Churu)
0.0,11.0,36.5,971.0,7.0,0.0,14,1,5,ERA5 - 2022 Northwest India Severe Heatwave (Delhi/Churu)
0.0,11.0,36.2,971.9,4.4,0.0,15,1,5,ERA5 - 2022 Northwest India Severe Heatwave (Delhi/Churu)
0.0,11.0,36.0,972.4,2.9,0.0,16,1,5,ERA5 - 2022 Northwest India Severe Heatwave (Delhi/Churu)
0.0,14.0,33.4,972.2,7.1,0.0,17,1,5,ERA5 - 2022 Northwest India Severe Heatwave (Delhi/Churu)
0.0,15.0,31.7,971.8,9.7,0.0,18,1,5,ERA5 - 2022 Northwest India Severe Heatwave (Delhi/Churu)
0.0,16.0,30.7,971.6,9.2,0.0,19,1,5,ERA5 - 2022 Northwest India Severe Heatwave (Delhi/Churu)
0.0,17.0,30.7,971.5,6.5,0.0,20,1,5,ERA5 - 2022 Northwest India Severe Heatwave (Delhi/Churu)
0.0,18.0,28.8,970.9,11.9,0.0,21,1,5,ERA5 - 2022 Northwest India Severe Heatwave (Delhi/Churu)
0.0,19.0,28.1,970.9,13.6,0.0,22,1,5,ERA5 - 2022 Northwest India Severe Heatwave (Delhi/Churu)
0.0,20.0,27.2,970.8,10.4,0.0,23,1,5,ERA5 - 2022 Northwest India Severe Heatwave (Delhi/Churu)
0.0,22.0,27.6,971.6,14.5,0.0,0,1,5,ERA5 - 2022 Northwest India Severe Heatwave (Delhi/Churu)
0.0,21.0,28.3,972.3,14.5,0.0,1,1,5,ERA5 - 2022 Northwest India Severe Heatwave (Delhi/Churu)
0.0,19.0,30.4,973.4,11.4,0.0,2,1,5,ERA5 - 2022 Northwest India Severe Heatwave (Delhi/Churu)
0.0,17.0,33.1,974.5,9.5,0.0,3,1,5,ERA5 - 2022 Northwest India Severe Heatwave (Delhi/Churu)
0.0,15.0,36.5,975.2,16.3,0.0,4,1,5,ERA5 - 2022 Northwest India Severe Heatwave (Delhi/Churu)
0.0,12.0,39.3,975.2,20.2,0.0,5,1,5,ERA5 - 2022 Northwest India Severe Heatwave (Delhi/Churu)
0.0,10.0,40.9,974.7,22.9,0.0,6,1,5,ERA5 - 2022 Northwest India Severe Heatwave (Delhi/Churu)
0.0,10.0,41.9,974.1,19.5,0.0,7,1,5,ERA5 - 2022 Northwest India Severe Heatwave (Delhi/Churu)
0.0,9.0,42.5,973.3,16.5,0.0,8,1,5,ERA5 - 2022 Northwest India Severe Heatwave (Delhi/Churu)
0.0,8.0,42.7,972.3,16.1,0.0,9,1,5,ERA5 - 2022 Northwest India Severe Heatwave (Delhi/Churu)
0.0,8.0,42.8,971.6,15.7,0.0,10,1,5,ERA5 - 2022 Northwest India Severe Heatwave (Delhi/Churu)
0.0,8.0,42.7,971.3,15.6,0.0,11,1,5,ERA5 - 2022 Northwest India Severe Heatwave (Delhi/Churu)
0.0,8.0,41.6,971.1,12.4,0.0,12,1,5,ERA5 - 2022 Northwest India Severe Heatwave (Delhi/Churu)
0.0,9.0,40.4,971.6,11.3,0.0,13,1,5,ERA5 - 2022 Northwest India Severe Heatwave (Delhi/Churu)
0.0,11.0,37.7,971.7,12.6,0.0,14,1,5,ERA5 - 2022 Northwest India Severe Heatwave (Delhi/Churu)
0.0,13.0,36.1,972.3,11.1,0.0,15,1,5,ERA5 - 2022 Northwest India Severe Heatwave (Delhi/Churu)
0.0,14.0,34.5,972.8,9.2,0.0,16,1,5,ERA5 - 2022 Northwest India Severe Heatwave (Delhi/Churu)
0.0,15.0,33.9,973.3,14.5,0.0,17,1,5,ERA5 - 2022 Northwest India Severe Heatwave (Delhi/Churu)
0.0,15.0,33.4,973.9,17.5,0.0,18,1,5,ERA5 - 2022 Northwest India Severe Heatwave (Delhi/Churu)
0.0,14.0,33.2,973.8,18.4,0.0,19,1,5,ERA5 - 2022 Northwest India Severe Heatwave (Delhi/Churu)
0.0,15.0,31.9,973.4,15.9,0.0,20,1,5,ERA5 - 2022 Northwest India Severe Heatwave (Delhi/Churu)
0.0,14.0,30.3,973.1,12.2,0.0,21,1,5,ERA5 - 2022 Northwest India Severe Heatwave (Delhi/Churu)
0.0,17.0,28.4,972.8,9.0,0.0,22,1,5,ERA5 - 2022 Northwest India Severe Heatwave (Delhi/Churu)
0.0,14.0,28.9,972.9,14.1,0.0,23,1,5,ERA5 - 2022 Northwest India Severe Heatwave (Delhi/Churu)
0.0,18.0,26.8,973.9,11.4,0.0,0,1,5,ERA5 - 2022 Northwest India Severe Heatwave (Delhi/Churu)
0.0,18.0,26.7,974.3,7.8,0.0,1,1,5,ERA5 - 2022 Northwest India Severe Heatwave (Delhi/Churu)
0.0,17.0,29.1,975.0,8.4,0.0,2,1,5,ERA5 - 2022 Northwest India Severe Heatwave (Delhi/Churu)
0.0,15.0,32.3,975.6,10.3,0.0,3,1,5,ERA5 - 2022 Northwest India Severe Heatwave (Delhi/Churu)
0.0,13.0,34.9,975.9,14.0,0.0,4,1,5,ERA5 - 2022 Northwest India Severe Heatwave (Delhi/Churu)
0.0,12.0,37.2,975.8,16.7,0.0,5,1,5,ERA5 - 2022 Northwest India Severe Heatwave (Delhi/Churu)
0.0,11.0,39.3,975.6,17.1,0.0,6,1,5,ERA5 - 2022 Northwest India Severe Heatwave (Delhi/Churu)
0.0,10.0,40.8,974.6,15.1,0.0,7,1,5,ERA5 - 2022 Northwest India Severe Heatwave (Delhi/Churu)
0.0,9.0,41.7,973.6,13.8,0.0,8,1,5,ERA5 - 2022 Northwest India Severe Heatwave (Delhi/Churu)
0.0,9.0,42.2,972.3,12.8,0.0,9,1,5,ERA5 - 2022 Northwest India Severe Heatwave (Delhi/Churu)
0.0,8.0,42.2,971.3,13.7,0.0,10,1,5,ERA5 - 2022 Northwest India Severe Heatwave (Delhi/Churu)
0.0,9.0,41.7,970.5,12.4,0.0,11,1,5,ERA5 - 2022 Northwest India Severe Heatwave (Delhi/Churu)
0.0,9.0,41.4,969.8,12.6,0.0,12,1,5,ERA5 - 2022 Northwest India Severe Heatwave (Delhi/Churu)
0.0,10.0,40.2,969.8,13.1,0.0,13,1,5,ERA5 - 2022 Northwest India Severe Heatwave (Delhi/Churu)
0.0,11.0,37.8,970.2,12.4,0.0,14,1,5,ERA5 - 2022 Northwest India Severe Heatwave (Delhi/Churu)
0.0,12.0,36.1,970.6,12.6,0.0,15,1,5,ERA5 - 2022 Northwest India Severe Heatwave (Delhi/Churu)
0.0,13.0,34.7,971.0,12.3,0.0,16,1,5,ERA5 - 2022 Northwest India Severe Heatwave (Delhi/Churu)
0.0,14.0,33.5,970.9,16.7,0.0,17,1,5,ERA5 - 2022 Northwest India Severe Heatwave (Delhi/Churu)
0.0,12.0,33.9,970.9,29.0,0.0,18,1,5,ERA5 - 2022 Northwest India Severe Heatwave (Delhi/Churu)
0.0,11.0,33.2,970.3,23.4,0.0,19,1,5,ERA5 - 2022 Northwest India Severe Heatwave (Delhi/Churu)
0.0,13.0,31.2,970.0,16.2,0.0,20,1,5,ERA5 - 2022 Northwest India Severe Heatwave (Delhi/Churu)
0.0,14.0,30.2,969.3,15.5,0.0,21,1,5,ERA5 - 2022 Northwest India Severe Heatwave (Delhi/Churu)
0.0,15.0,29.0,969.1,13.8,0.0,22,1,5,ERA5 - 2022 Northwest India Severe Heatwave (Delhi/Churu)
0.0,17.0,27.9,968.9,12.2,0.0,23,1,5,ERA5 - 2022 Northwest India Severe Heatwave (Delhi/Churu)
0.0,21.0,26.5,969.1,11.7,0.0,0,1,5,ERA5 - 2022 Northwest India Severe Heatwave (Delhi/Churu)
0.0,22.0,27.4,969.6,10.8,0.0,1,1,5,ERA5 - 2022 Northwest India Severe Heatwave (Delhi/Churu)
0.0,21.0,30.0,970.3,11.5,0.0,2,1,5,ERA5 - 2022 Northwest India Severe Heatwave (Delhi/Churu)
0.0,18.0,33.7,971.2,12.2,0.0,3,1,5,ERA5 - 2022 Northwest India Severe Heatwave (Delhi/Churu)
0.0,16.0,36.4,972.3,13.8,0.0,4,1,5,ERA5 - 2022 Northwest India Severe Heatwave (Delhi/Churu)
0.0,17.0,37.9,972.5,16.7,0.0,5,1,5,ERA5 - 2022 Northwest India Severe Heatwave (Delhi/Churu)
0.0,15.0,39.5,972.1,16.0,0.0,6,1,5,ERA5 - 2022 Northwest India Severe Heatwave (Delhi/Churu)
0.0,11.0,41.0,971.5,13.0,0.0,7,1,5,ERA5 - 2022 Northwest India Severe Heatwave (Delhi/Churu)
0.0,9.0,41.6,970.4,8.5,0.0,8,1,5,ERA5 - 2022 Northwest India Severe Heatwave (Delhi/Churu)
0.0,9.0,41.9,969.3,7.2,0.0,9,1,5,ERA5 - 2022 Northwest India Severe Heatwave (Delhi/Churu)
0.0,9.0,42.1,968.2,7.2,0.0,10,1,5,ERA5 - 2022 Northwest India Severe Heatwave (Delhi/Churu)
0.0,9.0,42.0,967.6,8.6,0.0,11,1,5,ERA5 - 2022 Northwest India Severe Heatwave (Delhi/Churu)
0.0,8.0,41.9,967.1,8.2,0.0,12,1,5,ERA5 - 2022 Northwest India Severe Heatwave (Delhi/Churu)
0.0,9.0,40.7,967.1,9.4,0.0,13,1,5,ERA5 - 2022 Northwest India Severe Heatwave (Delhi/Churu)
0.0,11.0,37.3,967.4,7.4,0.0,14,1,5,ERA5 - 2022 Northwest India Severe Heatwave (Delhi/Churu)
0.0,14.0,35.6,967.9,6.0,0.0,15,1,5,ERA5 - 2022 Northwest India Severe Heatwave (Delhi/Churu)
0.0,12.0,36.8,968.6,3.1,0.0,16,1,5,ERA5 - 2022 Northwest India Severe Heatwave (Delhi/Churu)
0.0,15.0,33.0,968.3,8.7,0.0,17,1,5,ERA5 - 2022 Northwest India Severe Heatwave (Delhi/Churu)
0.0,15.0,32.9,968.2,13.4,0.0,18,1,5,ERA5 - 2022 Northwest India Severe Heatwave (Delhi/Churu)
0.0,16.0,32.8,967.8,16.3,0.0,19,1,5,ERA5 - 2022 Northwest India Severe Heatwave (Delhi/Churu)
0.0,19.0,30.6,967.1,13.4,0.0,20,1,5,ERA5 - 2022 Northwest India Severe Heatwave (Delhi/Churu)
0.0,20.0,29.4,966.7,12.4,0.0,21,1,5,ERA5 - 2022 Northwest India Severe Heatwave (Delhi/Churu)
0.0,21.0,28.8,966.6,12.6,0.0,22,1,5,ERA5 - 2022 Northwest India Severe Heatwave (Delhi/Churu)
0.0,22.0,28.2,966.8,12.9,0.0,23,1,5,ERA5 - 2022 Northwest India Severe Heatwave (Delhi/Churu)
0.0,29.0,26.9,967.4,7.9,0.0,0,1,5,ERA5 - 2022 Northwest India Severe Heatwave (Delhi/Churu)
0.0,26.0,28.5,967.9,11.0,0.0,1,1,5,ERA5 - 2022 Northwest India Severe Heatwave (Delhi/Churu)
0.0,23.0,30.6,968.8,12.0,0.0,2,1,5,ERA5 - 2022 Northwest India Severe Heatwave (Delhi/Churu)
0.0,20.0,33.7,969.3,13.5,0.0,3,1,5,ERA5 - 2022 Northwest India Severe Heatwave (Delhi/Churu)
0.0,18.0,36.5,969.8,15.8,0.0,4,1,5,ERA5 - 2022 Northwest India Severe Heatwave (Delhi/Churu)
0.0,16.0,39.0,970.0,15.9,0.0,5,1,5,ERA5 - 2022 Northwest India Severe Heatwave (Delhi/Churu)
0.0,14.0,40.7,969.7,13.4,0.0,6,1,5,ERA5 - 2022 Northwest India Severe Heatwave (Delhi/Churu)
0.0,11.0,42.1,969.1,12.0,0.0,7,1,5,ERA5 - 2022 Northwest India Severe Heatwave (Delhi/Churu)
0.0,9.0,43.1,968.0,12.4,0.0,8,1,5,ERA5 - 2022 Northwest India Severe Heatwave (Delhi/Churu)
0.0,8.0,43.7,966.9,15.8,0.0,9,1,5,ERA5 - 2022 Northwest India Severe Heatwave (Delhi/Churu)
0.0,8.0,43.5,966.1,20.4,0.0,10,1,5,ERA5 - 2022 Northwest India Severe Heatwave (Delhi/Churu)
0.0,8.0,43.2,965.8,19.9,0.0,11,1,5,ERA5 - 2022 Northwest India Severe Heatwave (Delhi/Churu)
0.0,8.0,42.9,965.3,22.2,0.0,12,1,5,ERA5 - 2022 Northwest India Severe Heatwave (Delhi/Churu)
0.0,8.0,41.8,965.5,14.8,0.0,13,1,5,ERA5 - 2022 Northwest India Severe Heatwave (Delhi/Churu)
0.0,10.0,38.6,965.8,9.7,0.0,14,1,5,ERA5 - 2022 Northwest India Severe Heatwave (Delhi/Churu)
0.0,11.0,36.4,966.1,9.2,0.0,15,1,5,ERA5 - 2022 Northwest India Severe Heatwave (Delhi/Churu)
0.0,13.0,34.4,966.6,8.3,0.0,16,1,5,ERA5 - 2022 Northwest India Severe Heatwave (Delhi/Churu)
0.0,14.0,33.2,966.6,8.3,0.0,17,1,5,ERA5 - 2022 Northwest India Severe Heatwave (Delhi/Churu)
0.0,14.0,32.6,966.8,13.0,0.0,18,1,5,ERA5 - 2022 Northwest India Severe Heatwave (Delhi/Churu)
0.0,16.0,32.4,966.1,14.2,0.0,19,1,5,ERA5 - 2022 Northwest India Severe Heatwave (Delhi/Churu)
0.0,18.0,30.7,966.3,12.4,0.0,20,1,5,ERA5 - 2022 Northwest India Severe Heatwave (Delhi/Churu)
0.0,15.0,31.6,966.1,3.6,0.0,21,1,5,ERA5 - 2022 Northwest India Severe Heatwave (Delhi/Churu)
0.0,18.0,29.1,965.7,6.9,0.0,22,1,5,ERA5 - 2022 Northwest India Severe Heatwave (Delhi/Churu)
0.0,18.0,29.8,965.9,17.1,0.0,23,1,5,ERA5 - 2022 Northwest India Severe Heatwave (Delhi/Churu)
0.0,21.0,32.1,966.9,31.8,0.0,0,1,5,ERA5 - 2022 Northwest India Severe Heatwave (Delhi/Churu)
0.0,25.0,31.4,967.7,29.0,0.0,1,1,5,ERA5 - 2022 Northwest India Severe Heatwave (Delhi/Churu)
0.0,26.0,32.4,968.6,21.7,0.0,2,1,5,ERA5 - 2022 Northwest India Severe Heatwave (Delhi/Churu)
0.0,28.0,34.2,969.0,23.8,0.0,3,1,5,ERA5 - 2022 Northwest India Severe Heatwave (Delhi/Churu)
0.0,24.0,36.5,969.6,25.9,0.0,4,1,5,ERA5 - 2022 Northwest India Severe Heatwave (Delhi/Churu)
0.0,18.0,38.9,970.0,26.0,0.0,5,1,5,ERA5 - 2022 Northwest India Severe Heatwave (Delhi/Churu)
0.0,10.0,41.3,969.8,29.8,0.0,6,1,5,ERA5 - 2022 Northwest India Severe Heatwave (Delhi/Churu)
0.0,9.0,42.4,969.3,31.1,0.0,7,1,5,ERA5 - 2022 Northwest India Severe Heatwave (Delhi/Churu)
0.0,9.0,42.8,968.5,29.9,0.0,8,1,5,ERA5 - 2022 Northwest India Severe Heatwave (Delhi/Churu)
0.0,9.0,43.0,967.5,28.7,0.0,9,1,5,ERA5 - 2022 Northwest India Severe Heatwave (Delhi/Churu)
0.0,9.0,42.7,966.8,26.6,0.0,10,1,5,ERA5 - 2022 Northwest India Severe Heatwave (Delhi/Churu)
0.0,9.0,42.4,966.5,22.9,0.0,11,1,5,ERA5 - 2022 Northwest India Severe Heatwave (Delhi/Churu)
0.0,10.0,41.3,966.4,20.3,0.0,12,1,5,ERA5 - 2022 Northwest India Severe Heatwave (Delhi/Churu)
0.0,10.0,40.4,966.6,13.5,0.0,13,1,5,ERA5 - 2022 Northwest India Severe Heatwave (Delhi/Churu)
0.0,13.0,37.1,966.9,5.9,0.0,14,1,5,ERA5 - 2022 Northwest India Severe Heatwave (Delhi/Churu)
0.0,14.0,35.1,967.2,8.4,0.0,15,1,5,ERA5 - 2022 Northwest India Severe Heatwave (Delhi/Churu)
0.0,13.0,35.1,967.9,14.9,0.0,16,1,5,ERA5 - 2022 Northwest India Severe Heatwave (Delhi/Churu)
0.0,12.0,35.0,968.6,22.8,0.0,17,1,5,ERA5 - 2022 Northwest India Severe Heatwave (Delhi/Churu)
0.0,13.0,33.7,968.7,22.6,0.0,18,1,5,ERA5 - 2022 Northwest India Severe Heatwave (Delhi/Churu)
0.0,15.0,33.0,968.5,23.7,0.0,19,1,5,ERA5 - 2022 Northwest India Severe Heatwave (Delhi/Churu)
0.0,17.0,32.4,968.6,24.3,0.0,20,1,5,ERA5 - 2022 Northwest India Severe Heatwave (Delhi/Churu)
0.0,19.0,31.7,968.6,22.2,0.0,21,1,5,ERA5 - 2022 Northwest India Severe Heatwave (Delhi/Churu)
0.0,20.0,30.6,969.1,18.4,0.0,22,1,5,ERA5 - 2022 Northwest India Severe Heatwave (Delhi/Churu)
0.0,20.0,29.7,969.7,15.1,0.0,23,1,5,ERA5 - 2022 Northwest India Severe Heatwave (Delhi/Churu)
0.0,56.0,31.0,986.9,5.6,0.0,0,1,5,ERA5 - 2024 North India Severe Heatwave (Prayagraj/Varanasi)
0.0,51.0,33.4,987.9,7.7,0.0,1,1,5,ERA5 - 2024 North India Severe Heatwave (Prayagraj/Varanasi)
0.0,46.0,35.4,988.0,7.6,0.0,2,1,5,ERA5 - 2024 North India Severe Heatwave (Prayagraj/Varanasi)
0.0,42.0,37.7,988.3,10.4,0.0,3,1,5,ERA5 - 2024 North India Severe Heatwave (Prayagraj/Varanasi)
0.0,36.0,39.8,988.0,11.4,0.0,4,1,5,ERA5 - 2024 North India Severe Heatwave (Prayagraj/Varanasi)
0.0,31.0,41.1,987.8,8.8,0.0,5,1,5,ERA5 - 2024 North India Severe Heatwave (Prayagraj/Varanasi)
0.0,29.0,42.0,987.2,7.2,0.0,6,1,5,ERA5 - 2024 North India Severe Heatwave (Prayagraj/Varanasi)
0.0,27.0,42.8,986.5,8.0,0.0,7,1,5,ERA5 - 2024 North India Severe Heatwave (Prayagraj/Varanasi)
0.0,26.0,42.7,985.4,12.5,0.0,8,1,5,ERA5 - 2024 North India Severe Heatwave (Prayagraj/Varanasi)
0.0,25.0,43.4,984.3,11.8,0.0,9,1,5,ERA5 - 2024 North India Severe Heatwave (Prayagraj/Varanasi)
0.3,36.0,39.1,984.2,19.3,0.0,10,1,5,ERA5 - 2024 North India Severe Heatwave (Prayagraj/Varanasi)
0.0,31.0,40.2,983.6,9.9,0.0,11,1,5,ERA5 - 2024 North India Severe Heatwave (Prayagraj/Varanasi)
0.0,28.0,40.6,983.2,7.9,0.0,12,1,5,ERA5 - 2024 North India Severe Heatwave (Prayagraj/Varanasi)
0.0,38.0,37.4,984.0,4.8,0.0,13,1,5,ERA5 - 2024 North India Severe Heatwave (Prayagraj/Varanasi)
0.0,42.0,35.9,984.2,4.7,0.0,14,1,5,ERA5 - 2024 North India Severe Heatwave (Prayagraj/Varanasi)
0.0,43.0,35.5,984.8,6.8,0.0,15,1,5,ERA5 - 2024 North India Severe Heatwave (Prayagraj/Varanasi)
0.0,43.0,35.6,985.5,14.8,0.0,16,1,5,ERA5 - 2024 North India Severe Heatwave (Prayagraj/Varanasi)
0.0,44.0,35.1,986.0,12.6,0.0,17,1,5,ERA5 - 2024 North India Severe Heatwave (Prayagraj/Varanasi)
0.0,47.0,34.3,986.1,10.1,0.0,18,1,5,ERA5 - 2024 North India Severe Heatwave (Prayagraj/Varanasi)
0.0,49.0,33.8,985.6,10.8,0.0,19,1,5,ERA5 - 2024 North India Severe Heatwave (Prayagraj/Varanasi)
0.0,51.0,33.3,984.9,10.2,0.0,20,1,5,ERA5 - 2024 North India Severe Heatwave (Prayagraj/Varanasi)
0.0,53.0,32.9,984.5,12.2,0.0,21,1,5,ERA5 - 2024 North India Severe Heatwave (Prayagraj/Varanasi)
0.0,55.0,32.4,984.4,11.5,0.0,22,1,5,ERA5 - 2024 North India Severe Heatwave (Prayagraj/Varanasi)
0.0,58.0,31.9,984.8,8.6,0.0,23,1,5,ERA5 - 2024 North India Severe Heatwave (Prayagraj/Varanasi)
0.0,60.0,31.5,985.5,8.1,0.0,0,1,5,ERA5 - 2024 North India Severe Heatwave (Prayagraj/Varanasi)
0.0,56.0,33.7,985.7,8.9,0.0,1,1,5,ERA5 - 2024 North India Severe Heatwave (Prayagraj/Varanasi)
0.0,51.0,35.5,986.2,12.7,0.0,2,1,5,ERA5 - 2024 North India Severe Heatwave (Prayagraj/Varanasi)
0.0,44.0,37.5,986.0,13.2,0.0,3,1,5,ERA5 - 2024 North India Severe Heatwave (Prayagraj/Varanasi)
0.0,39.0,39.2,985.7,9.7,0.0,4,1,5,ERA5 - 2024 North India Severe Heatwave (Prayagraj/Varanasi)
0.0,35.0,40.4,985.5,5.6,0.0,5,1,5,ERA5 - 2024 North India Severe Heatwave (Prayagraj/Varanasi)
0.0,32.0,41.5,984.9,2.6,0.0,6,1,5,ERA5 - 2024 North India Severe Heatwave (Prayagraj/Varanasi)
0.0,29.0,42.3,984.1,3.5,0.0,7,1,5,ERA5 - 2024 North India Severe Heatwave (Prayagraj/Varanasi)
0.0,24.0,43.5,983.0,4.4,0.0,8,1,5,ERA5 - 2024 North India Severe Heatwave (Prayagraj/Varanasi)
0.0,19.0,44.7,981.6,8.8,0.0,9,1,5,ERA5 - 2024 North India Severe Heatwave (Prayagraj/Varanasi)
0.0,17.0,45.1,980.8,13.1,0.0,10,1,5,ERA5 - 2024 North India Severe Heatwave (Prayagraj/Varanasi)
0.0,18.0,44.8,980.4,14.5,0.0,11,1,5,ERA5 - 2024 North India Severe Heatwave (Prayagraj/Varanasi)
0.0,18.0,43.5,980.6,14.5,0.0,12,1,5,ERA5 - 2024 North India Severe Heatwave (Prayagraj/Varanasi)
0.0,26.0,39.7,981.7,5.4,0.0,13,1,5,ERA5 - 2024 North India Severe Heatwave (Prayagraj/Varanasi)
0.0,32.0,37.8,982.4,8.0,0.0,14,1,5,ERA5 - 2024 North India Severe Heatwave (Prayagraj/Varanasi)
0.0,34.0,36.6,982.8,8.1,0.0,15,1,5,ERA5 - 2024 North India Severe Heatwave (Prayagraj/Varanasi)
0.0,36.0,35.7,982.9,10.0,0.0,16,1,5,ERA5 - 2024 North India Severe Heatwave (Prayagraj/Varanasi)
0.0,41.0,34.8,983.1,11.9,0.0,17,1,5,ERA5 - 2024 North India Severe Heatwave (Prayagraj/Varanasi)
0.0,44.0,34.2,982.9,11.6,0.0,18,1,5,ERA5 - 2024 North India Severe Heatwave (Prayagraj/Varanasi)
0.0,48.0,33.3,982.6,9.2,0.0,19,1,5,ERA5 - 2024 North India Severe Heatwave (Prayagraj/Varanasi)
0.0,53.0,32.4,982.3,8.3,0.0,20,1,5,ERA5 - 2024 North India Severe Heatwave (Prayagraj/Varanasi)
0.0,58.0,31.7,982.0,7.1,0.0,21,1,5,ERA5 - 2024 North India Severe Heatwave (Prayagraj/Varanasi)
0.0,60.0,31.2,981.7,8.4,0.0,22,1,5,ERA5 - 2024 North India Severe Heatwave (Prayagraj/Varanasi)
0.0,60.0,30.9,981.9,8.7,0.0,23,1,5,ERA5 - 2024 North India Severe Heatwave (Prayagraj/Varanasi)
0.0,60.0,30.4,982.1,7.4,0.0,0,1,5,ERA5 - 2024 North India Severe Heatwave (Prayagraj/Varanasi)
0.0,58.0,33.1,983.4,7.3,0.0,1,1,5,ERA5 - 2024 North India Severe Heatwave (Prayagraj/Varanasi)
0.0,50.0,35.2,983.6,8.5,0.0,2,1,5,ERA5 - 2024 North India Severe Heatwave (Prayagraj/Varanasi)
0.0,42.0,37.7,983.5,12.3,0.0,3,1,5,ERA5 - 2024 North India Severe Heatwave (Prayagraj/Varanasi)
0.0,35.0,40.3,983.2,14.0,0.0,4,1,5,ERA5 - 2024 North India Severe Heatwave (Prayagraj/Varanasi)
0.0,28.0,42.7,982.7,14.0,0.0,5,1,5,ERA5 - 2024 North India Severe Heatwave (Prayagraj/Varanasi)
0.0,19.0,45.1,982.3,14.7,0.0,6,1,5,ERA5 - 2024 North India Severe Heatwave (Prayagraj/Varanasi)
0.0,13.0,46.1,982.1,19.7,0.0,7,1,5,ERA5 - 2024 North India Severe Heatwave (Prayagraj/Varanasi)
0.0,11.0,47.0,981.1,18.3,0.0,8,1,5,ERA5 - 2024 North India Severe Heatwave (Prayagraj/Varanasi)
0.0,11.0,47.5,980.1,20.1,0.0,9,1,5,ERA5 - 2024 North India Severe Heatwave (Prayagraj/Varanasi)
0.0,10.0,47.4,979.0,19.7,0.0,10,1,5,ERA5 - 2024 North India Severe Heatwave (Prayagraj/Varanasi)
0.0,10.0,47.0,978.4,20.9,0.0,11,1,5,ERA5 - 2024 North India Severe Heatwave (Prayagraj/Varanasi)
0.0,11.0,45.3,978.7,19.5,0.0,12,1,5,ERA5 - 2024 North India Severe Heatwave (Prayagraj/Varanasi)
0.0,16.0,41.6,979.9,7.6,0.0,13,1,5,ERA5 - 2024 North India Severe Heatwave (Prayagraj/Varanasi)
0.0,18.0,39.9,981.0,12.1,0.0,14,1,5,ERA5 - 2024 North India Severe Heatwave (Prayagraj/Varanasi)
0.0,22.0,38.6,981.5,10.2,0.0,15,1,5,ERA5 - 2024 North India Severe Heatwave (Prayagraj/Varanasi)
0.0,25.0,36.7,982.5,8.2,0.0,16,1,5,ERA5 - 2024 North India Severe Heatwave (Prayagraj/Varanasi)
0.0,29.0,35.4,983.0,8.4,0.0,17,1,5,ERA5 - 2024 North India Severe Heatwave (Prayagraj/Varanasi)
0.0,33.0,34.5,983.0,7.6,0.0,18,1,5,ERA5 - 2024 North India Severe Heatwave (Prayagraj/Varanasi)
0.0,38.0,33.3,982.8,7.2,0.0,19,1,5,ERA5 - 2024 North India Severe Heatwave (Prayagraj/Varanasi)
0.0,41.0,33.3,982.3,8.7,0.0,20,1,5,ERA5 - 2024 North India Severe Heatwave (Prayagraj/Varanasi)
0.0,46.0,32.3,981.9,7.4,0.0,21,1,5,ERA5 - 2024 North India Severe Heatwave (Prayagraj/Varanasi)
0.0,49.0,31.5,981.8,8.2,0.0,22,1,5,ERA5 - 2024 North India Severe Heatwave (Prayagraj/Varanasi)
0.0,57.0,29.9,982.7,8.4,0.0,23,1,5,ERA5 - 2024 North India Severe Heatwave (Prayagraj/Varanasi)
0.0,60.0,29.8,983.5,3.8,0.0,0,1,5,ERA5 - 2024 North India Severe Heatwave (Prayagraj/Varanasi)
0.0,51.0,32.6,984.3,6.8,0.0,1,1,5,ERA5 - 2024 North India Severe Heatwave (Prayagraj/Varanasi)
0.0,46.0,34.6,985.2,1.9,0.0,2,1,5,ERA5 - 2024 North India Severe Heatwave (Prayagraj/Varanasi)
0.0,40.0,37.6,984.9,9.6,0.0,3,1,5,ERA5 - 2024 North India Severe Heatwave (Prayagraj/Varanasi)
0.0,32.0,41.0,984.9,8.0,0.0,4,1,5,ERA5 - 2024 North India Severe Heatwave (Prayagraj/Varanasi)
0.0,26.0,43.0,984.8,6.4,0.0,5,1,5,ERA5 - 2024 North India Severe Heatwave (Prayagraj/Varanasi)
0.0,22.0,44.5,984.4,7.0,0.0,6,1,5,ERA5 - 2024 North India Severe Heatwave (Prayagraj/Varanasi)
0.0,20.0,45.4,983.8,5.4,0.0,7,1,5,ERA5 - 2024 North India Severe Heatwave (Prayagraj/Varanasi)
0.0,13.0,46.5,983.3,5.8,0.0,8,1,5,ERA5 - 2024 North India Severe Heatwave (Prayagraj/Varanasi)
0.0,12.0,46.2,982.9,8.2,0.0,9,1,5,ERA5 - 2024 North India Severe Heatwave (Prayagraj/Varanasi)
0.0,11.0,46.2,982.4,7.4,0.0,10,1,5,ERA5 - 2024 North India Severe Heatwave (Prayagraj/Varanasi)
0.0,11.0,46.2,981.9,5.8,0.0,11,1,5,ERA5 - 2024 North India Severe Heatwave (Prayagraj/Varanasi)
0.0,16.0,44.6,981.5,2.9,0.0,12,1,5,ERA5 - 2024 North India Severe Heatwave (Prayagraj/Varanasi)
0.0,19.0,40.8,982.5,6.3,0.0,13,1,5,ERA5 - 2024 North India Severe Heatwave (Prayagraj/Varanasi)
0.0,19.0,40.6,983.5,7.9,0.0,14,1,5,ERA5 - 2024 North India Severe Heatwave (Prayagraj/Varanasi)
0.0,19.0,39.6,984.3,9.0,0.0,15,1,5,ERA5 - 2024 North India Severe Heatwave (Prayagraj/Varanasi)
0.0,21.0,39.0,985.2,6.4,0.0,16,1,5,ERA5 - 2024 North India Severe Heatwave (Prayagraj/Varanasi)
0.0,25.0,36.8,985.4,6.6,0.0,17,1,5,ERA5 - 2024 North India Severe Heatwave (Prayagraj/Varanasi)
0.0,24.0,37.5,985.1,7.5,0.0,18,1,5,ERA5 - 2024 North India Severe Heatwave (Prayagraj/Varanasi)
0.0,26.0,36.7,984.8,6.6,0.0,19,1,5,ERA5 - 2024 North India Severe Heatwave (Prayagraj/Varanasi)
0.0,28.0,35.5,984.9,6.2,0.0,20,1,5,ERA5 - 2024 North India Severe Heatwave (Prayagraj/Varanasi)
0.0,30.0,35.2,984.7,4.3,0.0,21,1,5,ERA5 - 2024 North India Severe Heatwave (Prayagraj/Varanasi)
0.0,31.0,35.1,984.8,7.2,0.0,22,1,5,ERA5 - 2024 North India Severe Heatwave (Prayagraj/Varanasi)
0.0,28.0,36.0,985.4,9.7,0.0,23,1,5,ERA5 - 2024 North India Severe Heatwave (Prayagraj/Varanasi)
0.0,27.0,36.3,985.9,13.8,0.0,0,1,5,ERA5 - 2024 North India Severe Heatwave (Prayagraj/Varanasi)
0.0,34.0,36.6,986.5,6.3,0.0,1,1,5,ERA5 - 2024 North India Severe Heatwave (Prayagraj/Varanasi)
0.0,31.0,38.4,987.6,6.4,0.0,2,1,5,ERA5 - 2024 North India Severe Heatwave (Prayagraj/Varanasi)
0.0,26.0,40.3,988.3,8.0,0.0,3,1,5,ERA5 - 2024 North India Severe Heatwave (Prayagraj/Varanasi)
0.0,24.0,42.0,988.0,7.3,0.0,4,1,5,ERA5 - 2024 North India Severe Heatwave (Prayagraj/Varanasi)
0.0,21.0,43.4,987.6,9.2,0.0,5,1,5,ERA5 - 2024 North India Severe Heatwave (Prayagraj/Varanasi)
0.0,19.0,44.7,987.1,9.7,0.0,6,1,5,ERA5 - 2024 North India Severe Heatwave (Prayagraj/Varanasi)
0.0,15.0,46.1,986.1,12.7,0.0,7,1,5,ERA5 - 2024 North India Severe Heatwave (Prayagraj/Varanasi)
0.0,12.0,46.4,985.5,12.4,0.0,8,1,5,ERA5 - 2024 North India Severe Heatwave (Prayagraj/Varanasi)
0.0,11.0,47.2,984.5,8.9,0.0,9,1,5,ERA5 - 2024 North India Severe Heatwave (Prayagraj/Varanasi)
0.0,11.0,46.9,983.9,18.1,0.0,10,1,5,ERA5 - 2024 North India Severe Heatwave (Prayagraj/Varanasi)
0.0,12.0,45.7,983.5,17.3,0.0,11,1,5,ERA5 - 2024 North India Severe Heatwave (Prayagraj/Varanasi)
0.0,13.0,44.5,983.5,9.4,0.0,12,1,5,ERA5 - 2024 North India Severe Heatwave (Prayagraj/Varanasi)
0.0,20.0,40.6,984.8,7.2,0.0,13,1,5,ERA5 - 2024 North India Severe Heatwave (Prayagraj/Varanasi)
0.0,22.0,38.7,985.6,8.4,0.0,14,1,5,ERA5 - 2024 North India Severe Heatwave (Prayagraj/Varanasi)
0.0,23.0,37.6,986.5,5.5,0.0,15,1,5,ERA5 - 2024 North India Severe Heatwave (Prayagraj/Varanasi)
0.0,20.0,38.5,987.4,9.0,0.0,16,1,5,ERA5 - 2024 North India Severe Heatwave (Prayagraj/Varanasi)
0.0,21.0,37.6,988.3,5.7,0.0,17,1,5,ERA5 - 2024 North India Severe Heatwave (Prayagraj/Varanasi)
0.0,18.0,38.0,988.4,19.6,0.0,18,1,5,ERA5 - 2024 North India Severe Heatwave (Prayagraj/Varanasi)
0.0,18.0,37.4,988.0,14.1,0.0,19,1,5,ERA5 - 2024 North India Severe Heatwave (Prayagraj/Varanasi)
0.0,19.0,37.1,987.9,15.0,0.0,20,1,5,ERA5 - 2024 North India Severe Heatwave (Prayagraj/Varanasi)
0.0,19.0,37.2,987.6,14.8,0.0,21,1,5,ERA5 - 2024 North India Severe Heatwave (Prayagraj/Varanasi)
0.0,20.0,36.2,987.5,13.4,0.0,22,1,5,ERA5 - 2024 North India Severe Heatwave (Prayagraj/Varanasi)
0.0,22.0,36.3,987.4,10.7,0.0,23,1,5,ERA5 - 2024 North India Severe Heatwave (Prayagraj/Varanasi)
0.0,27.0,35.3,987.6,6.0,0.0,0,1,5,ERA5 - 2024 North India Severe Heatwave (Prayagraj/Varanasi)
0.0,46.0,34.8,989.9,14.7,0.0,1,1,5,ERA5 - 2024 North India Severe Heatwave (Prayagraj/Varanasi)
0.0,47.0,35.6,989.8,9.0,0.0,2,1,5,ERA5 - 2024 North India Severe Heatwave (Prayagraj/Varanasi)
0.0,45.0,37.1,989.9,7.9,0.0,3,1,5,ERA5 - 2024 North India Severe Heatwave (Prayagraj/Varanasi)
0.0,41.0,38.4,990.4,6.3,0.0,4,1,5,ERA5 - 2024 North India Severe Heatwave (Prayagraj/Varanasi)
0.0,37.0,39.2,989.9,6.2,0.0,5,1,5,ERA5 - 2024 North India Severe Heatwave (Prayagraj/Varanasi)
0.0,31.0,40.5,989.5,3.3,0.0,6,1,5,ERA5 - 2024 North India Severe Heatwave (Prayagraj/Varanasi)
0.0,22.0,42.9,988.7,8.3,0.0,7,1,5,ERA5 - 2024 North India Severe Heatwave (Prayagraj/Varanasi)
0.0,15.0,44.8,987.9,18.7,0.0,8,1,5,ERA5 - 2024 North India Severe Heatwave (Prayagraj/Varanasi)
0.0,13.0,45.0,987.1,15.5,0.0,9,1,5,ERA5 - 2024 North India Severe Heatwave (Prayagraj/Varanasi)
0.0,13.0,44.9,986.1,18.0,0.0,10,1,5,ERA5 - 2024 North India Severe Heatwave (Prayagraj/Varanasi)
0.0,13.0,44.2,985.6,23.4,0.0,11,1,5,ERA5 - 2024 North India Severe Heatwave (Prayagraj/Varanasi)
0.0,13.0,44.1,985.3,15.5,0.0,12,1,5,ERA5 - 2024 North India Severe Heatwave (Prayagraj/Varanasi)
0.0,14.0,42.2,986.4,14.6,0.0,13,1,5,ERA5 - 2024 North India Severe Heatwave (Prayagraj/Varanasi)
0.0,18.0,38.4,986.6,9.2,0.0,14,1,5,ERA5 - 2024 North India Severe Heatwave (Prayagraj/Varanasi)
0.0,18.0,37.4,987.2,8.6,0.0,15,1,5,ERA5 - 2024 North India Severe Heatwave (Prayagraj/Varanasi)
0.0,19.0,36.9,987.8,8.3,0.0,16,1,5,ERA5 - 2024 North India Severe Heatwave (Prayagraj/Varanasi)
0.0,20.0,36.2,988.2,7.7,0.0,17,1,5,ERA5 - 2024 North India Severe Heatwave (Prayagraj/Varanasi)
0.0,33.0,34.3,988.9,10.9,0.0,18,1,5,ERA5 - 2024 North India Severe Heatwave (Prayagraj/Varanasi)
0.0,39.0,33.7,988.2,10.8,0.0,19,1,5,ERA5 - 2024 North India Severe Heatwave (Prayagraj/Varanasi)
0.0,48.0,32.9,987.9,12.5,0.0,20,1,5,ERA5 - 2024 North India Severe Heatwave (Prayagraj/Varanasi)
0.0,50.0,32.4,987.6,9.4,0.0,21,1,5,ERA5 - 2024 North India Severe Heatwave (Prayagraj/Varanasi)
0.0,51.0,31.4,987.7,5.4,0.0,22,1,5,ERA5 - 2024 North India Severe Heatwave (Prayagraj/Varanasi)
0.0,54.0,30.8,988.0,4.1,0.0,23,1,5,ERA5 - 2024 North India Severe Heatwave (Prayagraj/Varanasi)
0.0,56.0,30.4,988.6,4.8,0.0,0,1,5,ERA5 - 2024 North India Severe Heatwave (Prayagraj/Varanasi)
0.0,73.0,31.3,990.1,14.3,0.0,1,1,5,ERA5 - 2024 North India Severe Heatwave (Prayagraj/Varanasi)
0.0,70.0,32.5,990.9,15.9,0.0,2,1,5,ERA5 - 2024 North India Severe Heatwave (Prayagraj/Varanasi)
0.0,60.0,34.5,991.3,14.2,0.0,3,1,5,ERA5 - 2024 North India Severe Heatwave (Prayagraj/Varanasi)
0.0,50.0,36.9,991.3,11.5,0.0,4,1,5,ERA5 - 2024 North India Severe Heatwave (Prayagraj/Varanasi)
0.0,40.0,39.2,991.0,6.6,0.0,5,1,5,ERA5 - 2024 North India Severe Heatwave (Prayagraj/Varanasi)
0.0,32.0,41.0,990.3,5.4,0.0,6,1,5,ERA5 - 2024 North India Severe Heatwave (Prayagraj/Varanasi)
0.0,26.0,42.7,989.4,5.5,0.0,7,1,5,ERA5 - 2024 North India Severe Heatwave (Prayagraj/Varanasi)
0.0,20.0,44.3,988.6,12.1,0.0,8,1,5,ERA5 - 2024 North India Severe Heatwave (Prayagraj/Varanasi)
0.0,15.0,44.0,988.2,6.5,0.0,9,1,5,ERA5 - 2024 North India Severe Heatwave (Prayagraj/Varanasi)
0.0,16.0,43.3,987.7,13.1,0.0,10,1,5,ERA5 - 2024 North India Severe Heatwave (Prayagraj/Varanasi)
0.0,13.0,43.6,986.9,10.1,0.0,11,1,5,ERA5 - 2024 North India Severe Heatwave (Prayagraj/Varanasi)
0.0,26.0,42.8,986.7,2.8,0.0,12,1,5,ERA5 - 2024 North India Severe Heatwave (Prayagraj/Varanasi)
0.0,25.0,39.2,988.0,6.1,0.0,13,1,5,ERA5 - 2024 North India Severe Heatwave (Prayagraj/Varanasi)
0.0,34.0,37.6,988.6,10.1,0.0,14,1,5,ERA5 - 2024 North India Severe Heatwave (Prayagraj/Varanasi)
0.0,36.0,36.8,988.8,10.2,0.0,15,1,5,ERA5 - 2024 North India Severe Heatwave (Prayagraj/Varanasi)
0.0,38.0,36.0,989.5,7.6,0.0,16,1,5,ERA5 - 2024 North India Severe Heatwave (Prayagraj/Varanasi)
0.0,40.0,35.5,989.6,11.4,0.0,17,1,5,ERA5 - 2024 North India Severe Heatwave (Prayagraj/Varanasi)
0.0,43.0,34.6,989.6,8.0,0.0,18,1,5,ERA5 - 2024 North India Severe Heatwave (Prayagraj/Varanasi)
0.0,45.0,34.3,989.6,9.0,0.0,19,1,5,ERA5 - 2024 North India Severe Heatwave (Prayagraj/Varanasi)
0.0,45.0,34.1,989.4,7.6,0.0,20,1,5,ERA5 - 2024 North India Severe Heatwave (Prayagraj/Varanasi)
0.0,47.0,33.4,989.3,6.5,0.0,21,1,5,ERA5 - 2024 North India Severe Heatwave (Prayagraj/Varanasi)
0.0,43.0,33.9,989.3,12.6,0.0,22,1,5,ERA5 - 2024 North India Severe Heatwave (Prayagraj/Varanasi)
0.0,31.0,35.0,989.2,12.2,0.0,23,1,5,ERA5 - 2024 North India Severe Heatwave (Prayagraj/Varanasi)
0.0,28.0,34.9,989.6,1.1,0.0,0,1,5,ERA5 - 2024 North India Severe Heatwave (Prayagraj/Varanasi)
0.0,59.0,30.6,992.8,10.5,0.0,1,1,5,ERA5 - 2024 North India Severe Heatwave (Prayagraj/Varanasi)
0.0,60.0,32.2,993.1,11.2,0.0,2,1,5,ERA5 - 2024 North India Severe Heatwave (Prayagraj/Varanasi)
0.0,55.0,34.5,993.3,12.7,0.0,3,1,5,ERA5 - 2024 North India Severe Heatwave (Prayagraj/Varanasi)
0.0,47.0,36.7,993.1,13.0,0.0,4,1,5,ERA5 - 2024 North India Severe Heatwave (Prayagraj/Varanasi)
0.0,37.0,38.9,992.7,9.7,0.0,5,1,5,ERA5 - 2024 North India Severe Heatwave (Prayagraj/Varanasi)
0.0,29.0,40.7,992.0,6.6,0.0,6,1,5,ERA5 - 2024 North India Severe Heatwave (Prayagraj/Varanasi)
0.0,24.0,42.0,991.1,4.3,0.0,7,1,5,ERA5 - 2024 North India Severe Heatwave (Prayagraj/Varanasi)
0.0,21.0,42.7,990.6,1.8,0.0,8,1,5,ERA5 - 2024 North India Severe Heatwave (Prayagraj/Varanasi)
0.0,23.0,41.9,989.7,7.1,0.0,9,1,5,ERA5 - 2024 North India Severe Heatwave (Prayagraj/Varanasi)
0.0,24.0,41.6,989.2,10.5,0.0,10,1,5,ERA5 - 2024 North India Severe Heatwave (Prayagraj/Varanasi)
0.0,25.0,41.1,989.0,11.5,0.0,11,1,5,ERA5 - 2024 North India Severe Heatwave (Prayagraj/Varanasi)
0.0,25.0,40.5,989.2,6.4,0.0,12,1,5,ERA5 - 2024 North India Severe Heatwave (Prayagraj/Varanasi)
0.0,44.0,34.8,990.1,14.0,0.0,13,1,5,ERA5 - 2024 North India Severe Heatwave (Prayagraj/Varanasi)
0.0,50.0,33.4,990.5,8.1,0.0,14,1,5,ERA5 - 2024 North India Severe Heatwave (Prayagraj/Varanasi)
0.0,52.0,33.1,991.3,5.1,0.0,15,1,5,ERA5 - 2024 North India Severe Heatwave (Prayagraj/Varanasi)
0.0,54.0,32.6,991.6,8.8,0.0,16,1,5,ERA5 - 2024 North India Severe Heatwave (Prayagraj/Varanasi)
0.0,57.0,32.1,991.9,8.1,0.0,17,1,5,ERA5 - 2024 North India Severe Heatwave (Prayagraj/Varanasi)
0.0,58.0,31.7,991.6,7.4,0.0,18,1,5,ERA5 - 2024 North India Severe Heatwave (Prayagraj/Varanasi)
0.0,58.0,31.3,991.1,9.5,0.0,19,1,5,ERA5 - 2024 North India Severe Heatwave (Prayagraj/Varanasi)
0.0,57.0,31.2,990.6,11.5,0.0,20,1,5,ERA5 - 2024 North India Severe Heatwave (Prayagraj/Varanasi)
0.0,57.0,30.9,990.3,10.0,0.0,21,1,5,ERA5 - 2024 North India Severe Heatwave (Prayagraj/Varanasi)
0.0,58.0,30.6,990.4,7.8,0.0,22,1,5,ERA5 - 2024 North India Severe Heatwave (Prayagraj/Varanasi)
0.0,59.0,30.3,990.6,7.4,0.0,23,1,5,ERA5 - 2024 North India Severe Heatwave (Prayagraj/Varanasi)
0.0,84.0,6.0,990.2,14.5,0.0,0,0,0,ERA5 - Delhi (Winter)
0.0,81.0,5.7,990.5,14.8,0.0,1,0,0,ERA5 - Delhi (Winter)
0.0,80.0,5.5,990.8,14.3,0.0,2,0,0,ERA5 - Delhi (Winter)
0.0,77.0,6.8,991.6,15.7,0.0,3,0,0,ERA5 - Delhi (Winter)
0.0,69.0,8.9,992.5,14.5,0.0,4,0,0,ERA5 - Delhi (Winter)
0.0,59.0,11.2,992.7,14.5,0.0,5,0,0,ERA5 - Delhi (Winter)
0.0,51.0,13.1,992.0,15.5,0.0,6,0,0,ERA5 - Delhi (Winter)
0.0,43.0,14.5,991.0,15.8,0.0,7,0,0,ERA5 - Delhi (Winter)
0.0,40.0,15.1,990.0,15.6,0.0,8,0,0,ERA5 - Delhi (Winter)
0.0,40.0,15.3,989.3,15.6,0.0,9,0,0,ERA5 - Delhi (Winter)
0.0,39.0,15.1,988.7,15.9,0.0,10,0,0,ERA5 - Delhi (Winter)
0.0,41.0,14.5,988.6,13.8,0.0,11,0,0,ERA5 - Delhi (Winter)
0.0,53.0,11.6,988.6,6.7,0.0,12,0,0,ERA5 - Delhi (Winter)
0.0,61.0,9.7,988.7,8.0,0.0,13,0,0,ERA5 - Delhi (Winter)
0.0,64.0,9.0,989.2,7.5,0.0,14,0,0,ERA5 - Delhi (Winter)
0.0,66.0,8.3,989.8,8.1,0.0,15,0,0,ERA5 - Delhi (Winter)
0.0,67.0,7.9,990.2,9.1,0.0,16,0,0,ERA5 - Delhi (Winter)
0.0,65.0,7.4,990.2,9.4,0.0,17,0,0,ERA5 - Delhi (Winter)
0.0,65.0,6.9,990.4,8.9,0.0,18,0,0,ERA5 - Delhi (Winter)
0.0,66.0,6.3,990.0,8.5,0.0,19,0,0,ERA5 - Delhi (Winter)
0.0,68.0,5.7,989.9,8.1,0.0,20,0,0,ERA5 - Delhi (Winter)
0.0,71.0,5.1,989.6,7.9,0.0,21,0,0,ERA5 - Delhi (Winter)
0.0,73.0,4.7,989.3,7.7,0.0,22,0,0,ERA5 - Delhi (Winter)
0.0,75.0,4.2,989.3,7.2,0.0,23,0,0,ERA5 - Delhi (Winter)
0.0,79.0,4.2,990.2,8.7,0.0,0,0,0,ERA5 - Delhi (Winter)
0.0,80.0,3.9,990.6,8.7,0.0,1,0,0,ERA5 - Delhi (Winter)
0.0,80.0,3.7,991.3,8.4,0.0,2,0,0,ERA5 - Delhi (Winter)
0.0,73.0,5.7,992.4,10.1,0.0,3,0,0,ERA5 - Delhi (Winter)
0.0,66.0,8.5,993.6,8.0,0.0,4,0,0,ERA5 - Delhi (Winter)
0.0,59.0,11.0,994.3,8.7,0.0,5,0,0,ERA5 - Delhi (Winter)
0.0,53.0,13.1,994.0,9.2,0.0,6,0,0,ERA5 - Delhi (Winter)
0.0,47.0,14.6,993.1,11.0,0.0,7,0,0,ERA5 - Delhi (Winter)
0.0,44.0,15.3,992.1,13.0,0.0,8,0,0,ERA5 - Delhi (Winter)
0.0,43.0,15.5,991.1,13.3,0.0,9,0,0,ERA5 - Delhi (Winter)
0.0,44.0,15.4,990.6,13.1,0.0,10,0,0,ERA5 - Delhi (Winter)
0.0,47.0,14.8,990.5,11.8,0.0,11,0,0,ERA5 - Delhi (Winter)
0.0,59.0,12.2,990.5,6.9,0.0,12,0,0,ERA5 - Delhi (Winter)
0.0,63.0,10.7,991.0,7.9,0.0,13,0,0,ERA5 - Delhi (Winter)
0.0,64.0,9.9,991.6,9.1,0.0,14,0,0,ERA5 - Delhi (Winter)
0.0,65.0,9.2,992.2,10.0,0.0,15,0,0,ERA5 - Delhi (Winter)
0.0,67.0,8.5,992.2,9.9,0.0,16,0,0,ERA5 - Delhi (Winter)
0.0,67.0,7.8,991.9,9.9,0.0,17,0,0,ERA5 - Delhi (Winter)
0.0,71.0,6.8,991.7,8.2,0.0,18,0,0,ERA5 - Delhi (Winter)
0.0,74.0,6.0,991.4,7.6,0.0,19,0,0,ERA5 - Delhi (Winter)
0.0,75.0,5.7,990.9,8.0,0.0,20,0,0,ERA5 - Delhi (Winter)
0.0,76.0,5.1,990.6,8.3,0.0,21,0,0,ERA5 - Delhi (Winter)
0.0,79.0,4.6,990.5,8.8,0.0,22,0,0,ERA5 - Delhi (Winter)
0.0,80.0,4.2,990.4,9.4,0.0,23,0,0,ERA5 - Delhi (Winter)
0.0,84.0,4.0,991.0,9.8,0.0,0,0,0,ERA5 - Delhi (Winter)
0.0,85.0,3.8,991.4,9.7,0.0,1,0,0,ERA5 - Delhi (Winter)
0.0,86.0,3.6,992.1,9.7,0.0,2,0,0,ERA5 - Delhi (Winter)
0.0,78.0,5.6,992.8,12.2,0.0,3,0,0,ERA5 - Delhi (Winter)
0.0,69.0,8.6,993.6,9.8,0.0,4,0,0,ERA5 - Delhi (Winter)
0.0,61.0,11.3,994.2,9.7,0.0,5,0,0,ERA5 - Delhi (Winter)
0.0,52.0,13.6,993.9,11.3,0.0,6,0,0,ERA5 - Delhi (Winter)
0.0,45.0,15.1,993.1,12.7,0.0,7,0,0,ERA5 - Delhi (Winter)
0.0,40.0,16.0,992.0,13.6,0.0,8,0,0,ERA5 - Delhi (Winter)
0.0,37.0,16.4,991.2,14.4,0.0,9,0,0,ERA5 - Delhi (Winter)
0.0,36.0,16.2,990.7,13.8,0.0,10,0,0,ERA5 - Delhi (Winter)
0.0,39.0,15.5,990.9,12.2,0.0,11,0,0,ERA5 - Delhi (Winter)
0.0,51.0,12.6,990.9,7.1,0.0,12,0,0,ERA5 - Delhi (Winter)
0.0,56.0,11.0,991.1,7.6,0.0,13,0,0,ERA5 - Delhi (Winter)
0.0,60.0,9.5,991.6,8.7,0.0,14,0,0,ERA5 - Delhi (Winter)
0.0,65.0,8.3,992.3,9.2,0.0,15,0,0,ERA5 - Delhi (Winter)
0.0,69.0,7.2,992.7,10.3,0.0,16,0,0,ERA5 - Delhi (Winter)
0.0,70.0,6.4,993.0,10.0,0.0,17,0,0,ERA5 - Delhi (Winter)
0.0,73.0,5.7,993.1,9.6,0.0,18,0,0,ERA5 - Delhi (Winter)
0.0,76.0,5.0,992.7,9.8,0.0,19,0,0,ERA5 - Delhi (Winter)
0.0,77.0,4.6,992.5,10.2,0.0,20,0,0,ERA5 - Delhi (Winter)
0.0,79.0,4.3,992.2,10.2,0.0,21,0,0,ERA5 - Delhi (Winter)
0.0,81.0,3.8,991.8,10.2,0.0,22,0,0,ERA5 - Delhi (Winter)
0.0,81.0,3.6,991.5,9.5,0.0,23,0,0,ERA5 - Delhi (Winter)
0.0,85.0,3.6,992.6,7.9,0.0,0,0,0,ERA5 - Delhi (Winter)
0.0,86.0,3.2,992.9,7.8,0.0,1,0,0,ERA5 - Delhi (Winter)
0.0,83.0,3.6,994.1,5.5,0.0,2,0,0,ERA5 - Delhi (Winter)
0.0,74.0,6.1,995.3,9.4,0.0,3,0,0,ERA5 - Delhi (Winter)
0.0,66.0,9.5,996.5,8.0,0.0,4,0,0,ERA5 - Delhi (Winter)
0.0,56.0,12.3,997.2,6.5,0.0,5,0,0,ERA5 - Delhi (Winter)
0.0,48.0,14.3,996.4,6.1,0.0,6,0,0,ERA5 - Delhi (Winter)
0.0,42.0,15.6,995.5,7.9,0.0,7,0,0,ERA5 - Delhi (Winter)
0.0,40.0,16.3,994.6,9.7,0.0,8,0,0,ERA5 - Delhi (Winter)
0.0,40.0,16.6,993.6,9.9,0.0,9,0,0,ERA5 - Delhi (Winter)
0.0,40.0,16.5,992.9,9.8,0.0,10,0,0,ERA5 - Delhi (Winter)
0.0,43.0,15.9,992.7,9.0,0.0,11,0,0,ERA5 - Delhi (Winter)
0.0,54.0,13.1,992.1,6.7,0.0,12,0,0,ERA5 - Delhi (Winter)
0.0,57.0,11.6,992.4,7.4,0.0,13,0,0,ERA5 - Delhi (Winter)
0.0,63.0,10.2,992.7,7.8,0.0,14,0,0,ERA5 - Delhi (Winter)
0.0,71.0,8.7,993.0,9.6,0.0,15,0,0,ERA5 - Delhi (Winter)
0.0,73.0,8.0,993.6,8.5,0.0,16,0,0,ERA5 - Delhi (Winter)
0.0,77.0,6.9,993.6,10.6,0.0,17,0,0,ERA5 - Delhi (Winter)
0.0,70.0,7.8,993.5,7.9,0.0,18,0,0,ERA5 - Delhi (Winter)
0.0,75.0,6.7,993.6,7.4,0.0,19,0,0,ERA5 - Delhi (Winter)
0.0,73.0,7.0,993.7,7.7,0.0,20,0,0,ERA5 - Delhi (Winter)
0.0,72.0,7.0,993.4,7.1,0.0,21,0,0,ERA5 - Delhi (Winter)
0.0,75.0,6.4,993.1,7.6,0.0,22,0,0,ERA5 - Delhi (Winter)
0.0,69.0,7.8,993.2,9.2,0.0,23,0,0,ERA5 - Delhi (Winter)
0.0,71.0,8.3,993.4,5.6,0.0,0,0,0,ERA5 - Delhi (Winter)
0.0,73.0,8.2,993.8,6.8,0.0,1,0,0,ERA5 - Delhi (Winter)
0.3,75.0,8.2,994.7,6.9,0.0,2,0,0,ERA5 - Delhi (Winter)
0.0,78.0,9.1,995.2,8.3,0.0,3,0,0,ERA5 - Delhi (Winter)
0.0,70.0,11.7,996.2,7.3,0.0,4,0,0,ERA5 - Delhi (Winter)
0.0,61.0,14.0,996.5,5.1,0.0,5,0,0,ERA5 - Delhi (Winter)
0.0,52.0,15.9,996.1,4.7,0.0,6,0,0,ERA5 - Delhi (Winter)
0.0,48.0,16.9,995.3,3.4,0.0,7,0,0,ERA5 - Delhi (Winter)
0.0,44.0,17.9,994.1,3.2,0.0,8,0,0,ERA5 - Delhi (Winter)
0.0,42.0,18.4,993.0,4.3,0.0,9,0,0,ERA5 - Delhi (Winter)
0.0,43.0,18.3,992.6,6.0,0.0,10,0,0,ERA5 - Delhi (Winter)
0.0,44.0,17.6,992.6,6.3,0.0,11,0,0,ERA5 - Delhi (Winter)
0.0,61.0,15.1,992.1,8.1,0.0,12,0,0,ERA5 - Delhi (Winter)
0.0,63.0,14.2,992.5,7.1,0.0,13,0,0,ERA5 - Delhi (Winter)
0.0,71.0,12.8,992.6,10.1,0.0,14,0,0,ERA5 - Delhi (Winter)
0.0,68.0,13.2,993.0,7.7,0.0,15,0,0,ERA5 - Delhi (Winter)
0.0,68.0,12.7,993.2,7.5,0.0,16,0,0,ERA5 - Delhi (Winter)
0.0,67.0,12.9,993.5,10.3,0.0,17,0,0,ERA5 - Delhi (Winter)
0.0,67.0,13.1,993.3,15.5,0.0,18,0,0,ERA5 - Delhi (Winter)
0.0,70.0,12.1,992.7,14.9,0.0,19,0,0,ERA5 - Delhi (Winter)
0.0,75.0,12.0,992.2,14.8,0.0,20,0,0,ERA5 - Delhi (Winter)
0.0,76.0,12.0,991.6,12.2,0.0,21,0,0,ERA5 - Delhi (Winter)
0.0,80.0,11.6,991.2,10.9,0.0,22,0,0,ERA5 - Delhi (Winter)
0.0,86.0,10.6,990.9,7.6,0.0,23,0,0,ERA5 - Delhi (Winter)
0.0,87.0,10.9,991.7,10.0,0.0,0,0,0,ERA5 - Delhi (Winter)
0.0,91.0,9.9,991.8,8.0,0.0,1,0,0,ERA5 - Delhi (Winter)
0.0,91.0,9.7,992.5,6.5,0.0,2,0,0,ERA5 - Delhi (Winter)
0.0,85.0,11.1,993.3,8.3,0.0,3,0,0,ERA5 - Delhi (Winter)
0.0,75.0,13.3,994.3,7.8,0.0,4,0,0,ERA5 - Delhi (Winter)
0.0,67.0,15.4,994.4,5.4,0.0,5,0,0,ERA5 - Delhi (Winter)
0.0,61.0,17.3,993.8,6.1,0.0,6,0,0,ERA5 - Delhi (Winter)
0.0,57.0,18.5,993.0,9.5,0.0,7,0,0,ERA5 - Delhi (Winter)
0.0,50.0,19.2,991.9,12.6,0.0,8,0,0,ERA5 - Delhi (Winter)
0.0,46.0,19.5,991.3,13.3,0.0,9,0,0,ERA5 - Delhi (Winter)
0.0,45.0,19.7,990.9,12.7,0.0,10,0,0,ERA5 - Delhi (Winter)
0.0,45.0,19.0,990.8,12.4,0.0,11,0,0,ERA5 - Delhi (Winter)
0.0,52.0,17.7,990.6,11.9,0.0,12,0,0,ERA5 - Delhi (Winter)
0.0,58.0,15.9,991.3,14.8,0.0,13,0,0,ERA5 - Delhi (Winter)
0.0,64.0,14.3,991.7,12.8,0.0,14,0,0,ERA5 - Delhi (Winter)
0.0,70.0,13.3,991.9,11.3,0.0,15,0,0,ERA5 - Delhi (Winter)
0.0,77.0,12.3,992.2,10.6,0.0,16,0,0,ERA5 - Delhi (Winter)
0.0,84.0,11.5,992.4,9.2,0.0,17,0,0,ERA5 - Delhi (Winter)
0.0,90.0,10.7,992.3,7.8,0.0,18,0,0,ERA5 - Delhi (Winter)
0.0,92.0,10.3,992.0,7.5,0.0,19,0,0,ERA5 - Delhi (Winter)
0.0,91.0,10.1,991.7,7.9,0.0,20,0,0,ERA5 - Delhi (Winter)
0.0,91.0,9.4,991.6,7.0,0.0,21,0,0,ERA5 - Delhi (Winter)
0.0,91.0,8.8,991.1,6.5,0.0,22,0,0,ERA5 - Delhi (Winter)
0.0,91.0,8.5,991.1,6.4,0.0,23,0,0,ERA5 - Delhi (Winter)
0.0,93.0,16.1,990.8,8.4,0.0,0,0,0,ERA5 - Delhi (Pre-Monsoon Spring)
0.0,90.0,16.3,991.3,8.3,0.0,1,0,0,ERA5 - Delhi (Pre-Monsoon Spring)
0.0,85.0,17.2,992.0,8.6,0.0,2,0,0,ERA5 - Delhi (Pre-Monsoon Spring)
0.0,71.0,20.2,992.6,6.5,0.0,3,0,0,ERA5 - Delhi (Pre-Monsoon Spring)
0.0,58.0,23.5,993.2,6.1,0.0,4,0,0,ERA5 - Delhi (Pre-Monsoon Spring)
0.0,47.0,26.0,993.4,6.9,0.0,5,0,0,ERA5 - Delhi (Pre-Monsoon Spring)
0.0,41.0,27.5,992.8,8.1,0.0,6,0,0,ERA5 - Delhi (Pre-Monsoon Spring)
0.0,36.0,28.4,992.1,10.0,0.0,7,0,0,ERA5 - Delhi (Pre-Monsoon Spring)
0.0,34.0,29.0,991.3,12.0,0.0,8,0,0,ERA5 - Delhi (Pre-Monsoon Spring)
0.0,33.0,29.2,990.4,14.1,0.0,9,0,0,ERA5 - Delhi (Pre-Monsoon Spring)
0.0,33.0,29.0,989.7,15.1,0.0,10,0,0,ERA5 - Delhi (Pre-Monsoon Spring)
0.0,32.0,28.8,989.5,14.2,0.0,11,0,0,ERA5 - Delhi (Pre-Monsoon Spring)
0.0,38.0,27.9,989.0,12.5,0.0,12,0,0,ERA5 - Delhi (Pre-Monsoon Spring)
0.0,43.0,25.6,989.4,8.2,0.0,13,0,0,ERA5 - Delhi (Pre-Monsoon Spring)
0.0,49.0,24.1,989.7,8.3,0.0,14,0,0,ERA5 - Delhi (Pre-Monsoon Spring)
0.0,53.0,23.0,990.2,9.0,0.0,15,0,0,ERA5 - Delhi (Pre-Monsoon Spring)
0.0,52.0,22.1,990.6,8.3,0.0,16,0,0,ERA5 - Delhi (Pre-Monsoon Spring)
0.0,53.0,21.0,990.6,7.7,0.0,17,0,0,ERA5 - Delhi (Pre-Monsoon Spring)
0.0,56.0,20.1,990.6,8.0,0.0,18,0,0,ERA5 - Delhi (Pre-Monsoon Spring)
0.0,61.0,18.9,990.4,7.7,0.0,19,0,0,ERA5 - Delhi (Pre-Monsoon Spring)
0.0,67.0,17.9,990.1,7.9,0.0,20,0,0,ERA5 - Delhi (Pre-Monsoon Spring)
0.0,69.0,17.4,989.5,6.5,0.0,21,0,0,ERA5 - Delhi (Pre-Monsoon Spring)
0.0,72.0,16.9,989.2,7.2,0.0,22,0,0,ERA5 - Delhi (Pre-Monsoon Spring)
0.0,70.0,17.0,989.1,4.7,0.0,23,0,0,ERA5 - Delhi (Pre-Monsoon Spring)
0.0,79.0,16.2,989.8,5.4,0.0,0,0,0,ERA5 - Delhi (Pre-Monsoon Spring)
0.0,79.0,16.4,990.5,4.7,0.0,1,0,0,ERA5 - Delhi (Pre-Monsoon Spring)
0.0,76.0,17.6,991.3,5.6,0.0,2,0,0,ERA5 - Delhi (Pre-Monsoon Spring)
0.0,65.0,21.3,992.3,4.1,0.0,3,0,0,ERA5 - Delhi (Pre-Monsoon Spring)
0.0,52.0,24.7,993.5,2.9,0.0,4,0,0,ERA5 - Delhi (Pre-Monsoon Spring)
0.0,42.0,27.1,993.4,3.3,0.0,5,0,0,ERA5 - Delhi (Pre-Monsoon Spring)
0.0,35.0,28.6,993.0,5.2,0.0,6,0,0,ERA5 - Delhi (Pre-Monsoon Spring)
0.0,31.0,29.5,992.1,8.7,0.0,7,0,0,ERA5 - Delhi (Pre-Monsoon Spring)
0.0,29.0,30.0,991.2,11.7,0.0,8,0,0,ERA5 - Delhi (Pre-Monsoon Spring)
0.0,29.0,30.0,990.1,12.7,0.0,9,0,0,ERA5 - Delhi (Pre-Monsoon Spring)
0.0,30.0,29.7,989.6,13.0,0.0,10,0,0,ERA5 - Delhi (Pre-Monsoon Spring)
0.0,32.0,29.1,989.4,12.5,0.0,11,0,0,ERA5 - Delhi (Pre-Monsoon Spring)
0.0,34.0,28.3,989.1,11.5,0.0,12,0,0,ERA5 - Delhi (Pre-Monsoon Spring)
0.0,38.0,26.2,989.5,9.7,0.0,13,0,0,ERA5 - Delhi (Pre-Monsoon Spring)
0.0,47.0,23.8,989.5,10.9,0.0,14,0,0,ERA5 - Delhi (Pre-Monsoon Spring)
0.0,44.0,24.2,990.4,8.7,0.0,15,0,0,ERA5 - Delhi (Pre-Monsoon Spring)
0.0,45.0,23.8,990.8,9.2,0.0,16,0,0,ERA5 - Delhi (Pre-Monsoon Spring)
0.0,52.0,21.8,990.9,10.5,0.0,17,0,0,ERA5 - Delhi (Pre-Monsoon Spring)
0.0,56.0,20.6,990.6,10.5,0.0,18,0,0,ERA5 - Delhi (Pre-Monsoon Spring)
0.0,62.0,19.7,990.2,9.0,0.0,19,0,0,ERA5 - Delhi (Pre-Monsoon Spring)
0.0,65.0,19.2,989.8,8.9,0.0,20,0,0,ERA5 - Delhi (Pre-Monsoon Spring)
0.0,68.0,18.5,989.2,9.5,0.0,21,0,0,ERA5 - Delhi (Pre-Monsoon Spring)
0.0,72.0,17.7,989.0,8.7,0.0,22,0,0,ERA5 - Delhi (Pre-Monsoon Spring)
0.0,72.0,17.5,989.2,5.4,0.0,23,0,0,ERA5 - Delhi (Pre-Monsoon Spring)
0.0,73.0,17.1,989.9,6.1,0.0,0,0,0,ERA5 - Delhi (Pre-Monsoon Spring)
0.0,71.0,17.1,990.3,8.2,0.0,1,0,0,ERA5 - Delhi (Pre-Monsoon Spring)
0.0,63.0,20.0,990.9,4.5,0.0,2,0,0,ERA5 - Delhi (Pre-Monsoon Spring)
0.0,55.0,23.8,992.1,4.5,0.0,3,0,0,ERA5 - Delhi (Pre-Monsoon Spring)
0.0,45.0,26.7,992.8,3.1,0.0,4,0,0,ERA5 - Delhi (Pre-Monsoon Spring)
0.0,38.0,28.6,992.6,5.2,0.0,5,0,0,ERA5 - Delhi (Pre-Monsoon Spring)
0.0,34.0,29.9,992.0,4.7,0.0,6,0,0,ERA5 - Delhi (Pre-Monsoon Spring)
0.0,31.0,30.8,991.0,4.8,0.0,7,0,0,ERA5 - Delhi (Pre-Monsoon Spring)
0.0,29.0,31.5,990.0,6.4,0.0,8,0,0,ERA5 - Delhi (Pre-Monsoon Spring)
0.0,27.0,31.9,989.1,8.7,0.0,9,0,0,ERA5 - Delhi (Pre-Monsoon Spring)
0.0,27.0,31.7,988.4,11.2,0.0,10,0,0,ERA5 - Delhi (Pre-Monsoon Spring)
0.0,29.0,31.0,988.2,11.9,0.0,11,0,0,ERA5 - Delhi (Pre-Monsoon Spring)
0.0,33.0,29.8,987.9,8.1,0.0,12,0,0,ERA5 - Delhi (Pre-Monsoon Spring)
0.0,41.0,26.4,988.2,7.6,0.0,13,0,0,ERA5 - Delhi (Pre-Monsoon Spring)
0.0,42.0,25.4,988.7,7.1,0.0,14,0,0,ERA5 - Delhi (Pre-Monsoon Spring)
0.0,50.0,23.4,989.3,10.7,0.0,15,0,0,ERA5 - Delhi (Pre-Monsoon Spring)
0.0,51.0,22.7,989.7,11.6,0.0,16,0,0,ERA5 - Delhi (Pre-Monsoon Spring)
0.0,45.0,23.0,989.8,9.2,0.0,17,0,0,ERA5 - Delhi (Pre-Monsoon Spring)
0.0,55.0,20.6,989.6,10.1,0.0,18,0,0,ERA5 - Delhi (Pre-Monsoon Spring)
0.0,58.0,20.0,989.4,10.7,0.0,19,0,0,ERA5 - Delhi (Pre-Monsoon Spring)
0.0,58.0,19.9,988.9,9.4,0.0,20,0,0,ERA5 - Delhi (Pre-Monsoon Spring)
0.0,58.0,20.1,988.3,8.1,0.0,21,0,0,ERA5 - Delhi (Pre-Monsoon Spring)
0.0,53.0,21.4,988.0,6.5,0.0,22,0,0,ERA5 - Delhi (Pre-Monsoon Spring)
0.0,66.0,18.5,987.9,5.5,0.0,23,0,0,ERA5 - Delhi (Pre-Monsoon Spring)
0.0,74.0,18.0,988.8,4.7,0.0,0,0,0,ERA5 - Delhi (Pre-Monsoon Spring)
0.0,77.0,17.5,989.3,6.2,0.0,1,0,0,ERA5 - Delhi (Pre-Monsoon Spring)
0.0,72.0,19.4,989.8,6.4,0.0,2,0,0,ERA5 - Delhi (Pre-Monsoon Spring)
0.0,64.0,22.5,990.5,4.0,0.0,3,0,0,ERA5 - Delhi (Pre-Monsoon Spring)
0.0,54.0,26.1,991.1,3.9,0.0,4,0,0,ERA5 - Delhi (Pre-Monsoon Spring)
0.0,42.0,28.7,991.2,3.7,0.0,5,0,0,ERA5 - Delhi (Pre-Monsoon Spring)
0.0,36.0,30.4,990.9,6.9,0.0,6,0,0,ERA5 - Delhi (Pre-Monsoon Spring)
0.0,31.0,31.5,989.9,10.0,0.0,7,0,0,ERA5 - Delhi (Pre-Monsoon Spring)
0.0,28.0,32.1,988.7,12.8,0.0,8,0,0,ERA5 - Delhi (Pre-Monsoon Spring)
0.0,27.0,31.7,988.1,7.5,0.0,9,0,0,ERA5 - Delhi (Pre-Monsoon Spring)
0.0,30.0,29.7,987.6,15.8,0.0,10,0,0,ERA5 - Delhi (Pre-Monsoon Spring)
0.0,29.0,30.0,987.6,11.8,0.0,11,0,0,ERA5 - Delhi (Pre-Monsoon Spring)
0.0,29.0,29.3,986.7,15.5,0.0,12,0,0,ERA5 - Delhi (Pre-Monsoon Spring)
0.0,37.0,26.7,987.1,11.3,0.0,13,0,0,ERA5 - Delhi (Pre-Monsoon Spring)
0.0,42.0,24.5,987.1,8.2,0.0,14,0,0,ERA5 - Delhi (Pre-Monsoon Spring)
0.0,45.0,23.5,987.5,8.0,0.0,15,0,0,ERA5 - Delhi (Pre-Monsoon Spring)
0.0,50.0,22.2,987.7,7.9,0.0,16,0,0,ERA5 - Delhi (Pre-Monsoon Spring)
0.0,60.0,20.5,987.7,7.2,0.0,17,0,0,ERA5 - Delhi (Pre-Monsoon Spring)
0.0,65.0,19.4,987.1,8.8,0.0,18,0,0,ERA5 - Delhi (Pre-Monsoon Spring)
0.0,65.0,19.6,986.9,8.0,0.0,19,0,0,ERA5 - Delhi (Pre-Monsoon Spring)
0.0,68.0,18.4,987.0,8.1,0.0,20,0,0,ERA5 - Delhi (Pre-Monsoon Spring)
0.0,58.0,20.3,986.5,1.9,0.0,21,0,0,ERA5 - Delhi (Pre-Monsoon Spring)
0.0,59.0,19.7,986.2,4.3,0.0,22,0,0,ERA5 - Delhi (Pre-Monsoon Spring)
0.0,71.0,17.2,985.8,5.7,0.0,23,0,0,ERA5 - Delhi (Pre-Monsoon Spring)
0.0,77.0,17.4,986.3,4.8,0.0,0,0,0,ERA5 - Delhi (Pre-Monsoon Spring)
0.0,77.0,17.4,986.7,5.8,0.0,1,0,0,ERA5 - Delhi (Pre-Monsoon Spring)
0.0,72.0,18.9,987.3,8.8,0.0,2,0,0,ERA5 - Delhi (Pre-Monsoon Spring)
0.0,62.0,22.6,988.0,7.2,0.0,3,0,0,ERA5 - Delhi (Pre-Monsoon Spring)
0.0,54.0,26.1,988.5,7.9,0.0,4,0,0,ERA5 - Delhi (Pre-Monsoon Spring)
0.0,43.0,28.4,988.5,10.1,0.0,5,0,0,ERA5 - Delhi (Pre-Monsoon Spring)
0.0,35.0,30.0,988.1,12.8,0.0,6,0,0,ERA5 - Delhi (Pre-Monsoon Spring)
0.0,31.0,31.1,987.0,14.8,0.0,7,0,0,ERA5 - Delhi (Pre-Monsoon Spring)
0.0,27.0,31.6,985.6,19.7,0.0,8,0,0,ERA5 - Delhi (Pre-Monsoon Spring)
0.0,24.0,31.4,984.8,22.2,0.0,9,0,0,ERA5 - Delhi (Pre-Monsoon Spring)
0.0,23.0,31.3,984.0,17.7,0.0,10,0,0,ERA5 - Delhi (Pre-Monsoon Spring)
0.0,22.0,31.0,983.7,17.3,0.0,11,0,0,ERA5 - Delhi (Pre-Monsoon Spring)
0.0,29.0,29.5,983.3,12.6,0.0,12,0,0,ERA5 - Delhi (Pre-Monsoon Spring)
0.0,37.0,26.3,983.8,7.6,0.0,13,0,0,ERA5 - Delhi (Pre-Monsoon Spring)
0.0,40.0,25.2,984.2,8.7,0.0,14,0,0,ERA5 - Delhi (Pre-Monsoon Spring)
0.0,44.0,24.1,984.5,9.4,0.0,15,0,0,ERA5 - Delhi (Pre-Monsoon Spring)
0.0,44.0,23.1,984.6,8.9,0.0,16,0,0,ERA5 - Delhi (Pre-Monsoon Spring)
0.0,51.0,21.1,984.4,8.7,0.0,17,0,0,ERA5 - Delhi (Pre-Monsoon Spring)
0.0,51.0,20.8,984.3,7.9,0.0,18,0,0,ERA5 - Delhi (Pre-Monsoon Spring)
0.0,58.0,19.1,984.1,10.8,0.0,19,0,0,ERA5 - Delhi (Pre-Monsoon Spring)
0.0,60.0,18.5,984.0,11.2,0.0,20,0,0,ERA5 - Delhi (Pre-Monsoon Spring)
0.0,48.0,21.0,984.0,5.2,0.0,21,0,0,ERA5 - Delhi (Pre-Monsoon Spring)
0.0,63.0,17.2,983.5,4.7,0.0,22,0,0,ERA5 - Delhi (Pre-Monsoon Spring)
0.0,58.0,18.4,983.6,5.5,0.0,23,0,0,ERA5 - Delhi (Pre-Monsoon Spring)
0.0,69.0,18.8,984.4,2.3,0.0,0,0,0,ERA5 - Delhi (Pre-Monsoon Spring)
0.0,62.0,20.2,984.9,1.5,0.0,1,0,0,ERA5 - Delhi (Pre-Monsoon Spring)
0.0,64.0,20.4,985.8,2.4,0.0,2,0,0,ERA5 - Delhi (Pre-Monsoon Spring)
0.0,58.0,23.4,986.7,4.2,0.0,3,0,0,ERA5 - Delhi (Pre-Monsoon Spring)
0.0,49.0,26.3,987.4,3.6,0.0,4,0,0,ERA5 - Delhi (Pre-Monsoon Spring)
0.0,42.0,28.4,987.7,4.0,0.0,5,0,0,ERA5 - Delhi (Pre-Monsoon Spring)
0.0,36.0,29.9,987.3,1.8,0.0,6,0,0,ERA5 - Delhi (Pre-Monsoon Spring)
0.0,31.0,30.9,986.6,2.5,0.0,7,0,0,ERA5 - Delhi (Pre-Monsoon Spring)
0.0,26.0,31.9,985.6,7.1,0.0,8,0,0,ERA5 - Delhi (Pre-Monsoon Spring)
0.0,22.0,32.3,984.5,14.3,0.0,9,0,0,ERA5 - Delhi (Pre-Monsoon Spring)
0.0,24.0,31.1,984.0,20.4,0.0,10,0,0,ERA5 - Delhi (Pre-Monsoon Spring)
0.0,24.0,30.5,983.7,15.0,0.0,11,0,0,ERA5 - Delhi (Pre-Monsoon Spring)
0.0,25.0,30.0,983.4,9.2,0.0,12,0,0,ERA5 - Delhi (Pre-Monsoon Spring)
0.0,26.0,28.5,983.9,7.1,0.0,13,0,0,ERA5 - Delhi (Pre-Monsoon Spring)
0.0,33.0,25.6,983.9,6.4,0.0,14,0,0,ERA5 - Delhi (Pre-Monsoon Spring)
0.0,39.0,24.0,984.4,6.8,0.0,15,0,0,ERA5 - Delhi (Pre-Monsoon Spring)
0.0,45.0,23.3,984.8,7.3,0.0,16,0,0,ERA5 - Delhi (Pre-Monsoon Spring)
0.0,41.0,22.8,984.5,8.0,0.0,17,0,0,ERA5 - Delhi (Pre-Monsoon Spring)
0.0,39.0,22.8,984.6,8.6,0.0,18,0,0,ERA5 - Delhi (Pre-Monsoon Spring)
0.0,40.0,21.9,984.4,9.4,0.0,19,0,0,ERA5 - Delhi (Pre-Monsoon Spring)
0.0,44.0,20.7,984.1,7.6,0.0,20,0,0,ERA5 - Delhi (Pre-Monsoon Spring)
0.0,49.0,19.6,983.8,7.8,0.0,21,0,0,ERA5 - Delhi (Pre-Monsoon Spring)
0.0,47.0,19.8,983.5,7.0,0.0,22,0,0,ERA5 - Delhi (Pre-Monsoon Spring)
0.0,52.0,19.1,983.6,9.7,0.0,23,0,0,ERA5 - Delhi (Pre-Monsoon Spring)
0.0,67.0,23.8,985.1,2.9,0.0,0,0,0,ERA5 - Delhi (Post-Monsoon Autumn)
0.0,74.0,22.4,985.4,5.4,0.0,1,0,0,ERA5 - Delhi (Post-Monsoon Autumn)
0.0,71.0,23.6,986.6,8.6,0.0,2,0,0,ERA5 - Delhi (Post-Monsoon Autumn)
0.0,63.0,26.4,987.3,4.2,0.0,3,0,0,ERA5 - Delhi (Post-Monsoon Autumn)
0.0,54.0,29.2,987.8,5.5,0.0,4,0,0,ERA5 - Delhi (Post-Monsoon Autumn)
0.0,49.0,31.1,987.7,9.2,0.0,5,0,0,ERA5 - Delhi (Post-Monsoon Autumn)
0.0,43.0,32.1,987.3,9.1,0.0,6,0,0,ERA5 - Delhi (Post-Monsoon Autumn)
0.0,36.0,33.1,986.1,5.5,0.0,7,0,0,ERA5 - Delhi (Post-Monsoon Autumn)
0.0,33.0,33.7,985.1,7.8,0.0,8,0,0,ERA5 - Delhi (Post-Monsoon Autumn)
0.0,35.0,32.6,984.2,8.6,0.0,9,0,0,ERA5 - Delhi (Post-Monsoon Autumn)
0.0,34.0,33.0,983.6,10.8,0.0,10,0,0,ERA5 - Delhi (Post-Monsoon Autumn)
0.0,37.0,32.1,983.9,10.4,0.0,11,0,0,ERA5 - Delhi (Post-Monsoon Autumn)
0.0,48.0,30.6,984.0,3.4,0.0,12,0,0,ERA5 - Delhi (Post-Monsoon Autumn)
0.1,51.0,27.8,984.5,6.5,0.0,13,0,0,ERA5 - Delhi (Post-Monsoon Autumn)
0.0,56.0,26.7,984.8,15.6,0.0,14,0,0,ERA5 - Delhi (Post-Monsoon Autumn)
0.0,59.0,25.2,985.3,8.7,0.0,15,0,0,ERA5 - Delhi (Post-Monsoon Autumn)
0.0,64.0,24.2,985.8,6.5,0.0,16,0,0,ERA5 - Delhi (Post-Monsoon Autumn)
0.0,61.0,25.0,986.0,5.4,0.0,17,0,0,ERA5 - Delhi (Post-Monsoon Autumn)
0.0,67.0,23.7,985.4,5.4,0.0,18,0,0,ERA5 - Delhi (Post-Monsoon Autumn)
0.0,70.0,22.7,985.0,5.6,0.0,19,0,0,ERA5 - Delhi (Post-Monsoon Autumn)
0.0,75.0,21.6,984.8,6.5,0.0,20,0,0,ERA5 - Delhi (Post-Monsoon Autumn)
0.0,74.0,21.6,984.1,5.9,0.0,21,0,0,ERA5 - Delhi (Post-Monsoon Autumn)
0.0,77.0,21.0,984.2,5.2,0.0,22,0,0,ERA5 - Delhi (Post-Monsoon Autumn)
0.0,78.0,20.8,984.5,6.0,0.0,23,0,0,ERA5 - Delhi (Post-Monsoon Autumn)
0.0,74.0,22.7,985.0,5.4,0.0,0,0,0,ERA5 - Delhi (Post-Monsoon Autumn)
0.0,72.0,22.2,985.9,19.3,0.0,1,0,0,ERA5 - Delhi (Post-Monsoon Autumn)
0.0,70.0,22.6,986.6,11.9,0.0,2,0,0,ERA5 - Delhi (Post-Monsoon Autumn)
0.0,63.0,25.2,987.9,8.0,0.0,3,0,0,ERA5 - Delhi (Post-Monsoon Autumn)
0.0,54.0,28.7,988.9,10.4,0.0,4,0,0,ERA5 - Delhi (Post-Monsoon Autumn)
0.0,65.0,24.0,989.6,27.6,0.0,5,0,0,ERA5 - Delhi (Post-Monsoon Autumn)
0.0,61.0,25.7,989.4,20.6,0.0,6,0,0,ERA5 - Delhi (Post-Monsoon Autumn)
0.0,56.0,27.0,987.9,12.6,0.0,7,0,0,ERA5 - Delhi (Post-Monsoon Autumn)
0.0,51.0,28.5,986.7,12.3,0.0,8,0,0,ERA5 - Delhi (Post-Monsoon Autumn)
0.0,51.0,28.9,985.8,18.1,0.0,9,0,0,ERA5 - Delhi (Post-Monsoon Autumn)
0.0,49.0,29.0,985.3,15.2,0.0,10,0,0,ERA5 - Delhi (Post-Monsoon Autumn)
0.0,54.0,27.8,986.8,4.7,0.0,11,0,0,ERA5 - Delhi (Post-Monsoon Autumn)
5.2,54.0,25.5,986.5,18.9,0.0,12,0,0,ERA5 - Delhi (Post-Monsoon Autumn)
0.0,59.0,24.6,987.2,16.1,0.0,13,0,0,ERA5 - Delhi (Post-Monsoon Autumn)
0.0,64.0,24.0,987.8,13.1,0.0,14,0,0,ERA5 - Delhi (Post-Monsoon Autumn)
0.0,67.0,23.6,988.5,12.5,0.0,15,0,0,ERA5 - Delhi (Post-Monsoon Autumn)
0.0,66.0,23.4,988.4,7.9,0.0,16,0,0,ERA5 - Delhi (Post-Monsoon Autumn)
0.0,71.0,23.0,988.5,0.8,0.0,17,0,0,ERA5 - Delhi (Post-Monsoon Autumn)
4.7,87.0,19.8,990.2,18.1,0.0,18,0,0,ERA5 - Delhi (Post-Monsoon Autumn)
2.1,89.0,20.3,988.6,13.5,0.0,19,0,0,ERA5 - Delhi (Post-Monsoon Autumn)
0.1,76.0,20.5,987.9,11.5,0.0,20,0,0,ERA5 - Delhi (Post-Monsoon Autumn)
0.0,75.0,20.2,987.6,10.8,0.0,21,0,0,ERA5 - Delhi (Post-Monsoon Autumn)
0.0,74.0,20.2,987.6,9.6,0.0,22,0,0,ERA5 - Delhi (Post-Monsoon Autumn)
0.0,80.0,19.6,988.1,7.9,0.0,23,0,0,ERA5 - Delhi (Post-Monsoon Autumn)
0.0,84.0,18.7,989.3,4.8,0.0,0,0,0,ERA5 - Delhi (Post-Monsoon Autumn)
0.0,83.0,19.2,990.1,8.8,0.0,1,0,0,ERA5 - Delhi (Post-Monsoon Autumn)
0.0,81.0,20.0,991.0,1.3,0.0,2,0,0,ERA5 - Delhi (Post-Monsoon Autumn)
0.0,74.0,21.8,992.5,3.7,0.0,3,0,0,ERA5 - Delhi (Post-Monsoon Autumn)
0.0,67.0,23.7,993.0,4.7,0.0,4,0,0,ERA5 - Delhi (Post-Monsoon Autumn)
0.0,59.0,25.1,992.6,8.0,0.0,5,0,0,ERA5 - Delhi (Post-Monsoon Autumn)
0.0,54.0,26.6,992.0,6.9,0.0,6,0,0,ERA5 - Delhi (Post-Monsoon Autumn)
0.0,48.0,28.0,990.9,5.1,0.0,7,0,0,ERA5 - Delhi (Post-Monsoon Autumn)
0.0,46.0,28.7,989.7,4.8,0.0,8,0,0,ERA5 - Delhi (Post-Monsoon Autumn)
0.0,47.0,28.3,989.5,5.1,0.0,9,0,0,ERA5 - Delhi (Post-Monsoon Autumn)
0.2,51.0,26.7,989.3,7.9,0.0,10,0,0,ERA5 - Delhi (Post-Monsoon Autumn)
0.8,64.0,25.4,989.4,7.1,0.0,11,0,0,ERA5 - Delhi (Post-Monsoon Autumn)
0.1,70.0,23.1,990.2,4.9,0.0,12,0,0,ERA5 - Delhi (Post-Monsoon Autumn)
0.0,72.0,22.5,990.4,5.6,0.0,13,0,0,ERA5 - Delhi (Post-Monsoon Autumn)
0.0,76.0,21.4,990.7,5.8,0.0,14,0,0,ERA5 - Delhi (Post-Monsoon Autumn)
0.0,83.0,20.4,991.0,6.1,0.0,15,0,0,ERA5 - Delhi (Post-Monsoon Autumn)
0.0,90.0,19.3,991.1,7.6,0.0,16,0,0,ERA5 - Delhi (Post-Monsoon Autumn)
0.0,92.0,18.7,990.9,7.6,0.0,17,0,0,ERA5 - Delhi (Post-Monsoon Autumn)
0.0,92.0,18.2,990.4,8.1,0.0,18,0,0,ERA5 - Delhi (Post-Monsoon Autumn)
0.0,93.0,17.8,989.9,7.6,0.0,19,0,0,ERA5 - Delhi (Post-Monsoon Autumn)
0.0,93.0,17.6,989.8,6.1,0.0,20,0,0,ERA5 - Delhi (Post-Monsoon Autumn)
0.0,93.0,17.6,989.7,6.8,0.0,21,0,0,ERA5 - Delhi (Post-Monsoon Autumn)
0.0,92.0,17.3,989.6,7.5,0.0,22,0,0,ERA5 - Delhi (Post-Monsoon Autumn)
0.0,89.0,17.1,989.7,7.9,0.0,23,0,0,ERA5 - Delhi (Post-Monsoon Autumn)
0.0,88.0,18.2,990.4,9.7,0.0,0,0,0,ERA5 - Delhi (Post-Monsoon Autumn)
0.0,87.0,18.4,991.0,9.2,0.0,1,0,0,ERA5 - Delhi (Post-Monsoon Autumn)
0.0,82.0,19.6,991.6,10.6,0.0,2,0,0,ERA5 - Delhi (Post-Monsoon Autumn)
0.0,73.0,21.8,992.6,11.0,0.0,3,0,0,ERA5 - Delhi (Post-Monsoon Autumn)
0.0,64.0,24.1,993.0,12.9,0.0,4,0,0,ERA5 - Delhi (Post-Monsoon Autumn)
0.0,53.0,26.1,993.0,14.0,0.0,5,0,0,ERA5 - Delhi (Post-Monsoon Autumn)
0.0,45.0,27.5,992.4,14.7,0.0,6,0,0,ERA5 - Delhi (Post-Monsoon Autumn)
0.0,42.0,28.4,991.4,14.4,0.0,7,0,0,ERA5 - Delhi (Post-Monsoon Autumn)
0.0,41.0,28.8,990.5,13.7,0.0,8,0,0,ERA5 - Delhi (Post-Monsoon Autumn)
0.0,41.0,29.0,989.6,13.4,0.0,9,0,0,ERA5 - Delhi (Post-Monsoon Autumn)
0.0,39.0,28.8,989.1,13.1,0.0,10,0,0,ERA5 - Delhi (Post-Monsoon Autumn)
0.0,39.0,28.1,989.2,13.0,0.0,11,0,0,ERA5 - Delhi (Post-Monsoon Autumn)
0.0,44.0,25.9,989.5,9.4,0.0,12,0,0,ERA5 - Delhi (Post-Monsoon Autumn)
0.0,51.0,24.0,989.9,10.2,0.0,13,0,0,ERA5 - Delhi (Post-Monsoon Autumn)
0.0,56.0,22.9,990.5,10.2,0.0,14,0,0,ERA5 - Delhi (Post-Monsoon Autumn)
0.0,59.0,22.0,990.6,9.9,0.0,15,0,0,ERA5 - Delhi (Post-Monsoon Autumn)
0.0,61.0,21.3,990.7,10.4,0.0,16,0,0,ERA5 - Delhi (Post-Monsoon Autumn)
0.0,63.0,20.6,990.4,9.7,0.0,17,0,0,ERA5 - Delhi (Post-Monsoon Autumn)
0.0,66.0,19.8,990.0,8.7,0.0,18,0,0,ERA5 - Delhi (Post-Monsoon Autumn)
0.0,69.0,19.1,989.8,7.4,0.0,19,0,0,ERA5 - Delhi (Post-Monsoon Autumn)
0.0,73.0,18.4,989.3,6.9,0.0,20,0,0,ERA5 - Delhi (Post-Monsoon Autumn)
0.0,75.0,17.9,989.0,7.5,0.0,21,0,0,ERA5 - Delhi (Post-Monsoon Autumn)
0.0,77.0,17.4,988.9,8.3,0.0,22,0,0,ERA5 - Delhi (Post-Monsoon Autumn)
0.0,79.0,17.0,989.0,9.4,0.0,23,0,0,ERA5 - Delhi (Post-Monsoon Autumn)
0.0,83.0,17.2,990.1,8.9,0.0,0,0,0,ERA5 - Delhi (Post-Monsoon Autumn)
0.0,82.0,17.4,990.8,8.7,0.0,1,0,0,ERA5 - Delhi (Post-Monsoon Autumn)
0.0,78.0,18.5,991.4,10.0,0.0,2,0,0,ERA5 - Delhi (Post-Monsoon Autumn)
0.0,70.0,20.8,992.3,7.8,0.0,3,0,0,ERA5 - Delhi (Post-Monsoon Autumn)
0.0,62.0,23.1,992.9,8.1,0.0,4,0,0,ERA5 - Delhi (Post-Monsoon Autumn)
0.0,54.0,25.0,992.8,9.7,0.0,5,0,0,ERA5 - Delhi (Post-Monsoon Autumn)
0.0,48.0,26.4,992.2,9.2,0.0,6,0,0,ERA5 - Delhi (Post-Monsoon Autumn)
0.0,43.0,27.6,991.5,10.0,0.0,7,0,0,ERA5 - Delhi (Post-Monsoon Autumn)
0.0,40.0,28.3,990.2,11.6,0.0,8,0,0,ERA5 - Delhi (Post-Monsoon Autumn)
0.0,39.0,28.6,989.5,12.7,0.0,9,0,0,ERA5 - Delhi (Post-Monsoon Autumn)
0.0,39.0,28.4,988.9,13.2,0.0,10,0,0,ERA5 - Delhi (Post-Monsoon Autumn)
0.0,40.0,27.7,988.6,12.2,0.0,11,0,0,ERA5 - Delhi (Post-Monsoon Autumn)
0.0,53.0,24.8,989.0,7.3,0.0,12,0,0,ERA5 - Delhi (Post-Monsoon Autumn)
0.0,58.0,22.9,989.4,8.0,0.0,13,0,0,ERA5 - Delhi (Post-Monsoon Autumn)
0.0,65.0,21.6,989.7,8.8,0.0,14,0,0,ERA5 - Delhi (Post-Monsoon Autumn)
0.0,70.0,20.5,990.2,9.4,0.0,15,0,0,ERA5 - Delhi (Post-Monsoon Autumn)
0.0,72.0,19.9,990.3,8.7,0.0,16,0,0,ERA5 - Delhi (Post-Monsoon Autumn)
0.0,74.0,19.3,990.3,8.9,0.0,17,0,0,ERA5 - Delhi (Post-Monsoon Autumn)
0.0,75.0,19.2,990.2,7.1,0.0,18,0,0,ERA5 - Delhi (Post-Monsoon Autumn)
0.0,77.0,18.6,989.9,6.6,0.0,19,0,0,ERA5 - Delhi (Post-Monsoon Autumn)
0.0,81.0,17.9,989.7,7.7,0.0,20,0,0,ERA5 - Delhi (Post-Monsoon Autumn)
0.0,84.0,17.4,989.3,8.4,0.0,21,0,0,ERA5 - Delhi (Post-Monsoon Autumn)
0.0,81.0,17.9,989.4,5.9,0.0,22,0,0,ERA5 - Delhi (Post-Monsoon Autumn)
0.0,85.0,17.1,989.8,5.2,0.0,23,0,0,ERA5 - Delhi (Post-Monsoon Autumn)
0.0,89.0,17.0,990.6,7.2,0.0,0,0,0,ERA5 - Delhi (Post-Monsoon Autumn)
0.0,89.0,17.3,991.2,4.9,0.0,1,0,0,ERA5 - Delhi (Post-Monsoon Autumn)
0.0,81.0,19.2,992.1,6.6,0.0,2,0,0,ERA5 - Delhi (Post-Monsoon Autumn)
0.0,69.0,21.9,992.9,5.4,0.0,3,0,0,ERA5 - Delhi (Post-Monsoon Autumn)
0.0,59.0,24.4,993.4,4.7,0.0,4,0,0,ERA5 - Delhi (Post-Monsoon Autumn)
0.0,51.0,26.2,993.1,5.6,0.0,5,0,0,ERA5 - Delhi (Post-Monsoon Autumn)
0.0,46.0,27.3,992.5,6.6,0.0,6,0,0,ERA5 - Delhi (Post-Monsoon Autumn)
0.0,42.0,28.2,991.5,7.2,0.0,7,0,0,ERA5 - Delhi (Post-Monsoon Autumn)
0.0,39.0,28.8,990.5,8.4,0.0,8,0,0,ERA5 - Delhi (Post-Monsoon Autumn)
0.0,37.0,29.1,989.7,9.2,0.0,9,0,0,ERA5 - Delhi (Post-Monsoon Autumn)
0.0,36.0,29.1,989.1,8.6,0.0,10,0,0,ERA5 - Delhi (Post-Monsoon Autumn)
0.0,38.0,28.3,988.9,8.9,0.0,11,0,0,ERA5 - Delhi (Post-Monsoon Autumn)
0.0,49.0,25.7,989.4,6.4,0.0,12,0,0,ERA5 - Delhi (Post-Monsoon Autumn)
0.0,57.0,23.7,989.8,7.2,0.0,13,0,0,ERA5 - Delhi (Post-Monsoon Autumn)
0.0,65.0,22.4,990.5,8.7,0.0,14,0,0,ERA5 - Delhi (Post-Monsoon Autumn)
0.0,70.0,21.3,990.6,8.8,0.0,15,0,0,ERA5 - Delhi (Post-Monsoon Autumn)
0.0,75.0,20.3,990.6,8.9,0.0,16,0,0,ERA5 - Delhi (Post-Monsoon Autumn)
0.0,78.0,19.6,990.4,9.9,0.0,17,0,0,ERA5 - Delhi (Post-Monsoon Autumn)
0.0,81.0,18.9,990.1,9.7,0.0,18,0,0,ERA5 - Delhi (Post-Monsoon Autumn)
0.0,83.0,18.4,990.0,9.7,0.0,19,0,0,ERA5 - Delhi (Post-Monsoon Autumn)
0.0,85.0,17.8,989.8,9.2,0.0,20,0,0,ERA5 - Delhi (Post-Monsoon Autumn)
0.0,87.0,17.5,989.5,7.2,0.0,21,0,0,ERA5 - Delhi (Post-Monsoon Autumn)
0.0,90.0,16.9,989.5,7.0,0.0,22,0,0,ERA5 - Delhi (Post-Monsoon Autumn)
0.0,90.0,16.7,989.7,5.8,0.0,23,0,0,ERA5 - Delhi (Post-Monsoon Autumn)
0.0,37.0,21.2,982.8,5.8,0.0,0,0,0,ERA5 - Delhi (Mild Summer)
0.0,34.0,23.7,983.7,13.0,0.0,1,0,0,ERA5 - Delhi (Mild Summer)
0.0,32.0,25.1,984.4,13.2,0.0,2,0,0,ERA5 - Delhi (Mild Summer)
0.0,30.0,27.0,985.5,11.5,0.0,3,0,0,ERA5 - Delhi (Mild Summer)
0.0,26.0,30.3,986.0,10.0,0.0,4,0,0,ERA5 - Delhi (Mild Summer)
0.0,17.0,33.6,985.7,19.7,0.0,5,0,0,ERA5 - Delhi (Mild Summer)
0.0,15.0,34.5,985.5,20.1,0.0,6,0,0,ERA5 - Delhi (Mild Summer)
0.0,14.0,35.5,984.5,19.9,0.0,7,0,0,ERA5 - Delhi (Mild Summer)
0.0,14.0,35.6,983.6,27.9,0.0,8,0,0,ERA5 - Delhi (Mild Summer)
0.0,15.0,34.4,982.6,24.0,0.0,9,0,0,ERA5 - Delhi (Mild Summer)
0.0,15.0,34.4,982.3,26.4,0.0,10,0,0,ERA5 - Delhi (Mild Summer)
0.0,18.0,32.3,982.7,28.2,0.0,11,0,0,ERA5 - Delhi (Mild Summer)
0.0,19.0,31.6,982.5,23.1,0.0,12,0,0,ERA5 - Delhi (Mild Summer)
0.0,21.0,30.5,982.9,16.9,0.0,13,0,0,ERA5 - Delhi (Mild Summer)
0.0,22.0,29.0,982.9,13.9,0.0,14,0,0,ERA5 - Delhi (Mild Summer)
0.0,26.0,27.2,983.5,13.5,0.0,15,0,0,ERA5 - Delhi (Mild Summer)
0.0,23.0,27.0,984.6,10.8,0.0,16,0,0,ERA5 - Delhi (Mild Summer)
0.0,24.0,25.6,984.7,8.0,0.0,17,0,0,ERA5 - Delhi (Mild Summer)
0.0,25.0,24.4,984.2,8.6,0.0,18,0,0,ERA5 - Delhi (Mild Summer)
0.0,25.0,23.5,983.8,8.4,0.0,19,0,0,ERA5 - Delhi (Mild Summer)
0.0,26.0,22.6,983.2,8.8,0.0,20,0,0,ERA5 - Delhi (Mild Summer)
0.0,28.0,21.9,982.8,8.7,0.0,21,0,0,ERA5 - Delhi (Mild Summer)
0.0,29.0,21.3,982.5,9.0,0.0,22,0,0,ERA5 - Delhi (Mild Summer)
0.0,31.0,20.7,982.4,8.4,0.0,23,0,0,ERA5 - Delhi (Mild Summer)
0.0,33.0,19.6,982.6,7.7,0.0,0,0,0,ERA5 - Delhi (Mild Summer)
0.0,36.0,19.9,984.0,7.8,0.0,1,0,0,ERA5 - Delhi (Mild Summer)
0.0,32.0,22.3,984.8,10.0,0.0,2,0,0,ERA5 - Delhi (Mild Summer)
0.0,26.0,25.8,985.7,10.1,0.0,3,0,0,ERA5 - Delhi (Mild Summer)
0.0,21.0,28.7,986.3,10.5,0.0,4,0,0,ERA5 - Delhi (Mild Summer)
0.0,18.0,31.1,986.3,12.0,0.0,5,0,0,ERA5 - Delhi (Mild Summer)
0.0,13.0,33.2,985.8,14.1,0.0,6,0,0,ERA5 - Delhi (Mild Summer)
0.0,11.0,34.4,985.1,17.1,0.0,7,0,0,ERA5 - Delhi (Mild Summer)
0.0,12.0,34.7,983.9,19.1,0.0,8,0,0,ERA5 - Delhi (Mild Summer)
0.0,12.0,35.0,982.9,19.1,0.0,9,0,0,ERA5 - Delhi (Mild Summer)
0.0,12.0,34.6,982.1,20.9,0.0,10,0,0,ERA5 - Delhi (Mild Summer)
0.0,11.0,33.9,981.7,21.3,0.0,11,0,0,ERA5 - Delhi (Mild Summer)
0.0,12.0,32.8,981.6,18.5,0.0,12,0,0,ERA5 - Delhi (Mild Summer)
0.0,16.0,30.8,981.9,12.5,0.0,13,0,0,ERA5 - Delhi (Mild Summer)
0.0,21.0,27.9,982.5,8.5,0.0,14,0,0,ERA5 - Delhi (Mild Summer)
0.0,21.0,26.8,983.2,10.5,0.0,15,0,0,ERA5 - Delhi (Mild Summer)
0.0,21.0,25.4,983.9,8.4,0.0,16,0,0,ERA5 - Delhi (Mild Summer)
0.0,21.0,24.5,983.9,9.0,0.0,17,0,0,ERA5 - Delhi (Mild Summer)
0.0,21.0,24.0,983.6,8.9,0.0,18,0,0,ERA5 - Delhi (Mild Summer)
0.0,24.0,22.3,983.1,10.3,0.0,19,0,0,ERA5 - Delhi (Mild Summer)
0.0,26.0,21.2,982.7,11.4,0.0,20,0,0,ERA5 - Delhi (Mild Summer)
0.0,27.0,20.4,982.5,7.0,0.0,21,0,0,ERA5 - Delhi (Mild Summer)
0.0,30.0,19.8,982.2,6.6,0.0,22,0,0,ERA5 - Delhi (Mild Summer)
0.0,34.0,18.5,982.3,6.9,0.0,23,0,0,ERA5 - Delhi (Mild Summer)
0.0,39.0,17.5,982.7,6.6,0.0,0,0,0,ERA5 - Delhi (Mild Summer)
0.0,35.0,19.6,983.9,6.5,0.0,1,0,0,ERA5 - Delhi (Mild Summer)
0.0,31.0,22.4,984.9,10.8,0.0,2,0,0,ERA5 - Delhi (Mild Summer)
0.0,25.0,26.0,986.0,7.9,0.0,3,0,0,ERA5 - Delhi (Mild Summer)
0.0,20.0,29.4,986.2,8.7,0.0,4,0,0,ERA5 - Delhi (Mild Summer)
0.0,15.0,32.0,986.0,11.8,0.0,5,0,0,ERA5 - Delhi (Mild Summer)
0.0,11.0,33.8,985.6,18.6,0.0,6,0,0,ERA5 - Delhi (Mild Summer)
0.0,11.0,34.5,984.7,19.1,0.0,7,0,0,ERA5 - Delhi (Mild Summer)
0.0,9.0,35.3,983.7,17.3,0.0,8,0,0,ERA5 - Delhi (Mild Summer)
0.0,9.0,35.4,982.7,18.3,0.0,9,0,0,ERA5 - Delhi (Mild Summer)
0.0,9.0,35.2,981.9,19.3,0.0,10,0,0,ERA5 - Delhi (Mild Summer)
0.0,9.0,34.4,981.8,20.3,0.0,11,0,0,ERA5 - Delhi (Mild Summer)
0.0,10.0,33.4,982.0,21.1,0.0,12,0,0,ERA5 - Delhi (Mild Summer)
0.0,14.0,29.5,981.9,9.1,0.0,13,0,0,ERA5 - Delhi (Mild Summer)
0.0,18.0,26.8,982.4,8.8,0.0,14,0,0,ERA5 - Delhi (Mild Summer)
0.0,23.0,25.4,982.8,8.2,0.0,15,0,0,ERA5 - Delhi (Mild Summer)
0.0,21.0,25.6,983.9,9.4,0.0,16,0,0,ERA5 - Delhi (Mild Summer)
0.0,20.0,24.4,984.3,9.1,0.0,17,0,0,ERA5 - Delhi (Mild Summer)
0.0,24.0,22.7,983.8,8.6,0.0,18,0,0,ERA5 - Delhi (Mild Summer)
0.0,27.0,21.4,983.4,9.7,0.0,19,0,0,ERA5 - Delhi (Mild Summer)
0.0,29.0,20.7,983.0,9.4,0.0,20,0,0,ERA5 - Delhi (Mild Summer)
0.0,29.0,20.4,982.4,6.8,0.0,21,0,0,ERA5 - Delhi (Mild Summer)
0.0,30.0,20.2,982.4,6.7,0.0,22,0,0,ERA5 - Delhi (Mild Summer)
0.0,31.0,19.7,982.7,7.2,0.0,23,0,0,ERA5 - Delhi (Mild Summer)
0.0,33.0,19.0,983.0,7.2,0.0,0,0,0,ERA5 - Delhi (Mild Summer)
0.0,36.0,19.9,984.0,6.1,0.0,1,0,0,ERA5 - Delhi (Mild Summer)
0.0,31.0,22.8,985.1,7.4,0.0,2,0,0,ERA5 - Delhi (Mild Summer)
0.0,25.0,27.1,986.2,3.4,0.0,3,0,0,ERA5 - Delhi (Mild Summer)
0.0,19.0,31.0,986.8,2.9,0.0,4,0,0,ERA5 - Delhi (Mild Summer)
0.0,14.0,33.7,987.1,4.2,0.0,5,0,0,ERA5 - Delhi (Mild Summer)
0.0,12.0,35.2,986.9,7.4,0.0,6,0,0,ERA5 - Delhi (Mild Summer)
0.0,10.0,36.1,986.2,11.8,0.0,7,0,0,ERA5 - Delhi (Mild Summer)
0.0,10.0,36.6,985.6,14.3,0.0,8,0,0,ERA5 - Delhi (Mild Summer)
0.0,10.0,36.8,984.8,16.4,0.0,9,0,0,ERA5 - Delhi (Mild Summer)
0.0,10.0,36.2,984.0,20.0,0.0,10,0,0,ERA5 - Delhi (Mild Summer)
0.0,10.0,35.7,983.8,19.2,0.0,11,0,0,ERA5 - Delhi (Mild Summer)
0.0,11.0,34.9,983.5,15.5,0.0,12,0,0,ERA5 - Delhi (Mild Summer)
0.0,10.0,31.7,983.4,9.2,0.0,13,0,0,ERA5 - Delhi (Mild Summer)
0.0,12.0,30.0,983.9,13.6,0.0,14,0,0,ERA5 - Delhi (Mild Summer)
0.0,13.0,28.4,984.9,12.4,0.0,15,0,0,ERA5 - Delhi (Mild Summer)
0.0,16.0,26.5,985.5,9.4,0.0,16,0,0,ERA5 - Delhi (Mild Summer)
0.0,21.0,24.7,985.4,8.3,0.0,17,0,0,ERA5 - Delhi (Mild Summer)
0.0,25.0,23.4,985.2,11.8,0.0,18,0,0,ERA5 - Delhi (Mild Summer)
0.0,21.0,25.1,985.0,5.4,0.0,19,0,0,ERA5 - Delhi (Mild Summer)
0.0,26.0,22.0,984.4,5.2,0.0,20,0,0,ERA5 - Delhi (Mild Summer)
0.0,25.0,21.6,984.1,5.9,0.0,21,0,0,ERA5 - Delhi (Mild Summer)
0.0,28.0,20.2,984.1,8.7,0.0,22,0,0,ERA5 - Delhi (Mild Summer)
0.0,26.0,21.4,984.0,4.6,0.0,23,0,0,ERA5 - Delhi (Mild Summer)
0.0,29.0,19.9,984.5,5.1,0.0,0,0,0,ERA5 - Delhi (Mild Summer)
0.0,39.0,20.2,985.1,7.1,0.0,1,0,0,ERA5 - Delhi (Mild Summer)
0.0,30.0,23.7,986.6,2.6,0.0,2,0,0,ERA5 - Delhi (Mild Summer)
0.0,24.0,27.6,987.3,1.9,0.0,3,0,0,ERA5 - Delhi (Mild Summer)
0.0,19.0,30.9,987.6,2.1,0.0,4,0,0,ERA5 - Delhi (Mild Summer)
0.0,15.0,33.2,987.6,2.5,0.0,5,0,0,ERA5 - Delhi (Mild Summer)
0.0,13.0,35.2,987.4,1.1,0.0,6,0,0,ERA5 - Delhi (Mild Summer)
0.0,11.0,36.6,986.7,4.6,0.0,7,0,0,ERA5 - Delhi (Mild Summer)
0.0,9.0,37.5,985.8,10.4,0.0,8,0,0,ERA5 - Delhi (Mild Summer)
0.0,8.0,37.8,984.8,16.4,0.0,9,0,0,ERA5 - Delhi (Mild Summer)
0.0,8.0,37.3,983.8,16.6,0.0,10,0,0,ERA5 - Delhi (Mild Summer)
0.0,7.0,37.1,983.2,13.9,0.0,11,0,0,ERA5 - Delhi (Mild Summer)
0.0,7.0,36.1,982.9,14.3,0.0,12,0,0,ERA5 - Delhi (Mild Summer)
0.0,8.0,33.4,983.7,15.1,0.0,13,0,0,ERA5 - Delhi (Mild Summer)
0.0,12.0,30.9,984.3,14.8,0.0,14,0,0,ERA5 - Delhi (Mild Summer)
0.0,13.0,28.9,984.9,8.3,0.0,15,0,0,ERA5 - Delhi (Mild Summer)
0.0,16.0,27.5,985.6,9.2,0.0,16,0,0,ERA5 - Delhi (Mild Summer)
0.0,19.0,26.3,985.8,10.0,0.0,17,0,0,ERA5 - Delhi (Mild Summer)
0.0,20.0,25.1,985.6,10.8,0.0,18,0,0,ERA5 - Delhi (Mild Summer)
0.0,20.0,24.1,985.1,10.3,0.0,19,0,0,ERA5 - Delhi (Mild Summer)
0.0,23.0,22.2,984.8,8.2,0.0,20,0,0,ERA5 - Delhi (Mild Summer)
0.0,25.0,21.3,984.5,9.4,0.0,21,0,0,ERA5 - Delhi (Mild Summer)
0.0,24.0,21.6,984.3,3.8,0.0,22,0,0,ERA5 - Delhi (Mild Summer)
0.0,28.0,19.9,984.5,6.5,0.0,23,0,0,ERA5 - Delhi (Mild Summer)
0.0,28.0,19.8,984.7,5.4,0.0,0,0,0,ERA5 - Delhi (Mild Summer)
0.0,45.0,21.4,985.7,7.6,0.0,1,0,0,ERA5 - Delhi (Mild Summer)
0.0,36.0,24.6,986.9,5.4,0.0,2,0,0,ERA5 - Delhi (Mild Summer)
0.0,31.0,28.3,987.6,7.0,0.0,3,0,0,ERA5 - Delhi (Mild Summer)
0.0,26.0,31.9,987.9,9.2,0.0,4,0,0,ERA5 - Delhi (Mild Summer)
0.0,22.0,34.5,987.6,7.9,0.0,5,0,0,ERA5 - Delhi (Mild Summer)
0.0,18.0,36.1,987.2,3.3,0.0,6,0,0,ERA5 - Delhi (Mild Summer)
0.0,13.0,37.4,986.3,5.1,0.0,7,0,0,ERA5 - Delhi (Mild Summer)
0.0,11.0,38.6,985.4,12.0,0.0,8,0,0,ERA5 - Delhi (Mild Summer)
0.0,11.0,37.4,984.6,13.4,0.0,9,0,0,ERA5 - Delhi (Mild Summer)
0.0,10.0,37.2,983.8,7.4,0.0,10,0,0,ERA5 - Delhi (Mild Summer)
0.0,10.0,37.2,983.0,4.8,0.0,11,0,0,ERA5 - Delhi (Mild Summer)
0.0,11.0,36.3,982.9,10.7,0.0,12,0,0,ERA5 - Delhi (Mild Summer)
0.0,12.0,32.1,983.4,9.4,0.0,13,0,0,ERA5 - Delhi (Mild Summer)
0.0,14.0,29.1,983.9,9.4,0.0,14,0,0,ERA5 - Delhi (Mild Summer)
0.0,15.0,29.2,984.8,8.2,0.0,15,0,0,ERA5 - Delhi (Mild Summer)
0.0,22.0,25.8,985.5,8.5,0.0,16,0,0,ERA5 - Delhi (Mild Summer)
0.0,24.0,24.3,985.8,10.8,0.0,17,0,0,ERA5 - Delhi (Mild Summer)
0.0,25.0,24.0,985.5,8.4,0.0,18,0,0,ERA5 - Delhi (Mild Summer)
0.0,27.0,23.3,985.4,7.6,0.0,19,0,0,ERA5 - Delhi (Mild Summer)
0.0,25.0,24.2,985.2,7.2,0.0,20,0,0,ERA5 - Delhi (Mild Summer)
0.0,25.0,24.5,984.7,8.1,0.0,21,0,0,ERA5 - Delhi (Mild Summer)
0.0,28.0,23.5,984.2,7.6,0.0,22,0,0,ERA5 - Delhi (Mild Summer)
0.0,30.0,22.7,984.4,8.0,0.0,23,0,0,ERA5 - Delhi (Mild Summer)
0.0,78.0,16.0,1011.3,5.8,0.0,0,0,0,ERA5 - Mumbai (Winter)
0.0,84.0,15.2,1012.1,6.5,0.0,1,0,0,ERA5 - Mumbai (Winter)
0.0,85.0,14.9,1012.9,6.3,0.0,2,0,0,ERA5 - Mumbai (Winter)
0.0,70.0,17.5,1013.4,7.4,0.0,3,0,0,ERA5 - Mumbai (Winter)
0.0,60.0,19.7,1013.8,6.2,0.0,4,0,0,ERA5 - Mumbai (Winter)
0.0,50.0,22.8,1013.6,4.5,0.0,5,0,0,ERA5 - Mumbai (Winter)
0.0,44.0,25.1,1012.7,5.9,0.0,6,0,0,ERA5 - Mumbai (Winter)
0.0,47.0,25.6,1011.8,12.3,0.0,7,0,0,ERA5 - Mumbai (Winter)
0.0,47.0,25.8,1010.8,15.9,0.0,8,0,0,ERA5 - Mumbai (Winter)
0.0,47.0,25.8,1009.7,17.1,0.0,9,0,0,ERA5 - Mumbai (Winter)
0.0,51.0,25.2,1009.2,19.1,0.0,10,0,0,ERA5 - Mumbai (Winter)
0.0,56.0,24.2,1009.2,19.7,0.0,11,0,0,ERA5 - Mumbai (Winter)
0.0,63.0,23.2,1009.4,16.9,0.0,12,0,0,ERA5 - Mumbai (Winter)
0.0,75.0,21.9,1010.0,15.7,0.0,13,0,0,ERA5 - Mumbai (Winter)
0.0,78.0,21.4,1010.8,14.7,0.0,14,0,0,ERA5 - Mumbai (Winter)
0.0,80.0,20.9,1011.4,11.0,0.0,15,0,0,ERA5 - Mumbai (Winter)
0.0,84.0,20.1,1011.8,8.4,0.0,16,0,0,ERA5 - Mumbai (Winter)
0.0,89.0,19.0,1012.2,6.5,0.0,17,0,0,ERA5 - Mumbai (Winter)
0.0,90.0,18.1,1012.0,6.7,0.0,18,0,0,ERA5 - Mumbai (Winter)
0.0,89.0,17.3,1011.6,8.7,0.0,19,0,0,ERA5 - Mumbai (Winter)
0.0,89.0,16.8,1011.3,9.4,0.0,20,0,0,ERA5 - Mumbai (Winter)
0.0,90.0,16.5,1010.9,8.7,0.0,21,0,0,ERA5 - Mumbai (Winter)
0.0,89.0,16.6,1010.6,7.6,0.0,22,0,0,ERA5 - Mumbai (Winter)
0.0,89.0,16.4,1010.8,7.2,0.0,23,0,0,ERA5 - Mumbai (Winter)
0.0,94.0,16.2,1010.9,6.8,0.0,0,0,0,ERA5 - Mumbai (Winter)
0.0,97.0,14.7,1011.9,7.4,0.0,1,0,0,ERA5 - Mumbai (Winter)
0.0,96.0,14.6,1012.6,6.3,0.0,2,0,0,ERA5 - Mumbai (Winter)
0.0,88.0,17.3,1013.5,4.1,0.0,3,0,0,ERA5 - Mumbai (Winter)
0.0,75.0,19.7,1014.1,3.4,0.0,4,0,0,ERA5 - Mumbai (Winter)
0.0,63.0,22.5,1014.0,1.8,0.0,5,0,0,ERA5 - Mumbai (Winter)
0.0,53.0,24.6,1013.4,2.1,0.0,6,0,0,ERA5 - Mumbai (Winter)
0.0,51.0,25.7,1012.5,7.6,0.0,7,0,0,ERA5 - Mumbai (Winter)
0.0,55.0,25.7,1011.5,12.3,0.0,8,0,0,ERA5 - Mumbai (Winter)
0.0,55.0,25.6,1010.4,13.6,0.0,9,0,0,ERA5 - Mumbai (Winter)
0.0,52.0,25.5,1009.9,13.8,0.0,10,0,0,ERA5 - Mumbai (Winter)
0.0,52.0,24.8,1009.7,14.5,0.0,11,0,0,ERA5 - Mumbai (Winter)
0.0,59.0,23.5,1010.0,13.8,0.0,12,0,0,ERA5 - Mumbai (Winter)
0.0,75.0,21.7,1010.8,13.8,0.0,13,0,0,ERA5 - Mumbai (Winter)
0.0,82.0,20.9,1011.6,14.3,0.0,14,0,0,ERA5 - Mumbai (Winter)
0.0,85.0,20.4,1012.4,14.0,0.0,15,0,0,ERA5 - Mumbai (Winter)
0.0,84.0,19.9,1012.7,11.8,0.0,16,0,0,ERA5 - Mumbai (Winter)
0.0,84.0,18.6,1012.7,6.6,0.0,17,0,0,ERA5 - Mumbai (Winter)
0.0,87.0,17.2,1012.8,8.3,0.0,18,0,0,ERA5 - Mumbai (Winter)
0.0,88.0,16.8,1012.5,8.1,0.0,19,0,0,ERA5 - Mumbai (Winter)
0.0,86.0,16.8,1012.0,7.6,0.0,20,0,0,ERA5 - Mumbai (Winter)
0.0,88.0,16.0,1011.6,9.0,0.0,21,0,0,ERA5 - Mumbai (Winter)
0.0,86.0,16.4,1011.0,7.3,0.0,22,0,0,ERA5 - Mumbai (Winter)
0.0,85.0,17.8,1010.9,4.9,0.0,23,0,0,ERA5 - Mumbai (Winter)
0.0,89.0,16.7,1011.2,4.9,0.0,0,0,0,ERA5 - Mumbai (Winter)
0.0,90.0,16.0,1011.7,5.6,0.0,1,0,0,ERA5 - Mumbai (Winter)
0.0,89.0,16.8,1012.5,5.5,0.0,2,0,0,ERA5 - Mumbai (Winter)
0.0,86.0,18.4,1013.4,5.8,0.0,3,0,0,ERA5 - Mumbai (Winter)
0.0,66.0,20.8,1014.0,5.6,0.0,4,0,0,ERA5 - Mumbai (Winter)
0.0,56.0,23.4,1014.3,3.6,0.0,5,0,0,ERA5 - Mumbai (Winter)
0.0,48.0,25.7,1013.9,2.8,0.0,6,0,0,ERA5 - Mumbai (Winter)
0.0,46.0,27.0,1012.7,7.4,0.0,7,0,0,ERA5 - Mumbai (Winter)
0.0,50.0,27.0,1011.5,12.2,0.0,8,0,0,ERA5 - Mumbai (Winter)
0.0,51.0,26.7,1010.7,14.3,0.0,9,0,0,ERA5 - Mumbai (Winter)
0.0,51.0,26.3,1010.2,15.2,0.0,10,0,0,ERA5 - Mumbai (Winter)
0.0,53.0,25.5,1010.1,15.0,0.0,11,0,0,ERA5 - Mumbai (Winter)
0.0,61.0,24.0,1010.8,14.1,0.0,12,0,0,ERA5 - Mumbai (Winter)
0.0,77.0,22.2,1011.6,13.5,0.0,13,0,0,ERA5 - Mumbai (Winter)
0.0,85.0,21.4,1012.3,13.2,0.0,14,0,0,ERA5 - Mumbai (Winter)
0.0,86.0,20.9,1013.0,12.1,0.0,15,0,0,ERA5 - Mumbai (Winter)
0.0,87.0,20.2,1013.5,8.9,0.0,16,0,0,ERA5 - Mumbai (Winter)
0.0,91.0,18.6,1013.5,7.0,0.0,17,0,0,ERA5 - Mumbai (Winter)
0.0,91.0,17.6,1013.3,8.0,0.0,18,0,0,ERA5 - Mumbai (Winter)
0.0,87.0,17.6,1013.1,8.4,0.0,19,0,0,ERA5 - Mumbai (Winter)
0.0,78.0,19.3,1012.7,6.5,0.0,20,0,0,ERA5 - Mumbai (Winter)
0.0,78.0,19.7,1012.3,4.7,0.0,21,0,0,ERA5 - Mumbai (Winter)
0.0,83.0,19.1,1011.8,3.5,0.0,22,0,0,ERA5 - Mumbai (Winter)
0.0,88.0,18.6,1011.9,4.4,0.0,23,0,0,ERA5 - Mumbai (Winter)
0.0,94.0,16.4,1012.4,7.7,0.0,0,0,0,ERA5 - Mumbai (Winter)
0.0,89.0,15.8,1013.0,7.1,0.0,1,0,0,ERA5 - Mumbai (Winter)
0.0,91.0,15.1,1013.8,7.8,0.0,2,0,0,ERA5 - Mumbai (Winter)
0.0,81.0,18.5,1014.5,5.6,0.0,3,0,0,ERA5 - Mumbai (Winter)
0.0,68.0,21.4,1015.0,5.4,0.0,4,0,0,ERA5 - Mumbai (Winter)
0.0,54.0,24.7,1015.1,4.7,0.0,5,0,0,ERA5 - Mumbai (Winter)
0.0,43.0,27.6,1014.6,2.5,0.0,6,0,0,ERA5 - Mumbai (Winter)
0.0,35.0,29.2,1013.5,3.6,0.0,7,0,0,ERA5 - Mumbai (Winter)
0.0,39.0,29.3,1012.4,8.8,0.0,8,0,0,ERA5 - Mumbai (Winter)
0.0,46.0,28.5,1011.5,11.5,0.0,9,0,0,ERA5 - Mumbai (Winter)
0.0,50.0,27.6,1011.0,12.8,0.0,10,0,0,ERA5 - Mumbai (Winter)
0.0,52.0,26.5,1010.8,12.6,0.0,11,0,0,ERA5 - Mumbai (Winter)
0.0,63.0,24.8,1011.0,13.3,0.0,12,0,0,ERA5 - Mumbai (Winter)
0.0,78.0,22.8,1011.8,12.5,0.0,13,0,0,ERA5 - Mumbai (Winter)
0.0,85.0,21.9,1012.8,13.7,0.0,14,0,0,ERA5 - Mumbai (Winter)
0.0,88.0,21.4,1013.7,12.6,0.0,15,0,0,ERA5 - Mumbai (Winter)
0.0,89.0,20.4,1014.3,7.3,0.0,16,0,0,ERA5 - Mumbai (Winter)
0.0,90.0,18.7,1014.6,7.1,0.0,17,0,0,ERA5 - Mumbai (Winter)
0.0,79.0,20.4,1014.1,6.6,0.0,18,0,0,ERA5 - Mumbai (Winter)
0.0,79.0,20.3,1013.5,3.6,0.0,19,0,0,ERA5 - Mumbai (Winter)
0.0,80.0,20.3,1013.0,0.8,0.0,20,0,0,ERA5 - Mumbai (Winter)
0.0,85.0,19.9,1012.5,0.5,0.0,21,0,0,ERA5 - Mumbai (Winter)
0.0,83.0,19.5,1011.9,2.3,0.0,22,0,0,ERA5 - Mumbai (Winter)
0.0,90.0,18.9,1012.0,3.8,0.0,23,0,0,ERA5 - Mumbai (Winter)
0.0,82.0,19.4,1012.5,3.4,0.0,0,0,0,ERA5 - Mumbai (Winter)
0.0,79.0,19.6,1013.1,5.8,0.0,1,0,0,ERA5 - Mumbai (Winter)
0.0,91.0,16.3,1014.1,6.4,0.0,2,0,0,ERA5 - Mumbai (Winter)
0.0,86.0,18.5,1015.0,5.9,0.0,3,0,0,ERA5 - Mumbai (Winter)
0.0,67.0,21.2,1015.5,4.1,0.0,4,0,0,ERA5 - Mumbai (Winter)
0.0,51.0,24.5,1015.6,3.3,0.0,5,0,0,ERA5 - Mumbai (Winter)
0.0,42.0,26.8,1014.9,3.1,0.0,6,0,0,ERA5 - Mumbai (Winter)
0.0,43.0,28.0,1013.7,7.6,0.0,7,0,0,ERA5 - Mumbai (Winter)
0.0,47.0,27.9,1012.5,10.9,0.0,8,0,0,ERA5 - Mumbai (Winter)
0.0,44.0,27.8,1011.5,11.9,0.0,9,0,0,ERA5 - Mumbai (Winter)
0.0,45.0,27.4,1011.0,12.1,0.0,10,0,0,ERA5 - Mumbai (Winter)
0.0,54.0,26.6,1010.8,12.0,0.0,11,0,0,ERA5 - Mumbai (Winter)
0.0,66.0,24.9,1011.0,12.5,0.0,12,0,0,ERA5 - Mumbai (Winter)
0.0,78.0,23.1,1011.5,11.6,0.0,13,0,0,ERA5 - Mumbai (Winter)
0.0,84.0,22.2,1012.0,11.8,0.0,14,0,0,ERA5 - Mumbai (Winter)
0.0,87.0,21.8,1012.8,11.8,0.0,15,0,0,ERA5 - Mumbai (Winter)
0.0,89.0,21.2,1013.3,8.1,0.0,16,0,0,ERA5 - Mumbai (Winter)
0.0,94.0,19.4,1013.7,6.7,0.0,17,0,0,ERA5 - Mumbai (Winter)
0.0,94.0,18.3,1013.4,8.4,0.0,18,0,0,ERA5 - Mumbai (Winter)
0.0,91.0,18.3,1013.0,7.6,0.0,19,0,0,ERA5 - Mumbai (Winter)
0.0,89.0,17.7,1012.4,9.4,0.0,20,0,0,ERA5 - Mumbai (Winter)
0.0,86.0,17.6,1011.8,9.9,0.0,21,0,0,ERA5 - Mumbai (Winter)
0.0,87.0,16.9,1011.4,10.8,0.0,22,0,0,ERA5 - Mumbai (Winter)
0.0,83.0,18.1,1011.3,8.2,0.0,23,0,0,ERA5 - Mumbai (Winter)
0.0,90.0,19.2,1011.9,8.2,0.0,0,0,0,ERA5 - Mumbai (Winter)
0.0,92.0,18.4,1012.6,7.3,0.0,1,0,0,ERA5 - Mumbai (Winter)
0.0,92.0,17.7,1013.5,7.1,0.0,2,0,0,ERA5 - Mumbai (Winter)
0.0,85.0,18.4,1014.5,7.4,0.0,3,0,0,ERA5 - Mumbai (Winter)
0.0,78.0,19.9,1015.3,4.8,0.0,4,0,0,ERA5 - Mumbai (Winter)
0.0,56.0,23.6,1015.5,2.9,0.0,5,0,0,ERA5 - Mumbai (Winter)
0.0,39.0,26.2,1014.9,3.6,0.0,6,0,0,ERA5 - Mumbai (Winter)
0.0,37.0,27.5,1013.9,9.8,0.0,7,0,0,ERA5 - Mumbai (Winter)
0.0,40.0,27.4,1012.8,14.6,0.0,8,0,0,ERA5 - Mumbai (Winter)
0.0,39.0,27.2,1011.9,16.6,0.0,9,0,0,ERA5 - Mumbai (Winter)
0.0,47.0,26.7,1011.3,15.9,0.0,10,0,0,ERA5 - Mumbai (Winter)
0.0,48.0,26.2,1011.2,14.8,0.0,11,0,0,ERA5 - Mumbai (Winter)
0.0,56.0,25.0,1011.3,12.0,0.0,12,0,0,ERA5 - Mumbai (Winter)
0.0,70.0,23.3,1011.7,10.0,0.0,13,0,0,ERA5 - Mumbai (Winter)
0.0,80.0,22.4,1012.6,10.0,0.0,14,0,0,ERA5 - Mumbai (Winter)
0.0,84.0,21.9,1013.4,8.7,0.0,15,0,0,ERA5 - Mumbai (Winter)
0.0,90.0,21.2,1013.7,7.7,0.0,16,0,0,ERA5 - Mumbai (Winter)
0.0,94.0,20.6,1014.1,6.8,0.0,17,0,0,ERA5 - Mumbai (Winter)
0.0,95.0,19.8,1013.6,5.9,0.0,18,0,0,ERA5 - Mumbai (Winter)
0.0,95.0,18.4,1013.4,7.9,0.0,19,0,0,ERA5 - Mumbai (Winter)
0.0,92.0,18.9,1012.8,6.7,0.0,20,0,0,ERA5 - Mumbai (Winter)
0.0,93.0,18.4,1012.3,7.9,0.0,21,0,0,ERA5 - Mumbai (Winter)
0.0,94.0,17.7,1012.1,7.5,0.0,22,0,0,ERA5 - Mumbai (Winter)
0.0,91.0,18.6,1012.1,7.6,0.0,23,0,0,ERA5 - Mumbai (Winter)
0.0,36.0,24.5,1011.2,11.5,0.0,0,0,0,ERA5 - Mumbai (Pre-Monsoon Spring)
0.0,36.0,24.1,1011.8,10.3,0.0,1,0,0,ERA5 - Mumbai (Pre-Monsoon Spring)
0.0,37.0,24.5,1012.5,10.6,0.0,2,0,0,ERA5 - Mumbai (Pre-Monsoon Spring)
0.0,33.0,27.2,1013.4,12.4,0.0,3,0,0,ERA5 - Mumbai (Pre-Monsoon Spring)
0.0,26.0,30.6,1014.0,10.7,0.0,4,0,0,ERA5 - Mumbai (Pre-Monsoon Spring)
0.0,23.0,32.9,1014.1,9.7,0.0,5,0,0,ERA5 - Mumbai (Pre-Monsoon Spring)
0.0,21.0,34.5,1013.4,2.0,0.0,6,0,0,ERA5 - Mumbai (Pre-Monsoon Spring)
0.0,19.0,35.2,1012.3,5.9,0.0,7,0,0,ERA5 - Mumbai (Pre-Monsoon Spring)
0.0,26.0,34.7,1011.0,17.9,0.0,8,0,0,ERA5 - Mumbai (Pre-Monsoon Spring)
0.0,30.0,33.5,1010.1,21.9,0.0,9,0,0,ERA5 - Mumbai (Pre-Monsoon Spring)
0.0,29.0,33.0,1009.1,22.2,0.0,10,0,0,ERA5 - Mumbai (Pre-Monsoon Spring)
0.0,35.0,32.2,1008.7,23.1,0.0,11,0,0,ERA5 - Mumbai (Pre-Monsoon Spring)
0.0,39.0,30.7,1008.9,21.7,0.0,12,0,0,ERA5 - Mumbai (Pre-Monsoon Spring)
0.0,42.0,29.2,1009.6,23.3,0.0,13,0,0,ERA5 - Mumbai (Pre-Monsoon Spring)
0.0,40.0,28.5,1010.2,22.8,0.0,14,0,0,ERA5 - Mumbai (Pre-Monsoon Spring)
0.0,39.0,28.2,1011.0,22.8,0.0,15,0,0,ERA5 - Mumbai (Pre-Monsoon Spring)
0.0,38.0,27.9,1011.4,20.4,0.0,16,0,0,ERA5 - Mumbai (Pre-Monsoon Spring)
0.0,34.0,27.5,1011.9,17.7,0.0,17,0,0,ERA5 - Mumbai (Pre-Monsoon Spring)
0.0,34.0,26.8,1012.0,10.7,0.0,18,0,0,ERA5 - Mumbai (Pre-Monsoon Spring)
0.0,37.0,26.2,1011.9,10.5,0.0,19,0,0,ERA5 - Mumbai (Pre-Monsoon Spring)
0.0,39.0,25.8,1011.2,10.5,0.0,20,0,0,ERA5 - Mumbai (Pre-Monsoon Spring)
0.0,40.0,25.3,1010.3,10.9,0.0,21,0,0,ERA5 - Mumbai (Pre-Monsoon Spring)
0.0,41.0,24.7,1009.9,9.0,0.0,22,0,0,ERA5 - Mumbai (Pre-Monsoon Spring)
0.0,45.0,23.3,1009.8,7.1,0.0,23,0,0,ERA5 - Mumbai (Pre-Monsoon Spring)
0.0,47.0,23.5,1010.1,7.8,0.0,0,0,0,ERA5 - Mumbai (Pre-Monsoon Spring)
0.0,53.0,22.0,1011.1,8.7,0.0,1,0,0,ERA5 - Mumbai (Pre-Monsoon Spring)
0.0,49.0,23.8,1012.0,7.7,0.0,2,0,0,ERA5 - Mumbai (Pre-Monsoon Spring)
0.0,40.0,26.9,1012.8,12.3,0.0,3,0,0,ERA5 - Mumbai (Pre-Monsoon Spring)
0.0,31.0,30.6,1013.4,11.0,0.0,4,0,0,ERA5 - Mumbai (Pre-Monsoon Spring)
0.0,25.0,33.6,1013.7,7.0,0.0,5,0,0,ERA5 - Mumbai (Pre-Monsoon Spring)
0.0,21.0,35.5,1012.8,5.9,0.0,6,0,0,ERA5 - Mumbai (Pre-Monsoon Spring)
0.0,19.0,36.6,1011.8,4.0,0.0,7,0,0,ERA5 - Mumbai (Pre-Monsoon Spring)
0.0,19.0,36.8,1010.6,8.3,0.0,8,0,0,ERA5 - Mumbai (Pre-Monsoon Spring)
0.0,27.0,35.6,1009.3,18.4,0.0,9,0,0,ERA5 - Mumbai (Pre-Monsoon Spring)
0.0,29.0,35.4,1007.9,20.2,0.0,10,0,0,ERA5 - Mumbai (Pre-Monsoon Spring)
0.0,40.0,33.5,1007.7,22.4,0.0,11,0,0,ERA5 - Mumbai (Pre-Monsoon Spring)
0.0,39.0,31.4,1008.6,20.5,0.0,12,0,0,ERA5 - Mumbai (Pre-Monsoon Spring)
0.0,46.0,30.4,1008.8,20.7,0.0,13,0,0,ERA5 - Mumbai (Pre-Monsoon Spring)
0.0,50.0,29.0,1009.5,21.8,0.0,14,0,0,ERA5 - Mumbai (Pre-Monsoon Spring)
0.0,45.0,28.5,1010.6,17.4,0.0,15,0,0,ERA5 - Mumbai (Pre-Monsoon Spring)
0.0,51.0,27.7,1011.7,12.4,0.0,16,0,0,ERA5 - Mumbai (Pre-Monsoon Spring)
0.0,51.0,26.8,1012.3,7.7,0.0,17,0,0,ERA5 - Mumbai (Pre-Monsoon Spring)
0.0,45.0,26.8,1011.8,11.6,0.0,18,0,0,ERA5 - Mumbai (Pre-Monsoon Spring)
0.0,40.0,26.8,1011.2,11.9,0.0,19,0,0,ERA5 - Mumbai (Pre-Monsoon Spring)
0.0,45.0,24.8,1010.9,10.2,0.0,20,0,0,ERA5 - Mumbai (Pre-Monsoon Spring)
0.0,52.0,23.7,1010.4,9.7,0.0,21,0,0,ERA5 - Mumbai (Pre-Monsoon Spring)
0.0,48.0,23.2,1009.7,11.2,0.0,22,0,0,ERA5 - Mumbai (Pre-Monsoon Spring)
0.0,50.0,23.9,1009.6,7.4,0.0,23,0,0,ERA5 - Mumbai (Pre-Monsoon Spring)
0.0,56.0,24.3,1010.0,7.6,0.0,0,0,0,ERA5 - Mumbai (Pre-Monsoon Spring)
0.0,54.0,23.9,1010.8,7.0,0.0,1,0,0,ERA5 - Mumbai (Pre-Monsoon Spring)
0.0,49.0,24.5,1011.4,6.8,0.0,2,0,0,ERA5 - Mumbai (Pre-Monsoon Spring)
0.0,40.0,27.3,1012.2,8.6,0.0,3,0,0,ERA5 - Mumbai (Pre-Monsoon Spring)
0.0,32.0,30.1,1012.8,8.7,0.0,4,0,0,ERA5 - Mumbai (Pre-Monsoon Spring)
0.0,26.0,33.6,1012.4,8.9,0.0,5,0,0,ERA5 - Mumbai (Pre-Monsoon Spring)
0.0,21.0,36.2,1011.5,10.7,0.0,6,0,0,ERA5 - Mumbai (Pre-Monsoon Spring)
0.0,20.0,37.3,1010.4,10.6,0.0,7,0,0,ERA5 - Mumbai (Pre-Monsoon Spring)
0.0,19.0,37.7,1009.1,11.2,0.0,8,0,0,ERA5 - Mumbai (Pre-Monsoon Spring)
0.0,25.0,35.7,1008.3,21.2,0.0,9,0,0,ERA5 - Mumbai (Pre-Monsoon Spring)
0.0,30.0,33.7,1008.1,21.5,0.0,10,0,0,ERA5 - Mumbai (Pre-Monsoon Spring)
0.0,36.0,32.6,1007.9,15.0,0.0,11,0,0,ERA5 - Mumbai (Pre-Monsoon Spring)
0.0,43.0,31.2,1008.8,9.5,0.0,12,0,0,ERA5 - Mumbai (Pre-Monsoon Spring)
0.0,49.0,29.9,1009.0,10.5,0.0,13,0,0,ERA5 - Mumbai (Pre-Monsoon Spring)
0.0,54.0,29.1,1009.7,13.6,0.0,14,0,0,ERA5 - Mumbai (Pre-Monsoon Spring)
0.0,45.0,29.1,1010.1,10.0,0.0,15,0,0,ERA5 - Mumbai (Pre-Monsoon Spring)
0.0,42.0,28.8,1010.7,9.4,0.0,16,0,0,ERA5 - Mumbai (Pre-Monsoon Spring)
0.0,44.0,28.2,1011.2,6.3,0.0,17,0,0,ERA5 - Mumbai (Pre-Monsoon Spring)
0.0,45.0,27.1,1010.8,5.8,0.0,18,0,0,ERA5 - Mumbai (Pre-Monsoon Spring)
0.0,44.0,27.1,1010.1,6.9,0.0,19,0,0,ERA5 - Mumbai (Pre-Monsoon Spring)
0.0,48.0,26.0,1009.5,9.2,0.0,20,0,0,ERA5 - Mumbai (Pre-Monsoon Spring)
0.0,45.0,26.2,1008.8,5.8,0.0,21,0,0,ERA5 - Mumbai (Pre-Monsoon Spring)
0.0,53.0,24.5,1008.2,8.9,0.0,22,0,0,ERA5 - Mumbai (Pre-Monsoon Spring)
0.0,53.0,24.6,1008.0,7.7,0.0,23,0,0,ERA5 - Mumbai (Pre-Monsoon Spring)
0.0,68.0,24.3,1008.9,7.0,0.0,0,0,0,ERA5 - Mumbai (Pre-Monsoon Spring)
0.0,66.0,24.1,1009.7,6.6,0.0,1,0,0,ERA5 - Mumbai (Pre-Monsoon Spring)
0.0,58.0,25.8,1010.2,6.5,0.0,2,0,0,ERA5 - Mumbai (Pre-Monsoon Spring)
0.0,49.0,27.7,1010.9,7.6,0.0,3,0,0,ERA5 - Mumbai (Pre-Monsoon Spring)
0.0,39.0,30.6,1011.3,6.5,0.0,4,0,0,ERA5 - Mumbai (Pre-Monsoon Spring)
0.0,30.0,34.1,1011.3,6.0,0.0,5,0,0,ERA5 - Mumbai (Pre-Monsoon Spring)
0.0,23.0,36.0,1010.7,4.7,0.0,6,0,0,ERA5 - Mumbai (Pre-Monsoon Spring)
0.0,19.0,37.4,1009.8,5.1,0.0,7,0,0,ERA5 - Mumbai (Pre-Monsoon Spring)
0.0,22.0,36.7,1008.7,9.5,0.0,8,0,0,ERA5 - Mumbai (Pre-Monsoon Spring)
0.0,39.0,34.2,1008.1,15.3,0.0,9,0,0,ERA5 - Mumbai (Pre-Monsoon Spring)
0.0,39.0,32.9,1007.7,13.6,0.0,10,0,0,ERA5 - Mumbai (Pre-Monsoon Spring)
0.0,40.0,32.9,1007.5,12.6,0.0,11,0,0,ERA5 - Mumbai (Pre-Monsoon Spring)
0.0,50.0,30.9,1007.6,13.5,0.0,12,0,0,ERA5 - Mumbai (Pre-Monsoon Spring)
0.0,64.0,28.9,1008.2,16.1,0.0,13,0,0,ERA5 - Mumbai (Pre-Monsoon Spring)
0.0,67.0,28.1,1008.6,11.8,0.0,14,0,0,ERA5 - Mumbai (Pre-Monsoon Spring)
0.0,68.0,27.6,1009.6,6.1,0.0,15,0,0,ERA5 - Mumbai (Pre-Monsoon Spring)
0.0,68.0,26.8,1010.1,4.2,0.0,16,0,0,ERA5 - Mumbai (Pre-Monsoon Spring)
0.0,68.0,26.6,1010.4,4.6,0.0,17,0,0,ERA5 - Mumbai (Pre-Monsoon Spring)
0.0,81.0,26.1,1010.1,6.8,0.0,18,0,0,ERA5 - Mumbai (Pre-Monsoon Spring)
0.0,81.0,26.4,1010.1,3.4,0.0,19,0,0,ERA5 - Mumbai (Pre-Monsoon Spring)
0.0,88.0,25.0,1009.3,6.9,0.0,20,0,0,ERA5 - Mumbai (Pre-Monsoon Spring)
0.0,86.0,25.3,1008.7,5.1,0.0,21,0,0,ERA5 - Mumbai (Pre-Monsoon Spring)
0.0,93.0,23.6,1008.7,6.8,0.0,22,0,0,ERA5 - Mumbai (Pre-Monsoon Spring)
0.0,92.0,23.2,1008.4,6.6,0.0,23,0,0,ERA5 - Mumbai (Pre-Monsoon Spring)
0.0,88.0,23.9,1008.9,5.2,0.0,0,0,0,ERA5 - Mumbai (Pre-Monsoon Spring)
0.0,82.0,24.2,1009.5,6.1,0.0,1,0,0,ERA5 - Mumbai (Pre-Monsoon Spring)
0.0,76.0,25.0,1010.1,9.4,0.0,2,0,0,ERA5 - Mumbai (Pre-Monsoon Spring)
0.0,61.0,27.9,1010.7,10.2,0.0,3,0,0,ERA5 - Mumbai (Pre-Monsoon Spring)
0.0,42.0,31.4,1010.7,10.0,0.0,4,0,0,ERA5 - Mumbai (Pre-Monsoon Spring)
0.0,26.0,35.0,1010.5,14.1,0.0,5,0,0,ERA5 - Mumbai (Pre-Monsoon Spring)
0.0,18.0,36.6,1009.7,6.3,0.0,6,0,0,ERA5 - Mumbai (Pre-Monsoon Spring)
0.0,39.0,34.1,1008.9,12.6,0.0,7,0,0,ERA5 - Mumbai (Pre-Monsoon Spring)
0.0,48.0,33.1,1007.7,15.0,0.0,8,0,0,ERA5 - Mumbai (Pre-Monsoon Spring)
0.0,40.0,33.6,1006.7,16.4,0.0,9,0,0,ERA5 - Mumbai (Pre-Monsoon Spring)
0.0,43.0,33.0,1005.8,16.9,0.0,10,0,0,ERA5 - Mumbai (Pre-Monsoon Spring)
0.0,46.0,32.1,1005.3,16.9,0.0,11,0,0,ERA5 - Mumbai (Pre-Monsoon Spring)
0.0,62.0,29.5,1005.9,17.2,0.0,12,0,0,ERA5 - Mumbai (Pre-Monsoon Spring)
0.0,68.0,28.3,1006.5,16.6,0.0,13,0,0,ERA5 - Mumbai (Pre-Monsoon Spring)
0.0,67.0,27.7,1007.0,17.6,0.0,14,0,0,ERA5 - Mumbai (Pre-Monsoon Spring)
0.0,66.0,27.5,1007.5,13.9,0.0,15,0,0,ERA5 - Mumbai (Pre-Monsoon Spring)
0.0,69.0,26.9,1007.6,9.3,0.0,16,0,0,ERA5 - Mumbai (Pre-Monsoon Spring)
0.0,66.0,26.5,1007.6,7.6,0.0,17,0,0,ERA5 - Mumbai (Pre-Monsoon Spring)
0.0,65.0,25.8,1007.5,6.7,0.0,18,0,0,ERA5 - Mumbai (Pre-Monsoon Spring)
0.0,61.0,26.4,1007.3,11.3,0.0,19,0,0,ERA5 - Mumbai (Pre-Monsoon Spring)
0.0,62.0,24.9,1006.8,7.5,0.0,20,0,0,ERA5 - Mumbai (Pre-Monsoon Spring)
0.0,65.0,25.3,1006.2,5.9,0.0,21,0,0,ERA5 - Mumbai (Pre-Monsoon Spring)
0.0,74.0,23.3,1005.9,6.6,0.0,22,0,0,ERA5 - Mumbai (Pre-Monsoon Spring)
0.0,73.0,24.0,1005.8,6.0,0.0,23,0,0,ERA5 - Mumbai (Pre-Monsoon Spring)
0.0,74.0,25.2,1006.6,9.8,0.0,0,0,0,ERA5 - Mumbai (Pre-Monsoon Spring)
0.0,80.0,24.7,1007.4,8.0,0.0,1,0,0,ERA5 - Mumbai (Pre-Monsoon Spring)
0.0,75.0,25.2,1008.2,5.3,0.0,2,0,0,ERA5 - Mumbai (Pre-Monsoon Spring)
0.0,57.0,27.4,1008.8,5.3,0.0,3,0,0,ERA5 - Mumbai (Pre-Monsoon Spring)
0.0,41.0,30.4,1009.4,4.8,0.0,4,0,0,ERA5 - Mumbai (Pre-Monsoon Spring)
0.0,30.0,32.8,1009.3,6.5,0.0,5,0,0,ERA5 - Mumbai (Pre-Monsoon Spring)
0.0,26.0,34.1,1008.6,6.7,0.0,6,0,0,ERA5 - Mumbai (Pre-Monsoon Spring)
0.0,27.0,34.7,1007.6,4.3,0.0,7,0,0,ERA5 - Mumbai (Pre-Monsoon Spring)
0.0,37.0,34.0,1006.3,9.7,0.0,8,0,0,ERA5 - Mumbai (Pre-Monsoon Spring)
0.0,41.0,33.4,1005.6,9.2,0.0,9,0,0,ERA5 - Mumbai (Pre-Monsoon Spring)
0.0,44.0,33.3,1004.8,12.2,0.0,10,0,0,ERA5 - Mumbai (Pre-Monsoon Spring)
0.0,46.0,32.7,1004.4,14.8,0.0,11,0,0,ERA5 - Mumbai (Pre-Monsoon Spring)
0.0,70.0,29.3,1005.1,17.0,0.0,12,0,0,ERA5 - Mumbai (Pre-Monsoon Spring)
0.0,78.0,28.2,1006.1,18.8,0.0,13,0,0,ERA5 - Mumbai (Pre-Monsoon Spring)
0.0,81.0,27.5,1007.2,20.2,0.0,14,0,0,ERA5 - Mumbai (Pre-Monsoon Spring)
0.0,83.0,27.3,1007.9,12.0,0.0,15,0,0,ERA5 - Mumbai (Pre-Monsoon Spring)
0.0,79.0,27.1,1008.7,10.9,0.0,16,0,0,ERA5 - Mumbai (Pre-Monsoon Spring)
0.0,77.0,26.2,1009.3,10.0,0.0,17,0,0,ERA5 - Mumbai (Pre-Monsoon Spring)
0.0,71.0,25.7,1009.3,12.2,0.0,18,0,0,ERA5 - Mumbai (Pre-Monsoon Spring)
0.0,67.0,25.8,1008.8,13.4,0.0,19,0,0,ERA5 - Mumbai (Pre-Monsoon Spring)
0.0,66.0,25.4,1007.6,17.7,0.0,20,0,0,ERA5 - Mumbai (Pre-Monsoon Spring)
0.0,64.0,25.3,1007.2,14.5,0.0,21,0,0,ERA5 - Mumbai (Pre-Monsoon Spring)
0.0,60.0,25.5,1007.0,12.3,0.0,22,0,0,ERA5 - Mumbai (Pre-Monsoon Spring)
0.0,63.0,25.1,1007.2,6.8,0.0,23,0,0,ERA5 - Mumbai (Pre-Monsoon Spring)
0.0,99.0,26.2,1010.6,4.4,0.0,0,0,0,ERA5 - Mumbai (Post-Monsoon Autumn)
0.0,99.0,26.9,1010.9,4.0,0.0,1,0,0,ERA5 - Mumbai (Post-Monsoon Autumn)
0.0,99.0,27.3,1011.7,7.2,0.0,2,0,0,ERA5 - Mumbai (Post-Monsoon Autumn)
0.0,93.0,28.7,1012.2,11.0,0.0,3,0,0,ERA5 - Mumbai (Post-Monsoon Autumn)
0.0,81.0,30.5,1012.3,9.0,0.0,4,0,0,ERA5 - Mumbai (Post-Monsoon Autumn)
0.0,77.0,31.6,1012.0,6.5,0.0,5,0,0,ERA5 - Mumbai (Post-Monsoon Autumn)
0.0,66.0,32.9,1011.0,6.9,0.0,6,0,0,ERA5 - Mumbai (Post-Monsoon Autumn)
0.0,60.0,33.4,1009.7,6.8,0.0,7,0,0,ERA5 - Mumbai (Post-Monsoon Autumn)
0.0,72.0,32.6,1008.6,10.5,0.0,8,0,0,ERA5 - Mumbai (Post-Monsoon Autumn)
0.6,77.0,30.8,1008.1,19.2,0.0,9,0,0,ERA5 - Mumbai (Post-Monsoon Autumn)
0.1,72.0,31.2,1007.5,13.3,0.0,10,0,0,ERA5 - Mumbai (Post-Monsoon Autumn)
0.0,71.0,31.2,1007.7,12.3,0.0,11,0,0,ERA5 - Mumbai (Post-Monsoon Autumn)
0.0,79.0,30.3,1007.9,13.5,0.0,12,0,0,ERA5 - Mumbai (Post-Monsoon Autumn)
0.0,81.0,29.1,1007.8,11.8,0.0,13,0,0,ERA5 - Mumbai (Post-Monsoon Autumn)
0.0,82.0,28.7,1008.7,12.9,0.0,14,0,0,ERA5 - Mumbai (Post-Monsoon Autumn)
0.0,82.0,28.3,1009.7,11.3,0.0,15,0,0,ERA5 - Mumbai (Post-Monsoon Autumn)
0.0,80.0,27.7,1010.1,7.6,0.0,16,0,0,ERA5 - Mumbai (Post-Monsoon Autumn)
0.0,86.0,25.9,1010.2,7.9,0.0,17,0,0,ERA5 - Mumbai (Post-Monsoon Autumn)
0.0,85.0,25.7,1009.9,6.9,0.0,18,0,0,ERA5 - Mumbai (Post-Monsoon Autumn)
0.0,74.0,27.2,1009.9,1.8,0.0,19,0,0,ERA5 - Mumbai (Post-Monsoon Autumn)
0.0,83.0,25.8,1009.3,3.6,0.0,20,0,0,ERA5 - Mumbai (Post-Monsoon Autumn)
0.0,89.0,24.7,1008.9,5.8,0.0,21,0,0,ERA5 - Mumbai (Post-Monsoon Autumn)
0.0,91.0,24.2,1008.8,5.6,0.0,22,0,0,ERA5 - Mumbai (Post-Monsoon Autumn)
0.0,88.0,23.9,1008.9,4.7,0.0,23,0,0,ERA5 - Mumbai (Post-Monsoon Autumn)
0.0,83.0,24.7,1009.6,5.5,0.0,0,0,0,ERA5 - Mumbai (Post-Monsoon Autumn)
0.0,84.0,25.1,1010.4,4.7,0.0,1,0,0,ERA5 - Mumbai (Post-Monsoon Autumn)
0.0,79.0,26.2,1010.8,5.4,0.0,2,0,0,ERA5 - Mumbai (Post-Monsoon Autumn)
0.0,71.0,29.0,1011.1,5.8,0.0,3,0,0,ERA5 - Mumbai (Post-Monsoon Autumn)
0.0,69.0,30.1,1012.0,9.2,0.0,4,0,0,ERA5 - Mumbai (Post-Monsoon Autumn)
0.0,65.0,31.1,1011.8,1.6,0.0,5,0,0,ERA5 - Mumbai (Post-Monsoon Autumn)
0.0,63.0,32.1,1010.9,3.4,0.0,6,0,0,ERA5 - Mumbai (Post-Monsoon Autumn)
0.0,61.0,32.7,1009.9,7.2,0.0,7,0,0,ERA5 - Mumbai (Post-Monsoon Autumn)
0.0,61.0,33.0,1009.0,7.0,0.0,8,0,0,ERA5 - Mumbai (Post-Monsoon Autumn)
0.0,63.0,32.8,1008.4,9.2,0.0,9,0,0,ERA5 - Mumbai (Post-Monsoon Autumn)
0.0,65.0,31.2,1008.2,15.5,0.0,10,0,0,ERA5 - Mumbai (Post-Monsoon Autumn)
0.0,62.0,31.6,1007.9,10.6,0.0,11,0,0,ERA5 - Mumbai (Post-Monsoon Autumn)
0.0,64.0,31.3,1008.1,11.8,0.0,12,0,0,ERA5 - Mumbai (Post-Monsoon Autumn)
0.0,59.0,30.0,1008.4,12.4,0.0,13,0,0,ERA5 - Mumbai (Post-Monsoon Autumn)
0.0,66.0,29.3,1009.0,11.8,0.0,14,0,0,ERA5 - Mumbai (Post-Monsoon Autumn)
0.0,64.0,28.9,1009.9,10.0,0.0,15,0,0,ERA5 - Mumbai (Post-Monsoon Autumn)
0.0,64.0,28.1,1010.6,8.7,0.0,16,0,0,ERA5 - Mumbai (Post-Monsoon Autumn)
0.0,67.0,27.4,1010.8,6.9,0.0,17,0,0,ERA5 - Mumbai (Post-Monsoon Autumn)
0.0,66.0,27.5,1010.6,8.6,0.0,18,0,0,ERA5 - Mumbai (Post-Monsoon Autumn)
0.0,65.0,27.4,1010.2,8.0,0.0,19,0,0,ERA5 - Mumbai (Post-Monsoon Autumn)
0.0,69.0,26.5,1009.8,6.3,0.0,20,0,0,ERA5 - Mumbai (Post-Monsoon Autumn)
0.0,71.0,25.7,1009.4,5.8,0.0,21,0,0,ERA5 - Mumbai (Post-Monsoon Autumn)
0.0,69.0,25.5,1009.3,7.1,0.0,22,0,0,ERA5 - Mumbai (Post-Monsoon Autumn)
0.0,69.0,25.2,1009.5,7.9,0.0,23,0,0,ERA5 - Mumbai (Post-Monsoon Autumn)
0.0,79.0,25.0,1010.4,6.3,0.0,0,0,0,ERA5 - Mumbai (Post-Monsoon Autumn)
0.0,75.0,25.6,1011.1,7.1,0.0,1,0,0,ERA5 - Mumbai (Post-Monsoon Autumn)
0.0,75.0,26.4,1011.8,7.9,0.0,2,0,0,ERA5 - Mumbai (Post-Monsoon Autumn)
0.0,75.0,27.9,1012.6,9.3,0.0,3,0,0,ERA5 - Mumbai (Post-Monsoon Autumn)
0.0,72.0,29.8,1013.2,5.4,0.0,4,0,0,ERA5 - Mumbai (Post-Monsoon Autumn)
0.0,72.0,30.8,1013.2,6.6,0.0,5,0,0,ERA5 - Mumbai (Post-Monsoon Autumn)
0.0,72.0,31.2,1012.5,9.5,0.0,6,0,0,ERA5 - Mumbai (Post-Monsoon Autumn)
0.0,75.0,31.1,1011.5,6.6,0.0,7,0,0,ERA5 - Mumbai (Post-Monsoon Autumn)
0.0,67.0,32.1,1010.5,3.0,0.0,8,0,0,ERA5 - Mumbai (Post-Monsoon Autumn)
0.0,66.0,32.2,1009.7,5.4,0.0,9,0,0,ERA5 - Mumbai (Post-Monsoon Autumn)
0.0,70.0,31.9,1009.5,6.1,0.0,10,0,0,ERA5 - Mumbai (Post-Monsoon Autumn)
0.8,72.0,30.7,1009.8,4.7,0.0,11,0,0,ERA5 - Mumbai (Post-Monsoon Autumn)
0.2,80.0,30.6,1010.0,7.7,0.0,12,0,0,ERA5 - Mumbai (Post-Monsoon Autumn)
0.0,87.0,28.8,1010.2,7.2,0.0,13,0,0,ERA5 - Mumbai (Post-Monsoon Autumn)
0.0,87.0,28.2,1010.5,8.0,0.0,14,0,0,ERA5 - Mumbai (Post-Monsoon Autumn)
0.0,88.0,27.4,1011.4,5.9,0.0,15,0,0,ERA5 - Mumbai (Post-Monsoon Autumn)
0.0,85.0,27.2,1012.0,7.3,0.0,16,0,0,ERA5 - Mumbai (Post-Monsoon Autumn)
0.0,77.0,26.8,1012.2,6.8,0.0,17,0,0,ERA5 - Mumbai (Post-Monsoon Autumn)
0.0,77.0,26.6,1012.0,8.0,0.0,18,0,0,ERA5 - Mumbai (Post-Monsoon Autumn)
0.0,83.0,25.3,1011.6,5.5,0.0,19,0,0,ERA5 - Mumbai (Post-Monsoon Autumn)
0.0,87.0,24.7,1011.1,6.3,0.0,20,0,0,ERA5 - Mumbai (Post-Monsoon Autumn)
0.0,90.0,24.3,1010.8,6.1,0.0,21,0,0,ERA5 - Mumbai (Post-Monsoon Autumn)
0.0,87.0,24.6,1011.0,4.8,0.0,22,0,0,ERA5 - Mumbai (Post-Monsoon Autumn)
0.0,84.0,24.5,1011.2,5.6,0.0,23,0,0,ERA5 - Mumbai (Post-Monsoon Autumn)
0.0,95.0,24.9,1011.7,6.0,0.0,0,0,0,ERA5 - Mumbai (Post-Monsoon Autumn)
0.0,92.0,25.2,1012.3,7.4,0.0,1,0,0,ERA5 - Mumbai (Post-Monsoon Autumn)
0.0,88.0,26.0,1012.8,6.5,0.0,2,0,0,ERA5 - Mumbai (Post-Monsoon Autumn)
0.0,84.0,28.2,1013.3,5.4,0.0,3,0,0,ERA5 - Mumbai (Post-Monsoon Autumn)
0.0,75.0,30.3,1013.8,5.2,0.0,4,0,0,ERA5 - Mumbai (Post-Monsoon Autumn)
0.0,65.0,31.9,1013.7,3.9,0.0,5,0,0,ERA5 - Mumbai (Post-Monsoon Autumn)
0.0,58.0,32.9,1013.2,2.7,0.0,6,0,0,ERA5 - Mumbai (Post-Monsoon Autumn)
0.0,50.0,33.6,1012.3,2.5,0.0,7,0,0,ERA5 - Mumbai (Post-Monsoon Autumn)
0.0,44.0,33.8,1011.3,3.1,0.0,8,0,0,ERA5 - Mumbai (Post-Monsoon Autumn)
0.0,59.0,32.8,1010.3,9.6,0.0,9,0,0,ERA5 - Mumbai (Post-Monsoon Autumn)
0.0,63.0,32.2,1009.7,14.0,0.0,10,0,0,ERA5 - Mumbai (Post-Monsoon Autumn)
0.0,56.0,31.9,1009.6,13.8,0.0,11,0,0,ERA5 - Mumbai (Post-Monsoon Autumn)
0.0,67.0,30.5,1009.8,18.1,0.0,12,0,0,ERA5 - Mumbai (Post-Monsoon Autumn)
0.0,74.0,29.4,1010.4,15.9,0.0,13,0,0,ERA5 - Mumbai (Post-Monsoon Autumn)
0.0,78.0,29.0,1011.0,17.0,0.0,14,0,0,ERA5 - Mumbai (Post-Monsoon Autumn)
0.0,71.0,28.9,1011.6,14.8,0.0,15,0,0,ERA5 - Mumbai (Post-Monsoon Autumn)
0.0,66.0,28.7,1012.1,14.6,0.0,16,0,0,ERA5 - Mumbai (Post-Monsoon Autumn)
0.0,68.0,28.2,1012.3,15.0,0.0,17,0,0,ERA5 - Mumbai (Post-Monsoon Autumn)
0.0,68.0,27.7,1012.1,13.0,0.0,18,0,0,ERA5 - Mumbai (Post-Monsoon Autumn)
0.0,67.0,27.4,1011.7,11.7,0.0,19,0,0,ERA5 - Mumbai (Post-Monsoon Autumn)
0.0,65.0,27.2,1011.2,9.7,0.0,20,0,0,ERA5 - Mumbai (Post-Monsoon Autumn)
0.0,65.0,27.0,1010.6,5.6,0.0,21,0,0,ERA5 - Mumbai (Post-Monsoon Autumn)
0.0,72.0,25.9,1010.4,6.4,0.0,22,0,0,ERA5 - Mumbai (Post-Monsoon Autumn)
0.0,76.0,25.4,1010.6,7.4,0.0,23,0,0,ERA5 - Mumbai (Post-Monsoon Autumn)
0.0,66.0,25.8,1011.5,8.4,0.0,0,0,0,ERA5 - Mumbai (Post-Monsoon Autumn)
0.0,65.0,25.8,1011.9,7.7,0.0,1,0,0,ERA5 - Mumbai (Post-Monsoon Autumn)
0.0,67.0,26.1,1012.4,7.6,0.0,2,0,0,ERA5 - Mumbai (Post-Monsoon Autumn)
0.0,66.0,27.9,1012.9,6.7,0.0,3,0,0,ERA5 - Mumbai (Post-Monsoon Autumn)
0.0,62.0,30.2,1013.2,6.0,0.0,4,0,0,ERA5 - Mumbai (Post-Monsoon Autumn)
0.0,57.0,32.1,1013.4,5.5,0.0,5,0,0,ERA5 - Mumbai (Post-Monsoon Autumn)
0.0,52.0,33.3,1012.8,4.7,0.0,6,0,0,ERA5 - Mumbai (Post-Monsoon Autumn)
0.0,48.0,33.9,1012.0,5.9,0.0,7,0,0,ERA5 - Mumbai (Post-Monsoon Autumn)
0.0,53.0,33.6,1011.0,10.9,0.0,8,0,0,ERA5 - Mumbai (Post-Monsoon Autumn)
0.0,57.0,33.0,1010.0,14.6,0.0,9,0,0,ERA5 - Mumbai (Post-Monsoon Autumn)
0.0,55.0,32.4,1009.4,16.1,0.0,10,0,0,ERA5 - Mumbai (Post-Monsoon Autumn)
0.0,57.0,31.4,1009.5,13.9,0.0,11,0,0,ERA5 - Mumbai (Post-Monsoon Autumn)
0.0,67.0,30.6,1009.6,14.1,0.0,12,0,0,ERA5 - Mumbai (Post-Monsoon Autumn)
0.0,68.0,29.0,1009.8,11.9,0.0,13,0,0,ERA5 - Mumbai (Post-Monsoon Autumn)
0.0,65.0,28.7,1010.6,13.8,0.0,14,0,0,ERA5 - Mumbai (Post-Monsoon Autumn)
0.0,60.0,28.3,1011.5,11.6,0.0,15,0,0,ERA5 - Mumbai (Post-Monsoon Autumn)
0.0,60.0,27.4,1012.1,9.2,0.0,16,0,0,ERA5 - Mumbai (Post-Monsoon Autumn)
0.0,67.0,25.6,1012.3,6.5,0.0,17,0,0,ERA5 - Mumbai (Post-Monsoon Autumn)
0.0,74.0,24.6,1012.2,8.4,0.0,18,0,0,ERA5 - Mumbai (Post-Monsoon Autumn)
0.0,68.0,25.8,1011.8,6.6,0.0,19,0,0,ERA5 - Mumbai (Post-Monsoon Autumn)
0.0,66.0,25.9,1011.3,6.1,0.0,20,0,0,ERA5 - Mumbai (Post-Monsoon Autumn)
0.0,69.0,24.8,1010.7,7.2,0.0,21,0,0,ERA5 - Mumbai (Post-Monsoon Autumn)
0.0,73.0,23.8,1010.6,9.7,0.0,22,0,0,ERA5 - Mumbai (Post-Monsoon Autumn)
0.0,64.0,24.8,1010.6,6.8,0.0,23,0,0,ERA5 - Mumbai (Post-Monsoon Autumn)
0.0,77.0,25.0,1010.8,10.5,0.0,0,0,0,ERA5 - Mumbai (Post-Monsoon Autumn)
0.0,72.0,24.9,1011.3,7.6,0.0,1,0,0,ERA5 - Mumbai (Post-Monsoon Autumn)
0.0,72.0,25.6,1012.3,7.6,0.0,2,0,0,ERA5 - Mumbai (Post-Monsoon Autumn)
0.0,71.0,27.5,1012.8,9.8,0.0,3,0,0,ERA5 - Mumbai (Post-Monsoon Autumn)
0.0,61.0,30.1,1013.1,10.8,0.0,4,0,0,ERA5 - Mumbai (Post-Monsoon Autumn)
0.0,52.0,32.1,1012.9,9.7,0.0,5,0,0,ERA5 - Mumbai (Post-Monsoon Autumn)
0.0,49.0,33.4,1012.0,6.9,0.0,6,0,0,ERA5 - Mumbai (Post-Monsoon Autumn)
0.0,44.0,34.2,1011.0,4.7,0.0,7,0,0,ERA5 - Mumbai (Post-Monsoon Autumn)
0.0,45.0,34.4,1009.9,4.6,0.0,8,0,0,ERA5 - Mumbai (Post-Monsoon Autumn)
0.0,58.0,33.2,1009.3,8.3,0.0,9,0,0,ERA5 - Mumbai (Post-Monsoon Autumn)
0.0,64.0,32.4,1008.8,7.9,0.0,10,0,0,ERA5 - Mumbai (Post-Monsoon Autumn)
0.0,65.0,31.8,1009.0,7.6,0.0,11,0,0,ERA5 - Mumbai (Post-Monsoon Autumn)
0.0,73.0,30.5,1009.7,8.2,0.0,12,0,0,ERA5 - Mumbai (Post-Monsoon Autumn)
0.0,78.0,28.9,1010.1,7.6,0.0,13,0,0,ERA5 - Mumbai (Post-Monsoon Autumn)
0.0,80.0,28.2,1010.9,8.0,0.0,14,0,0,ERA5 - Mumbai (Post-Monsoon Autumn)
0.0,80.0,28.0,1011.5,9.7,0.0,15,0,0,ERA5 - Mumbai (Post-Monsoon Autumn)
0.0,81.0,27.7,1012.0,9.4,0.0,16,0,0,ERA5 - Mumbai (Post-Monsoon Autumn)
0.0,82.0,26.6,1012.0,7.6,0.0,17,0,0,ERA5 - Mumbai (Post-Monsoon Autumn)
0.0,69.0,28.1,1011.8,5.2,0.0,18,0,0,ERA5 - Mumbai (Post-Monsoon Autumn)
0.0,82.0,25.5,1011.6,6.2,0.0,19,0,0,ERA5 - Mumbai (Post-Monsoon Autumn)
0.0,87.0,24.9,1011.1,7.8,0.0,20,0,0,ERA5 - Mumbai (Post-Monsoon Autumn)
0.0,85.0,24.9,1010.8,6.4,0.0,21,0,0,ERA5 - Mumbai (Post-Monsoon Autumn)
0.0,86.0,24.6,1010.5,7.1,0.0,22,0,0,ERA5 - Mumbai (Post-Monsoon Autumn)
0.0,87.0,24.0,1010.6,8.1,0.0,23,0,0,ERA5 - Mumbai (Post-Monsoon Autumn)
0.0,89.0,23.2,1008.4,6.6,0.0,0,0,0,ERA5 - Mumbai (Mild Summer)
0.0,92.0,23.6,1009.4,6.7,0.0,1,0,0,ERA5 - Mumbai (Mild Summer)
0.0,84.0,25.0,1010.2,8.9,0.0,2,0,0,ERA5 - Mumbai (Mild Summer)
0.0,73.0,27.9,1010.9,9.2,0.0,3,0,0,ERA5 - Mumbai (Mild Summer)
0.0,55.0,31.0,1010.9,12.2,0.0,4,0,0,ERA5 - Mumbai (Mild Summer)
0.0,44.0,33.6,1010.2,11.7,0.0,5,0,0,ERA5 - Mumbai (Mild Summer)
0.0,44.0,34.6,1009.4,14.0,0.0,6,0,0,ERA5 - Mumbai (Mild Summer)
0.0,53.0,34.1,1008.8,18.6,0.0,7,0,0,ERA5 - Mumbai (Mild Summer)
0.0,46.0,34.8,1007.4,23.0,0.0,8,0,0,ERA5 - Mumbai (Mild Summer)
0.0,31.0,35.4,1006.3,26.7,0.0,9,0,0,ERA5 - Mumbai (Mild Summer)
0.0,30.0,35.0,1005.9,26.0,0.0,10,0,0,ERA5 - Mumbai (Mild Summer)
0.0,32.0,34.0,1005.8,26.2,0.0,11,0,0,ERA5 - Mumbai (Mild Summer)
0.0,34.0,33.0,1005.7,23.4,0.0,12,0,0,ERA5 - Mumbai (Mild Summer)
0.0,32.0,32.4,1006.7,21.4,0.0,13,0,0,ERA5 - Mumbai (Mild Summer)
0.0,45.0,30.0,1007.6,21.8,0.0,14,0,0,ERA5 - Mumbai (Mild Summer)
0.0,58.0,28.4,1008.2,21.5,0.0,15,0,0,ERA5 - Mumbai (Mild Summer)
0.0,63.0,27.9,1008.7,20.0,0.0,16,0,0,ERA5 - Mumbai (Mild Summer)
0.0,61.0,27.8,1008.8,18.4,0.0,17,0,0,ERA5 - Mumbai (Mild Summer)
0.0,67.0,27.3,1008.7,16.1,0.0,18,0,0,ERA5 - Mumbai (Mild Summer)
0.0,68.0,27.1,1007.9,16.5,0.0,19,0,0,ERA5 - Mumbai (Mild Summer)
0.0,68.0,26.9,1007.4,15.1,0.0,20,0,0,ERA5 - Mumbai (Mild Summer)
0.0,68.0,26.4,1007.2,10.9,0.0,21,0,0,ERA5 - Mumbai (Mild Summer)
0.0,61.0,25.8,1006.9,8.2,0.0,22,0,0,ERA5 - Mumbai (Mild Summer)
0.0,54.0,25.9,1006.8,10.1,0.0,23,0,0,ERA5 - Mumbai (Mild Summer)
0.0,50.0,26.6,1006.9,15.5,0.0,0,0,0,ERA5 - Mumbai (Mild Summer)
0.0,57.0,26.6,1008.0,15.5,0.0,1,0,0,ERA5 - Mumbai (Mild Summer)
0.0,53.0,27.8,1008.7,12.1,0.0,2,0,0,ERA5 - Mumbai (Mild Summer)
0.0,44.0,30.8,1009.6,10.3,0.0,3,0,0,ERA5 - Mumbai (Mild Summer)
0.0,33.0,33.8,1010.1,13.7,0.0,4,0,0,ERA5 - Mumbai (Mild Summer)
0.0,26.0,35.8,1009.6,15.6,0.0,5,0,0,ERA5 - Mumbai (Mild Summer)
0.0,25.0,36.8,1009.0,16.1,0.0,6,0,0,ERA5 - Mumbai (Mild Summer)
0.0,33.0,36.2,1008.1,21.3,0.0,7,0,0,ERA5 - Mumbai (Mild Summer)
0.0,33.0,35.9,1007.0,24.6,0.0,8,0,0,ERA5 - Mumbai (Mild Summer)
0.0,30.0,35.6,1006.0,27.0,0.0,9,0,0,ERA5 - Mumbai (Mild Summer)
0.0,30.0,34.6,1005.4,28.4,0.0,10,0,0,ERA5 - Mumbai (Mild Summer)
0.0,33.0,34.2,1004.9,25.5,0.0,11,0,0,ERA5 - Mumbai (Mild Summer)
0.0,34.0,33.7,1004.9,24.8,0.0,12,0,0,ERA5 - Mumbai (Mild Summer)
0.0,30.0,32.9,1005.8,25.9,0.0,13,0,0,ERA5 - Mumbai (Mild Summer)
0.0,28.0,32.3,1006.4,22.6,0.0,14,0,0,ERA5 - Mumbai (Mild Summer)
0.0,28.0,31.9,1006.7,19.6,0.0,15,0,0,ERA5 - Mumbai (Mild Summer)
0.0,49.0,29.5,1007.3,21.3,0.0,16,0,0,ERA5 - Mumbai (Mild Summer)
0.0,57.0,28.6,1007.7,22.9,0.0,17,0,0,ERA5 - Mumbai (Mild Summer)
0.0,56.0,28.4,1007.6,21.8,0.0,18,0,0,ERA5 - Mumbai (Mild Summer)
0.0,62.0,28.0,1007.2,21.0,0.0,19,0,0,ERA5 - Mumbai (Mild Summer)
0.0,62.0,27.7,1006.8,18.8,0.0,20,0,0,ERA5 - Mumbai (Mild Summer)
0.0,63.0,27.2,1006.4,15.8,0.0,21,0,0,ERA5 - Mumbai (Mild Summer)
0.0,64.0,26.9,1006.0,16.0,0.0,22,0,0,ERA5 - Mumbai (Mild Summer)
0.0,64.0,26.6,1006.1,15.5,0.0,23,0,0,ERA5 - Mumbai (Mild Summer)
0.0,65.0,26.6,1006.5,15.9,0.0,0,0,0,ERA5 - Mumbai (Mild Summer)
0.0,69.0,26.2,1007.3,9.9,0.0,1,0,0,ERA5 - Mumbai (Mild Summer)
0.0,63.0,27.3,1008.2,9.7,0.0,2,0,0,ERA5 - Mumbai (Mild Summer)
0.0,52.0,30.0,1009.2,11.2,0.0,3,0,0,ERA5 - Mumbai (Mild Summer)
0.0,39.0,32.9,1009.5,14.2,0.0,4,0,0,ERA5 - Mumbai (Mild Summer)
0.0,25.0,35.6,1009.2,15.3,0.0,5,0,0,ERA5 - Mumbai (Mild Summer)
0.0,18.0,36.5,1008.7,18.9,0.0,6,0,0,ERA5 - Mumbai (Mild Summer)
0.0,20.0,36.2,1008.1,22.5,0.0,7,0,0,ERA5 - Mumbai (Mild Summer)
0.0,16.0,36.0,1007.0,25.5,0.0,8,0,0,ERA5 - Mumbai (Mild Summer)
0.0,14.0,35.7,1006.2,26.0,0.0,9,0,0,ERA5 - Mumbai (Mild Summer)
0.0,14.0,35.0,1005.6,24.2,0.0,10,0,0,ERA5 - Mumbai (Mild Summer)
0.0,19.0,33.7,1005.6,20.9,0.0,11,0,0,ERA5 - Mumbai (Mild Summer)
0.0,29.0,31.8,1005.8,16.8,0.0,12,0,0,ERA5 - Mumbai (Mild Summer)
0.0,49.0,28.7,1006.9,17.6,0.0,13,0,0,ERA5 - Mumbai (Mild Summer)
0.0,56.0,27.5,1007.4,14.5,0.0,14,0,0,ERA5 - Mumbai (Mild Summer)
0.0,61.0,26.9,1007.9,11.5,0.0,15,0,0,ERA5 - Mumbai (Mild Summer)
0.0,64.0,26.4,1008.4,11.0,0.0,16,0,0,ERA5 - Mumbai (Mild Summer)
0.0,65.0,26.1,1008.9,10.8,0.0,17,0,0,ERA5 - Mumbai (Mild Summer)
0.0,62.0,25.8,1008.8,10.7,0.0,18,0,0,ERA5 - Mumbai (Mild Summer)
0.0,63.0,25.6,1008.3,11.2,0.0,19,0,0,ERA5 - Mumbai (Mild Summer)
0.0,70.0,25.1,1007.9,10.2,0.0,20,0,0,ERA5 - Mumbai (Mild Summer)
0.0,79.0,23.9,1007.4,6.0,0.0,21,0,0,ERA5 - Mumbai (Mild Summer)
0.0,89.0,22.3,1007.1,5.9,0.0,22,0,0,ERA5 - Mumbai (Mild Summer)
0.0,82.0,22.2,1007.1,4.1,0.0,23,0,0,ERA5 - Mumbai (Mild Summer)
0.0,76.0,21.9,1007.5,4.8,0.0,0,0,0,ERA5 - Mumbai (Mild Summer)
0.0,73.0,22.9,1008.5,4.5,0.0,1,0,0,ERA5 - Mumbai (Mild Summer)
0.0,66.0,24.9,1009.2,7.4,0.0,2,0,0,ERA5 - Mumbai (Mild Summer)
0.0,63.0,27.8,1009.7,6.1,0.0,3,0,0,ERA5 - Mumbai (Mild Summer)
0.0,56.0,29.9,1010.0,5.4,0.0,4,0,0,ERA5 - Mumbai (Mild Summer)
0.0,49.0,32.0,1010.0,6.7,0.0,5,0,0,ERA5 - Mumbai (Mild Summer)
0.0,46.0,33.4,1009.3,9.0,0.0,6,0,0,ERA5 - Mumbai (Mild Summer)
0.0,54.0,33.0,1008.7,14.9,0.0,7,0,0,ERA5 - Mumbai (Mild Summer)
0.0,54.0,32.7,1007.7,18.7,0.0,8,0,0,ERA5 - Mumbai (Mild Summer)
0.0,51.0,32.6,1006.9,19.8,0.0,9,0,0,ERA5 - Mumbai (Mild Summer)
0.0,53.0,32.1,1006.2,19.2,0.0,10,0,0,ERA5 - Mumbai (Mild Summer)
0.0,56.0,31.5,1005.8,17.6,0.0,11,0,0,ERA5 - Mumbai (Mild Summer)
0.0,60.0,30.3,1005.6,15.9,0.0,12,0,0,ERA5 - Mumbai (Mild Summer)
0.0,62.0,29.0,1006.6,15.3,0.0,13,0,0,ERA5 - Mumbai (Mild Summer)
0.0,68.0,27.7,1007.1,12.8,0.0,14,0,0,ERA5 - Mumbai (Mild Summer)
0.0,73.0,27.0,1007.7,9.9,0.0,15,0,0,ERA5 - Mumbai (Mild Summer)
0.0,80.0,26.2,1008.3,8.2,0.0,16,0,0,ERA5 - Mumbai (Mild Summer)
0.0,84.0,25.8,1008.9,10.9,0.0,17,0,0,ERA5 - Mumbai (Mild Summer)
0.0,90.0,25.3,1008.9,9.0,0.0,18,0,0,ERA5 - Mumbai (Mild Summer)
0.0,93.0,24.7,1008.4,6.2,0.0,19,0,0,ERA5 - Mumbai (Mild Summer)
0.0,94.0,24.4,1008.0,6.2,0.0,20,0,0,ERA5 - Mumbai (Mild Summer)
0.0,93.0,24.2,1007.7,7.6,0.0,21,0,0,ERA5 - Mumbai (Mild Summer)
0.0,93.0,23.4,1007.3,5.6,0.0,22,0,0,ERA5 - Mumbai (Mild Summer)
0.0,94.0,22.6,1007.4,4.7,0.0,23,0,0,ERA5 - Mumbai (Mild Summer)
0.0,95.0,21.7,1007.6,5.8,0.0,0,0,0,ERA5 - Mumbai (Mild Summer)
0.0,95.0,23.1,1008.2,4.1,0.0,1,0,0,ERA5 - Mumbai (Mild Summer)
0.0,89.0,24.7,1008.9,5.5,0.0,2,0,0,ERA5 - Mumbai (Mild Summer)
0.0,71.0,27.7,1009.4,2.9,0.0,3,0,0,ERA5 - Mumbai (Mild Summer)
0.0,53.0,30.8,1009.9,5.6,0.0,4,0,0,ERA5 - Mumbai (Mild Summer)
0.0,48.0,32.5,1010.0,10.9,0.0,5,0,0,ERA5 - Mumbai (Mild Summer)
0.0,44.0,33.5,1009.7,14.3,0.0,6,0,0,ERA5 - Mumbai (Mild Summer)
0.0,38.0,34.2,1009.1,17.2,0.0,7,0,0,ERA5 - Mumbai (Mild Summer)
0.0,36.0,34.2,1008.3,19.0,0.0,8,0,0,ERA5 - Mumbai (Mild Summer)
0.0,43.0,33.3,1007.4,18.7,0.0,9,0,0,ERA5 - Mumbai (Mild Summer)
0.0,50.0,32.3,1006.6,17.4,0.0,10,0,0,ERA5 - Mumbai (Mild Summer)
0.0,56.0,31.2,1006.1,16.1,0.0,11,0,0,ERA5 - Mumbai (Mild Summer)
0.0,63.0,30.0,1006.1,15.1,0.0,12,0,0,ERA5 - Mumbai (Mild Summer)
0.0,81.0,27.7,1006.9,15.4,0.0,13,0,0,ERA5 - Mumbai (Mild Summer)
0.0,84.0,26.8,1007.6,12.0,0.0,14,0,0,ERA5 - Mumbai (Mild Summer)
0.0,89.0,26.4,1008.5,8.9,0.0,15,0,0,ERA5 - Mumbai (Mild Summer)
0.0,93.0,25.8,1009.4,6.2,0.0,16,0,0,ERA5 - Mumbai (Mild Summer)
0.0,95.0,25.6,1010.2,8.6,0.0,17,0,0,ERA5 - Mumbai (Mild Summer)
0.0,95.0,25.5,1010.3,8.4,0.0,18,0,0,ERA5 - Mumbai (Mild Summer)
0.0,96.0,25.2,1009.7,10.2,0.0,19,0,0,ERA5 - Mumbai (Mild Summer)
0.0,96.0,25.0,1008.9,9.9,0.0,20,0,0,ERA5 - Mumbai (Mild Summer)
0.0,98.0,23.3,1008.3,5.0,0.0,21,0,0,ERA5 - Mumbai (Mild Summer)
0.0,98.0,23.8,1007.6,5.1,0.0,22,0,0,ERA5 - Mumbai (Mild Summer)
0.0,99.0,23.4,1007.5,4.3,0.0,23,0,0,ERA5 - Mumbai (Mild Summer)
0.0,98.0,23.3,1007.9,7.3,0.0,0,0,0,ERA5 - Mumbai (Mild Summer)
0.0,96.0,24.1,1009.0,4.2,0.0,1,0,0,ERA5 - Mumbai (Mild Summer)
0.0,93.0,24.7,1009.5,2.6,0.0,2,0,0,ERA5 - Mumbai (Mild Summer)
0.0,70.0,28.0,1010.0,3.4,0.0,3,0,0,ERA5 - Mumbai (Mild Summer)
0.0,51.0,30.9,1010.3,5.4,0.0,4,0,0,ERA5 - Mumbai (Mild Summer)
0.0,49.0,32.3,1010.1,9.1,0.0,5,0,0,ERA5 - Mumbai (Mild Summer)
0.0,50.0,33.0,1009.6,12.4,0.0,6,0,0,ERA5 - Mumbai (Mild Summer)
0.0,47.0,33.4,1009.0,15.6,0.0,7,0,0,ERA5 - Mumbai (Mild Summer)
0.0,44.0,33.1,1008.0,18.6,0.0,8,0,0,ERA5 - Mumbai (Mild Summer)
0.0,47.0,32.4,1007.0,20.2,0.0,9,0,0,ERA5 - Mumbai (Mild Summer)
0.0,55.0,31.3,1006.4,19.8,0.0,10,0,0,ERA5 - Mumbai (Mild Summer)
0.0,63.0,30.3,1005.9,18.9,0.0,11,0,0,ERA5 - Mumbai (Mild Summer)
0.0,69.0,29.3,1006.0,17.9,0.0,12,0,0,ERA5 - Mumbai (Mild Summer)
0.0,78.0,27.4,1007.1,18.8,0.0,13,0,0,ERA5 - Mumbai (Mild Summer)
0.0,84.0,26.8,1007.7,16.5,0.0,14,0,0,ERA5 - Mumbai (Mild Summer)
0.0,88.0,26.5,1008.1,13.3,0.0,15,0,0,ERA5 - Mumbai (Mild Summer)
0.0,90.0,26.1,1009.0,7.4,0.0,16,0,0,ERA5 - Mumbai (Mild Summer)
0.0,95.0,25.2,1009.7,4.3,0.0,17,0,0,ERA5 - Mumbai (Mild Summer)
0.0,95.0,25.2,1009.3,7.9,0.0,18,0,0,ERA5 - Mumbai (Mild Summer)
0.0,96.0,24.7,1008.6,4.2,0.0,19,0,0,ERA5 - Mumbai (Mild Summer)
0.0,96.0,24.2,1008.3,5.1,0.0,20,0,0,ERA5 - Mumbai (Mild Summer)
0.0,96.0,23.8,1007.9,5.8,0.0,21,0,0,ERA5 - Mumbai (Mild Summer)
0.0,97.0,23.0,1007.8,5.9,0.0,22,0,0,ERA5 - Mumbai (Mild Summer)
0.0,95.0,23.0,1008.1,6.4,0.0,23,0,0,ERA5 - Mumbai (Mild Summer)
0.0,90.0,12.3,909.9,9.4,0.0,0,0,0,ERA5 - Bangalore (Winter)
0.0,92.0,12.0,910.4,8.0,0.0,1,0,0,ERA5 - Bangalore (Winter)
0.0,88.0,13.2,911.5,10.5,0.0,2,0,0,ERA5 - Bangalore (Winter)
0.0,71.0,17.2,913.5,7.9,0.0,3,0,0,ERA5 - Bangalore (Winter)
0.0,47.0,21.2,915.2,8.0,0.0,4,0,0,ERA5 - Bangalore (Winter)
0.0,32.0,23.9,915.2,9.2,0.0,5,0,0,ERA5 - Bangalore (Winter)
0.0,24.0,25.8,914.8,9.7,0.0,6,0,0,ERA5 - Bangalore (Winter)
0.0,21.0,27.2,914.0,9.1,0.0,7,0,0,ERA5 - Bangalore (Winter)
0.0,18.0,28.1,913.3,8.3,0.0,8,0,0,ERA5 - Bangalore (Winter)
0.0,17.0,28.4,912.5,8.8,0.0,9,0,0,ERA5 - Bangalore (Winter)
0.0,18.0,28.3,912.0,8.9,0.0,10,0,0,ERA5 - Bangalore (Winter)
0.0,20.0,27.5,911.7,9.7,0.0,11,0,0,ERA5 - Bangalore (Winter)
0.0,28.0,25.4,911.7,8.9,0.0,12,0,0,ERA5 - Bangalore (Winter)
0.0,40.0,21.8,911.4,11.2,0.0,13,0,0,ERA5 - Bangalore (Winter)
0.0,46.0,20.5,912.1,12.5,0.0,14,0,0,ERA5 - Bangalore (Winter)
0.0,44.0,19.3,912.6,12.3,0.0,15,0,0,ERA5 - Bangalore (Winter)
0.0,58.0,18.1,912.5,13.0,0.0,16,0,0,ERA5 - Bangalore (Winter)
0.0,74.0,17.2,912.3,14.2,0.0,17,0,0,ERA5 - Bangalore (Winter)
0.0,80.0,16.3,912.2,14.0,0.0,18,0,0,ERA5 - Bangalore (Winter)
0.0,83.0,15.4,911.8,11.6,0.0,19,0,0,ERA5 - Bangalore (Winter)
0.0,90.0,14.5,911.2,9.2,0.0,20,0,0,ERA5 - Bangalore (Winter)
0.0,93.0,14.0,910.3,7.6,0.0,21,0,0,ERA5 - Bangalore (Winter)
0.0,96.0,13.1,909.7,7.1,0.0,22,0,0,ERA5 - Bangalore (Winter)
0.0,97.0,12.5,909.7,7.5,0.0,23,0,0,ERA5 - Bangalore (Winter)
0.0,98.0,12.8,910.5,5.9,0.0,0,0,0,ERA5 - Bangalore (Winter)
0.0,99.0,12.5,911.1,6.2,0.0,1,0,0,ERA5 - Bangalore (Winter)
0.0,98.0,13.9,912.3,5.8,0.0,2,0,0,ERA5 - Bangalore (Winter)
0.0,88.0,16.4,913.8,3.1,0.0,3,0,0,ERA5 - Bangalore (Winter)
0.0,60.0,21.1,915.6,1.9,0.0,4,0,0,ERA5 - Bangalore (Winter)
0.0,39.0,24.4,915.9,5.2,0.0,5,0,0,ERA5 - Bangalore (Winter)
0.0,28.0,26.5,915.5,7.6,0.0,6,0,0,ERA5 - Bangalore (Winter)
0.0,24.0,27.7,914.8,7.1,0.0,7,0,0,ERA5 - Bangalore (Winter)
0.0,22.0,28.5,914.0,7.1,0.0,8,0,0,ERA5 - Bangalore (Winter)
0.0,20.0,29.0,913.0,7.9,0.0,9,0,0,ERA5 - Bangalore (Winter)
0.0,19.0,28.9,912.6,9.5,0.0,10,0,0,ERA5 - Bangalore (Winter)
0.0,20.0,28.2,912.4,11.3,0.0,11,0,0,ERA5 - Bangalore (Winter)
0.0,27.0,26.2,912.6,9.7,0.0,12,0,0,ERA5 - Bangalore (Winter)
0.0,32.0,22.8,912.2,9.8,0.0,13,0,0,ERA5 - Bangalore (Winter)
0.0,39.0,20.9,912.8,10.4,0.0,14,0,0,ERA5 - Bangalore (Winter)
0.0,50.0,20.1,913.7,13.2,0.0,15,0,0,ERA5 - Bangalore (Winter)
0.0,60.0,18.7,914.0,13.4,0.0,16,0,0,ERA5 - Bangalore (Winter)
0.0,67.0,17.8,914.0,15.6,0.0,17,0,0,ERA5 - Bangalore (Winter)
0.0,73.0,17.3,913.7,17.0,0.0,18,0,0,ERA5 - Bangalore (Winter)
0.0,80.0,16.6,913.1,16.0,0.0,19,0,0,ERA5 - Bangalore (Winter)
0.0,90.0,15.6,912.1,13.6,0.0,20,0,0,ERA5 - Bangalore (Winter)
0.0,95.0,14.8,911.2,10.5,0.0,21,0,0,ERA5 - Bangalore (Winter)
0.0,97.0,14.4,910.6,8.3,0.0,22,0,0,ERA5 - Bangalore (Winter)
0.0,99.0,14.1,910.6,6.8,0.0,23,0,0,ERA5 - Bangalore (Winter)
0.0,99.0,14.8,911.4,10.7,0.0,0,0,0,ERA5 - Bangalore (Winter)
0.0,98.0,14.5,911.9,9.7,0.0,1,0,0,ERA5 - Bangalore (Winter)
0.0,96.0,14.3,912.9,9.5,0.0,2,0,0,ERA5 - Bangalore (Winter)
0.0,80.0,16.6,914.8,7.7,0.0,3,0,0,ERA5 - Bangalore (Winter)
0.0,60.0,20.0,916.2,6.7,0.0,4,0,0,ERA5 - Bangalore (Winter)
0.0,37.0,23.6,916.7,7.6,0.0,5,0,0,ERA5 - Bangalore (Winter)
0.0,24.0,26.1,916.7,9.7,0.0,6,0,0,ERA5 - Bangalore (Winter)
0.0,21.0,27.4,915.8,9.4,0.0,7,0,0,ERA5 - Bangalore (Winter)
0.0,20.0,28.2,914.9,9.8,0.0,8,0,0,ERA5 - Bangalore (Winter)
0.0,19.0,28.6,913.8,10.7,0.0,9,0,0,ERA5 - Bangalore (Winter)
0.0,21.0,28.3,913.4,12.2,0.0,10,0,0,ERA5 - Bangalore (Winter)
0.0,26.0,27.2,913.1,13.7,0.0,11,0,0,ERA5 - Bangalore (Winter)
0.0,33.0,24.4,913.3,12.9,0.0,12,0,0,ERA5 - Bangalore (Winter)
0.0,41.0,21.4,913.4,11.2,0.0,13,0,0,ERA5 - Bangalore (Winter)
0.0,49.0,20.0,914.0,13.0,0.0,14,0,0,ERA5 - Bangalore (Winter)
0.0,62.0,19.0,914.8,13.5,0.0,15,0,0,ERA5 - Bangalore (Winter)
0.0,69.0,17.9,915.0,13.9,0.0,16,0,0,ERA5 - Bangalore (Winter)
0.0,76.0,16.9,914.6,13.2,0.0,17,0,0,ERA5 - Bangalore (Winter)
0.0,83.0,16.1,914.2,11.3,0.0,18,0,0,ERA5 - Bangalore (Winter)
0.0,90.0,15.3,913.5,9.6,0.0,19,0,0,ERA5 - Bangalore (Winter)
0.0,93.0,14.9,913.0,9.7,0.0,20,0,0,ERA5 - Bangalore (Winter)
0.0,95.0,14.5,912.5,9.3,0.0,21,0,0,ERA5 - Bangalore (Winter)
0.0,96.0,14.0,912.0,9.4,0.0,22,0,0,ERA5 - Bangalore (Winter)
0.0,97.0,13.6,912.0,10.1,0.0,23,0,0,ERA5 - Bangalore (Winter)
0.0,99.0,13.5,912.7,11.6,0.0,0,0,0,ERA5 - Bangalore (Winter)
0.0,99.0,13.7,913.5,11.9,0.0,1,0,0,ERA5 - Bangalore (Winter)
0.0,98.0,14.1,914.9,12.6,0.0,2,0,0,ERA5 - Bangalore (Winter)
0.0,96.0,14.7,916.2,14.8,0.0,3,0,0,ERA5 - Bangalore (Winter)
0.0,75.0,18.1,917.6,11.9,0.0,4,0,0,ERA5 - Bangalore (Winter)
0.0,57.0,21.1,917.8,9.8,0.0,5,0,0,ERA5 - Bangalore (Winter)
0.0,42.0,24.0,917.7,9.8,0.0,6,0,0,ERA5 - Bangalore (Winter)
0.0,34.0,25.8,916.9,11.2,0.0,7,0,0,ERA5 - Bangalore (Winter)
0.0,28.0,27.0,915.9,11.6,0.0,8,0,0,ERA5 - Bangalore (Winter)
0.0,25.0,27.5,915.0,11.6,0.0,9,0,0,ERA5 - Bangalore (Winter)
0.0,26.0,27.4,914.4,11.2,0.0,10,0,0,ERA5 - Bangalore (Winter)
0.0,29.0,26.7,914.0,11.5,0.0,11,0,0,ERA5 - Bangalore (Winter)
0.0,35.0,24.8,914.1,10.8,0.0,12,0,0,ERA5 - Bangalore (Winter)
0.0,47.0,21.4,914.1,8.7,0.0,13,0,0,ERA5 - Bangalore (Winter)
0.0,52.0,20.0,914.8,11.8,0.0,14,0,0,ERA5 - Bangalore (Winter)
0.0,60.0,19.0,915.6,14.3,0.0,15,0,0,ERA5 - Bangalore (Winter)
0.0,67.0,18.1,915.9,14.1,0.0,16,0,0,ERA5 - Bangalore (Winter)
0.0,71.0,17.2,915.8,13.7,0.0,17,0,0,ERA5 - Bangalore (Winter)
0.0,76.0,16.3,915.4,13.9,0.0,18,0,0,ERA5 - Bangalore (Winter)
0.0,77.0,15.7,914.9,12.8,0.0,19,0,0,ERA5 - Bangalore (Winter)
0.0,81.0,15.2,914.2,14.2,0.0,20,0,0,ERA5 - Bangalore (Winter)
0.0,90.0,14.4,913.4,13.4,0.0,21,0,0,ERA5 - Bangalore (Winter)
0.0,95.0,14.0,912.8,12.6,0.0,22,0,0,ERA5 - Bangalore (Winter)
0.0,97.0,13.7,912.7,11.5,0.0,23,0,0,ERA5 - Bangalore (Winter)
0.0,99.0,13.9,913.7,11.4,0.0,0,0,0,ERA5 - Bangalore (Winter)
0.0,99.0,14.2,914.5,13.0,0.0,1,0,0,ERA5 - Bangalore (Winter)
0.0,97.0,14.5,915.4,13.0,0.0,2,0,0,ERA5 - Bangalore (Winter)
0.0,83.0,16.2,916.7,11.2,0.0,3,0,0,ERA5 - Bangalore (Winter)
0.0,64.0,19.1,917.8,9.7,0.0,4,0,0,ERA5 - Bangalore (Winter)
0.0,45.0,21.9,918.0,10.6,0.0,5,0,0,ERA5 - Bangalore (Winter)
0.0,32.0,24.1,917.7,12.2,0.0,6,0,0,ERA5 - Bangalore (Winter)
0.0,24.0,25.8,916.7,12.6,0.0,7,0,0,ERA5 - Bangalore (Winter)
0.0,21.0,26.7,915.6,12.7,0.0,8,0,0,ERA5 - Bangalore (Winter)
0.0,21.0,27.1,914.7,12.7,0.0,9,0,0,ERA5 - Bangalore (Winter)
0.0,23.0,27.0,914.1,12.4,0.0,10,0,0,ERA5 - Bangalore (Winter)
0.0,26.0,26.4,913.8,12.2,0.0,11,0,0,ERA5 - Bangalore (Winter)
0.0,32.0,24.4,914.0,10.1,0.0,12,0,0,ERA5 - Bangalore (Winter)
0.0,43.0,21.2,913.7,8.0,0.0,13,0,0,ERA5 - Bangalore (Winter)
0.0,53.0,19.8,914.2,11.4,0.0,14,0,0,ERA5 - Bangalore (Winter)
0.0,62.0,18.9,914.9,14.1,0.0,15,0,0,ERA5 - Bangalore (Winter)
0.0,71.0,17.8,915.1,13.8,0.0,16,0,0,ERA5 - Bangalore (Winter)
0.0,75.0,17.1,914.7,12.3,0.0,17,0,0,ERA5 - Bangalore (Winter)
0.0,77.0,16.6,914.5,14.2,0.0,18,0,0,ERA5 - Bangalore (Winter)
0.0,86.0,15.8,914.4,16.7,0.0,19,0,0,ERA5 - Bangalore (Winter)
0.0,92.0,15.0,913.5,14.8,0.0,20,0,0,ERA5 - Bangalore (Winter)
0.0,94.0,14.4,912.8,13.7,0.0,21,0,0,ERA5 - Bangalore (Winter)
0.0,94.0,14.0,912.6,11.9,0.0,22,0,0,ERA5 - Bangalore (Winter)
0.0,95.0,13.8,912.5,10.8,0.0,23,0,0,ERA5 - Bangalore (Winter)
0.0,95.0,13.8,913.2,9.7,0.0,0,0,0,ERA5 - Bangalore (Winter)
0.0,96.0,13.5,913.6,7.3,0.0,1,0,0,ERA5 - Bangalore (Winter)
0.0,93.0,14.3,914.8,9.6,0.0,2,0,0,ERA5 - Bangalore (Winter)
0.0,80.0,17.1,916.6,8.4,0.0,3,0,0,ERA5 - Bangalore (Winter)
0.0,63.0,19.7,917.6,12.6,0.0,4,0,0,ERA5 - Bangalore (Winter)
0.0,55.0,21.8,917.6,12.2,0.0,5,0,0,ERA5 - Bangalore (Winter)
0.0,51.0,23.4,917.1,13.6,0.0,6,0,0,ERA5 - Bangalore (Winter)
0.0,46.0,24.9,916.2,13.2,0.0,7,0,0,ERA5 - Bangalore (Winter)
0.0,43.0,26.0,915.3,13.1,0.0,8,0,0,ERA5 - Bangalore (Winter)
0.0,41.0,26.5,914.3,13.6,0.0,9,0,0,ERA5 - Bangalore (Winter)
0.0,42.0,26.3,913.7,15.2,0.0,10,0,0,ERA5 - Bangalore (Winter)
0.0,44.0,25.4,913.7,15.3,0.0,11,0,0,ERA5 - Bangalore (Winter)
0.0,50.0,23.8,913.9,15.9,0.0,12,0,0,ERA5 - Bangalore (Winter)
0.0,55.0,22.8,914.3,13.1,0.0,13,0,0,ERA5 - Bangalore (Winter)
0.0,64.0,20.9,914.7,8.3,0.0,14,0,0,ERA5 - Bangalore (Winter)
0.0,71.0,19.8,915.3,8.7,0.0,15,0,0,ERA5 - Bangalore (Winter)
0.0,78.0,19.0,915.6,11.4,0.0,16,0,0,ERA5 - Bangalore (Winter)
0.0,88.0,17.9,915.4,12.8,0.0,17,0,0,ERA5 - Bangalore (Winter)
0.0,97.0,17.2,915.1,13.8,0.0,18,0,0,ERA5 - Bangalore (Winter)
0.0,99.0,16.9,914.6,14.4,0.0,19,0,0,ERA5 - Bangalore (Winter)
0.0,98.0,17.2,914.3,16.6,0.0,20,0,0,ERA5 - Bangalore (Winter)
0.0,95.0,17.3,913.6,15.5,0.0,21,0,0,ERA5 - Bangalore (Winter)
0.0,93.0,17.3,913.1,13.4,0.0,22,0,0,ERA5 - Bangalore (Winter)
0.0,96.0,16.8,913.0,12.7,0.0,23,0,0,ERA5 - Bangalore (Winter)
0.0,70.0,17.0,912.9,8.4,0.0,0,0,0,ERA5 - Bangalore (Pre-Monsoon Spring)
0.0,74.0,16.5,912.9,8.4,0.0,1,0,0,ERA5 - Bangalore (Pre-Monsoon Spring)
0.0,68.0,18.3,914.3,10.9,0.0,2,0,0,ERA5 - Bangalore (Pre-Monsoon Spring)
0.0,51.0,21.6,916.0,10.8,0.0,3,0,0,ERA5 - Bangalore (Pre-Monsoon Spring)
0.0,34.0,24.6,916.7,15.5,0.0,4,0,0,ERA5 - Bangalore (Pre-Monsoon Spring)
0.0,24.0,26.7,916.8,17.7,0.0,5,0,0,ERA5 - Bangalore (Pre-Monsoon Spring)
0.0,21.0,28.3,916.4,19.1,0.0,6,0,0,ERA5 - Bangalore (Pre-Monsoon Spring)
0.0,21.0,29.4,915.5,19.1,0.0,7,0,0,ERA5 - Bangalore (Pre-Monsoon Spring)
0.0,19.0,30.2,914.7,19.8,0.0,8,0,0,ERA5 - Bangalore (Pre-Monsoon Spring)
0.0,19.0,30.4,913.8,19.5,0.0,9,0,0,ERA5 - Bangalore (Pre-Monsoon Spring)
0.0,22.0,30.3,912.8,17.7,0.0,10,0,0,ERA5 - Bangalore (Pre-Monsoon Spring)
0.0,24.0,29.6,912.6,16.6,0.0,11,0,0,ERA5 - Bangalore (Pre-Monsoon Spring)
0.0,32.0,27.1,913.4,17.5,0.0,12,0,0,ERA5 - Bangalore (Pre-Monsoon Spring)
0.0,38.0,25.1,913.4,12.3,0.0,13,0,0,ERA5 - Bangalore (Pre-Monsoon Spring)
0.0,43.0,23.5,913.9,11.9,0.0,14,0,0,ERA5 - Bangalore (Pre-Monsoon Spring)
0.0,48.0,22.5,914.4,10.6,0.0,15,0,0,ERA5 - Bangalore (Pre-Monsoon Spring)
0.0,51.0,21.9,914.7,11.8,0.0,16,0,0,ERA5 - Bangalore (Pre-Monsoon Spring)
0.0,54.0,21.3,914.8,11.2,0.0,17,0,0,ERA5 - Bangalore (Pre-Monsoon Spring)
0.0,58.0,20.4,914.7,10.6,0.0,18,0,0,ERA5 - Bangalore (Pre-Monsoon Spring)
0.0,60.0,19.4,914.1,9.7,0.0,19,0,0,ERA5 - Bangalore (Pre-Monsoon Spring)
0.0,61.0,18.5,913.1,9.8,0.0,20,0,0,ERA5 - Bangalore (Pre-Monsoon Spring)
0.0,62.0,17.7,912.2,9.8,0.0,21,0,0,ERA5 - Bangalore (Pre-Monsoon Spring)
0.0,64.0,17.0,911.8,9.4,0.0,22,0,0,ERA5 - Bangalore (Pre-Monsoon Spring)
0.0,68.0,16.2,911.6,8.6,0.0,23,0,0,ERA5 - Bangalore (Pre-Monsoon Spring)
0.0,72.0,15.7,911.9,8.6,0.0,0,0,0,ERA5 - Bangalore (Pre-Monsoon Spring)
0.0,74.0,15.7,912.6,8.3,0.0,1,0,0,ERA5 - Bangalore (Pre-Monsoon Spring)
0.0,65.0,17.9,914.1,10.8,0.0,2,0,0,ERA5 - Bangalore (Pre-Monsoon Spring)
0.0,49.0,21.8,915.9,10.3,0.0,3,0,0,ERA5 - Bangalore (Pre-Monsoon Spring)
0.0,30.0,25.1,916.9,15.5,0.0,4,0,0,ERA5 - Bangalore (Pre-Monsoon Spring)
0.0,21.0,27.5,917.2,20.3,0.0,5,0,0,ERA5 - Bangalore (Pre-Monsoon Spring)
0.0,17.0,29.1,916.8,22.1,0.0,6,0,0,ERA5 - Bangalore (Pre-Monsoon Spring)
0.0,16.0,30.3,915.9,21.4,0.0,7,0,0,ERA5 - Bangalore (Pre-Monsoon Spring)
0.0,16.0,31.0,915.0,21.1,0.0,8,0,0,ERA5 - Bangalore (Pre-Monsoon Spring)
0.0,15.0,31.4,913.9,20.3,0.0,9,0,0,ERA5 - Bangalore (Pre-Monsoon Spring)
0.0,17.0,31.1,913.0,19.3,0.0,10,0,0,ERA5 - Bangalore (Pre-Monsoon Spring)
0.0,22.0,30.1,912.9,19.5,0.0,11,0,0,ERA5 - Bangalore (Pre-Monsoon Spring)
0.0,25.0,28.8,913.4,18.5,0.0,12,0,0,ERA5 - Bangalore (Pre-Monsoon Spring)
0.0,31.0,26.6,913.3,15.6,0.0,13,0,0,ERA5 - Bangalore (Pre-Monsoon Spring)
0.0,33.0,25.4,914.0,16.6,0.0,14,0,0,ERA5 - Bangalore (Pre-Monsoon Spring)
0.0,36.0,24.3,914.4,13.8,0.0,15,0,0,ERA5 - Bangalore (Pre-Monsoon Spring)
0.0,41.0,22.9,915.1,11.9,0.0,16,0,0,ERA5 - Bangalore (Pre-Monsoon Spring)
0.0,45.0,22.4,915.5,15.6,0.0,17,0,0,ERA5 - Bangalore (Pre-Monsoon Spring)
0.0,52.0,21.6,915.3,14.9,0.0,18,0,0,ERA5 - Bangalore (Pre-Monsoon Spring)
0.0,59.0,20.3,914.6,12.4,0.0,19,0,0,ERA5 - Bangalore (Pre-Monsoon Spring)
0.0,67.0,19.2,913.7,11.4,0.0,20,0,0,ERA5 - Bangalore (Pre-Monsoon Spring)
0.0,76.0,17.8,912.8,10.0,0.0,21,0,0,ERA5 - Bangalore (Pre-Monsoon Spring)
0.0,86.0,16.7,912.3,9.5,0.0,22,0,0,ERA5 - Bangalore (Pre-Monsoon Spring)
0.0,95.0,16.2,912.1,10.5,0.0,23,0,0,ERA5 - Bangalore (Pre-Monsoon Spring)
0.0,95.0,15.3,912.6,10.5,0.0,0,0,0,ERA5 - Bangalore (Pre-Monsoon Spring)
0.0,98.0,15.4,913.2,11.5,0.0,1,0,0,ERA5 - Bangalore (Pre-Monsoon Spring)
0.0,94.0,16.3,914.2,12.3,0.0,2,0,0,ERA5 - Bangalore (Pre-Monsoon Spring)
0.0,67.0,19.9,915.8,11.7,0.0,3,0,0,ERA5 - Bangalore (Pre-Monsoon Spring)
0.0,50.0,24.1,917.0,14.0,0.0,4,0,0,ERA5 - Bangalore (Pre-Monsoon Spring)
0.0,36.0,26.8,917.0,15.9,0.0,5,0,0,ERA5 - Bangalore (Pre-Monsoon Spring)
0.0,30.0,28.7,916.5,16.3,0.0,6,0,0,ERA5 - Bangalore (Pre-Monsoon Spring)
0.0,30.0,30.0,915.6,16.8,0.0,7,0,0,ERA5 - Bangalore (Pre-Monsoon Spring)
0.0,29.0,30.7,914.6,17.2,0.0,8,0,0,ERA5 - Bangalore (Pre-Monsoon Spring)
0.0,27.0,31.2,913.5,16.8,0.0,9,0,0,ERA5 - Bangalore (Pre-Monsoon Spring)
0.0,27.0,31.1,912.8,17.7,0.0,10,0,0,ERA5 - Bangalore (Pre-Monsoon Spring)
0.0,28.0,30.0,912.5,19.2,0.0,11,0,0,ERA5 - Bangalore (Pre-Monsoon Spring)
0.0,26.0,28.6,913.0,17.7,0.0,12,0,0,ERA5 - Bangalore (Pre-Monsoon Spring)
0.0,31.0,26.5,912.7,13.0,0.0,13,0,0,ERA5 - Bangalore (Pre-Monsoon Spring)
0.0,37.0,25.1,913.4,13.3,0.0,14,0,0,ERA5 - Bangalore (Pre-Monsoon Spring)
0.0,42.0,24.1,914.2,14.9,0.0,15,0,0,ERA5 - Bangalore (Pre-Monsoon Spring)
0.0,46.0,23.3,914.5,14.7,0.0,16,0,0,ERA5 - Bangalore (Pre-Monsoon Spring)
0.0,51.0,22.6,914.7,13.6,0.0,17,0,0,ERA5 - Bangalore (Pre-Monsoon Spring)
0.0,56.0,22.1,915.0,16.3,0.0,18,0,0,ERA5 - Bangalore (Pre-Monsoon Spring)
0.0,62.0,21.0,914.5,14.6,0.0,19,0,0,ERA5 - Bangalore (Pre-Monsoon Spring)
0.0,68.0,20.0,913.7,12.8,0.0,20,0,0,ERA5 - Bangalore (Pre-Monsoon Spring)
0.0,74.0,19.2,912.6,12.2,0.0,21,0,0,ERA5 - Bangalore (Pre-Monsoon Spring)
0.0,79.0,18.5,912.0,11.5,0.0,22,0,0,ERA5 - Bangalore (Pre-Monsoon Spring)
0.0,85.0,17.9,911.6,11.5,0.0,23,0,0,ERA5 - Bangalore (Pre-Monsoon Spring)
0.0,90.0,17.6,911.9,11.6,0.0,0,0,0,ERA5 - Bangalore (Pre-Monsoon Spring)
0.0,92.0,17.5,912.7,10.5,0.0,1,0,0,ERA5 - Bangalore (Pre-Monsoon Spring)
0.0,83.0,19.2,913.8,10.9,0.0,2,0,0,ERA5 - Bangalore (Pre-Monsoon Spring)
0.0,62.0,22.8,915.3,11.4,0.0,3,0,0,ERA5 - Bangalore (Pre-Monsoon Spring)
0.0,41.0,25.9,916.2,14.2,0.0,4,0,0,ERA5 - Bangalore (Pre-Monsoon Spring)
0.0,32.0,28.1,916.4,15.1,0.0,5,0,0,ERA5 - Bangalore (Pre-Monsoon Spring)
0.0,28.0,29.6,915.9,15.5,0.0,6,0,0,ERA5 - Bangalore (Pre-Monsoon Spring)
0.0,26.0,30.7,914.9,14.5,0.0,7,0,0,ERA5 - Bangalore (Pre-Monsoon Spring)
0.0,25.0,31.4,914.1,13.9,0.0,8,0,0,ERA5 - Bangalore (Pre-Monsoon Spring)
0.0,23.0,31.8,913.3,13.5,0.0,9,0,0,ERA5 - Bangalore (Pre-Monsoon Spring)
0.0,23.0,31.7,912.6,13.7,0.0,10,0,0,ERA5 - Bangalore (Pre-Monsoon Spring)
0.0,24.0,30.5,912.1,15.1,0.0,11,0,0,ERA5 - Bangalore (Pre-Monsoon Spring)
0.0,26.0,29.7,912.3,15.2,0.0,12,0,0,ERA5 - Bangalore (Pre-Monsoon Spring)
0.0,29.0,28.0,912.0,12.3,0.0,13,0,0,ERA5 - Bangalore (Pre-Monsoon Spring)
0.0,33.0,26.7,912.5,12.1,0.0,14,0,0,ERA5 - Bangalore (Pre-Monsoon Spring)
0.0,39.0,25.3,913.2,16.6,0.0,15,0,0,ERA5 - Bangalore (Pre-Monsoon Spring)
0.0,46.0,24.2,913.5,16.0,0.0,16,0,0,ERA5 - Bangalore (Pre-Monsoon Spring)
0.0,50.0,23.4,913.5,14.1,0.0,17,0,0,ERA5 - Bangalore (Pre-Monsoon Spring)
0.0,53.0,22.5,913.4,13.9,0.0,18,0,0,ERA5 - Bangalore (Pre-Monsoon Spring)
0.0,56.0,21.8,913.1,13.7,0.0,19,0,0,ERA5 - Bangalore (Pre-Monsoon Spring)
0.0,59.0,20.8,912.3,12.9,0.0,20,0,0,ERA5 - Bangalore (Pre-Monsoon Spring)
0.0,63.0,19.9,911.8,9.4,0.0,21,0,0,ERA5 - Bangalore (Pre-Monsoon Spring)
0.0,68.0,18.9,911.3,5.8,0.0,22,0,0,ERA5 - Bangalore (Pre-Monsoon Spring)
0.0,73.0,18.0,911.1,6.1,0.0,23,0,0,ERA5 - Bangalore (Pre-Monsoon Spring)
0.0,74.0,18.7,911.6,9.4,0.0,0,0,0,ERA5 - Bangalore (Pre-Monsoon Spring)
0.0,76.0,18.7,912.3,9.0,0.0,1,0,0,ERA5 - Bangalore (Pre-Monsoon Spring)
0.0,68.0,20.7,913.4,10.9,0.0,2,0,0,ERA5 - Bangalore (Pre-Monsoon Spring)
0.0,50.0,24.3,914.7,10.1,0.0,3,0,0,ERA5 - Bangalore (Pre-Monsoon Spring)
0.0,37.0,27.0,915.3,12.1,0.0,4,0,0,ERA5 - Bangalore (Pre-Monsoon Spring)
0.0,31.0,28.9,915.4,12.1,0.0,5,0,0,ERA5 - Bangalore (Pre-Monsoon Spring)
0.0,26.0,30.4,914.7,12.3,0.0,6,0,0,ERA5 - Bangalore (Pre-Monsoon Spring)
0.0,23.0,31.5,913.6,11.8,0.0,7,0,0,ERA5 - Bangalore (Pre-Monsoon Spring)
0.0,21.0,32.5,912.7,10.0,0.0,8,0,0,ERA5 - Bangalore (Pre-Monsoon Spring)
0.0,20.0,32.7,911.6,12.8,0.0,9,0,0,ERA5 - Bangalore (Pre-Monsoon Spring)
0.0,20.0,32.1,910.7,16.6,0.0,10,0,0,ERA5 - Bangalore (Pre-Monsoon Spring)
0.0,21.0,31.1,910.5,17.4,0.0,11,0,0,ERA5 - Bangalore (Pre-Monsoon Spring)
0.0,22.0,30.1,910.5,14.5,0.0,12,0,0,ERA5 - Bangalore (Pre-Monsoon Spring)
0.0,24.0,28.1,910.5,9.1,0.0,13,0,0,ERA5 - Bangalore (Pre-Monsoon Spring)
0.0,27.0,26.8,911.0,9.4,0.0,14,0,0,ERA5 - Bangalore (Pre-Monsoon Spring)
0.0,27.0,26.4,911.4,10.9,0.0,15,0,0,ERA5 - Bangalore (Pre-Monsoon Spring)
0.0,33.0,25.7,912.0,17.1,0.0,16,0,0,ERA5 - Bangalore (Pre-Monsoon Spring)
0.0,45.0,24.6,912.0,17.4,0.0,17,0,0,ERA5 - Bangalore (Pre-Monsoon Spring)
0.0,48.0,23.6,912.1,18.5,0.0,18,0,0,ERA5 - Bangalore (Pre-Monsoon Spring)
0.0,52.0,22.5,911.6,17.1,0.0,19,0,0,ERA5 - Bangalore (Pre-Monsoon Spring)
0.0,57.0,21.4,911.0,12.4,0.0,20,0,0,ERA5 - Bangalore (Pre-Monsoon Spring)
0.0,61.0,20.3,910.3,9.1,0.0,21,0,0,ERA5 - Bangalore (Pre-Monsoon Spring)
0.0,66.0,19.4,910.0,6.1,0.0,22,0,0,ERA5 - Bangalore (Pre-Monsoon Spring)
0.0,72.0,18.6,909.6,5.0,0.0,23,0,0,ERA5 - Bangalore (Pre-Monsoon Spring)
0.0,82.0,18.4,910.3,5.1,0.0,0,0,0,ERA5 - Bangalore (Pre-Monsoon Spring)
0.0,85.0,18.3,910.7,4.8,0.0,1,0,0,ERA5 - Bangalore (Pre-Monsoon Spring)
0.0,80.0,19.9,911.5,4.5,0.0,2,0,0,ERA5 - Bangalore (Pre-Monsoon Spring)
0.0,59.0,23.5,913.1,5.8,0.0,3,0,0,ERA5 - Bangalore (Pre-Monsoon Spring)
0.0,41.0,26.6,914.3,7.3,0.0,4,0,0,ERA5 - Bangalore (Pre-Monsoon Spring)
0.0,32.0,29.2,914.5,8.9,0.0,5,0,0,ERA5 - Bangalore (Pre-Monsoon Spring)
0.0,26.0,31.0,913.8,11.0,0.0,6,0,0,ERA5 - Bangalore (Pre-Monsoon Spring)
0.0,24.0,32.2,912.9,11.7,0.0,7,0,0,ERA5 - Bangalore (Pre-Monsoon Spring)
0.0,23.0,32.6,912.0,12.4,0.0,8,0,0,ERA5 - Bangalore (Pre-Monsoon Spring)
0.0,23.0,32.3,911.2,12.4,0.0,9,0,0,ERA5 - Bangalore (Pre-Monsoon Spring)
0.0,23.0,32.0,910.2,12.4,0.0,10,0,0,ERA5 - Bangalore (Pre-Monsoon Spring)
0.0,23.0,31.4,909.9,9.2,0.0,11,0,0,ERA5 - Bangalore (Pre-Monsoon Spring)
0.0,26.0,30.2,910.3,13.4,0.0,12,0,0,ERA5 - Bangalore (Pre-Monsoon Spring)
0.0,29.0,28.5,910.4,11.0,0.0,13,0,0,ERA5 - Bangalore (Pre-Monsoon Spring)
0.0,32.0,27.4,911.1,14.3,0.0,14,0,0,ERA5 - Bangalore (Pre-Monsoon Spring)
0.0,39.0,26.2,911.7,17.1,0.0,15,0,0,ERA5 - Bangalore (Pre-Monsoon Spring)
0.0,51.0,24.8,912.4,16.4,0.0,16,0,0,ERA5 - Bangalore (Pre-Monsoon Spring)
0.0,65.0,23.3,912.6,16.0,0.0,17,0,0,ERA5 - Bangalore (Pre-Monsoon Spring)
0.0,76.0,22.3,912.5,16.1,0.0,18,0,0,ERA5 - Bangalore (Pre-Monsoon Spring)
0.0,81.0,21.8,912.2,12.2,0.0,19,0,0,ERA5 - Bangalore (Pre-Monsoon Spring)
0.0,86.0,21.2,911.7,8.3,0.0,20,0,0,ERA5 - Bangalore (Pre-Monsoon Spring)
0.0,89.0,20.6,911.2,8.7,0.0,21,0,0,ERA5 - Bangalore (Pre-Monsoon Spring)
0.0,90.0,20.6,911.0,10.1,0.0,22,0,0,ERA5 - Bangalore (Pre-Monsoon Spring)
0.0,90.0,20.5,911.1,8.6,0.0,23,0,0,ERA5 - Bangalore (Pre-Monsoon Spring)
0.0,98.0,19.5,912.9,6.1,0.0,0,0,0,ERA5 - Bangalore (Post-Monsoon Autumn)
0.0,98.0,19.2,913.6,5.8,0.0,1,0,0,ERA5 - Bangalore (Post-Monsoon Autumn)
0.0,91.0,21.0,915.0,0.8,0.0,2,0,0,ERA5 - Bangalore (Post-Monsoon Autumn)
0.0,78.0,23.4,915.6,5.4,0.0,3,0,0,ERA5 - Bangalore (Post-Monsoon Autumn)
0.0,62.0,25.5,915.9,6.0,0.0,4,0,0,ERA5 - Bangalore (Post-Monsoon Autumn)
0.0,49.0,27.3,915.9,7.4,0.0,5,0,0,ERA5 - Bangalore (Post-Monsoon Autumn)
0.0,43.0,28.6,914.9,7.4,0.0,6,0,0,ERA5 - Bangalore (Post-Monsoon Autumn)
0.0,38.0,29.6,913.6,10.1,0.0,7,0,0,ERA5 - Bangalore (Post-Monsoon Autumn)
0.0,37.0,30.1,912.3,11.9,0.0,8,0,0,ERA5 - Bangalore (Post-Monsoon Autumn)
0.0,35.0,30.7,911.1,10.5,0.0,9,0,0,ERA5 - Bangalore (Post-Monsoon Autumn)
0.0,37.0,30.2,910.6,11.1,0.0,10,0,0,ERA5 - Bangalore (Post-Monsoon Autumn)
0.0,44.0,28.5,910.9,14.4,0.0,11,0,0,ERA5 - Bangalore (Post-Monsoon Autumn)
0.0,46.0,27.3,912.0,9.5,0.0,12,0,0,ERA5 - Bangalore (Post-Monsoon Autumn)
0.0,52.0,25.0,911.5,8.3,0.0,13,0,0,ERA5 - Bangalore (Post-Monsoon Autumn)
0.0,60.0,23.9,912.3,9.7,0.0,14,0,0,ERA5 - Bangalore (Post-Monsoon Autumn)
0.0,67.0,23.1,913.2,8.4,0.0,15,0,0,ERA5 - Bangalore (Post-Monsoon Autumn)
0.0,74.0,22.4,913.7,10.2,0.0,16,0,0,ERA5 - Bangalore (Post-Monsoon Autumn)
0.0,76.0,22.4,913.6,10.8,0.0,17,0,0,ERA5 - Bangalore (Post-Monsoon Autumn)
0.0,82.0,21.5,913.1,7.1,0.0,18,0,0,ERA5 - Bangalore (Post-Monsoon Autumn)
0.0,85.0,20.9,912.5,9.4,0.0,19,0,0,ERA5 - Bangalore (Post-Monsoon Autumn)
0.0,87.0,20.8,911.8,10.9,0.0,20,0,0,ERA5 - Bangalore (Post-Monsoon Autumn)
0.0,85.0,21.3,911.8,13.0,0.0,21,0,0,ERA5 - Bangalore (Post-Monsoon Autumn)
0.0,86.0,21.2,912.0,16.2,0.0,22,0,0,ERA5 - Bangalore (Post-Monsoon Autumn)
0.0,88.0,21.1,911.7,14.7,0.0,23,0,0,ERA5 - Bangalore (Post-Monsoon Autumn)
0.0,93.0,21.7,912.7,8.0,0.0,0,0,0,ERA5 - Bangalore (Post-Monsoon Autumn)
0.0,95.0,21.5,913.4,6.9,0.0,1,0,0,ERA5 - Bangalore (Post-Monsoon Autumn)
0.0,89.0,22.6,914.4,10.3,0.0,2,0,0,ERA5 - Bangalore (Post-Monsoon Autumn)
0.0,78.0,24.1,915.3,9.1,0.0,3,0,0,ERA5 - Bangalore (Post-Monsoon Autumn)
0.0,62.0,26.0,915.8,10.1,0.0,4,0,0,ERA5 - Bangalore (Post-Monsoon Autumn)
0.0,51.0,27.7,915.5,12.6,0.0,5,0,0,ERA5 - Bangalore (Post-Monsoon Autumn)
0.0,45.0,28.8,914.5,13.0,0.0,6,0,0,ERA5 - Bangalore (Post-Monsoon Autumn)
0.0,45.0,29.9,913.5,13.3,0.0,7,0,0,ERA5 - Bangalore (Post-Monsoon Autumn)
0.0,46.0,30.0,912.4,14.1,0.0,8,0,0,ERA5 - Bangalore (Post-Monsoon Autumn)
0.0,44.0,29.7,911.6,15.1,0.0,9,0,0,ERA5 - Bangalore (Post-Monsoon Autumn)
0.2,54.0,27.5,911.5,19.1,0.0,10,0,0,ERA5 - Bangalore (Post-Monsoon Autumn)
0.2,58.0,26.9,911.7,12.7,0.0,11,0,0,ERA5 - Bangalore (Post-Monsoon Autumn)
0.0,67.0,25.3,912.3,12.5,0.0,12,0,0,ERA5 - Bangalore (Post-Monsoon Autumn)
0.0,74.0,23.9,912.6,12.4,0.0,13,0,0,ERA5 - Bangalore (Post-Monsoon Autumn)
0.0,78.0,23.2,912.9,12.5,0.0,14,0,0,ERA5 - Bangalore (Post-Monsoon Autumn)
0.0,80.0,22.9,913.9,10.3,0.0,15,0,0,ERA5 - Bangalore (Post-Monsoon Autumn)
0.0,81.0,22.8,914.2,10.4,0.0,16,0,0,ERA5 - Bangalore (Post-Monsoon Autumn)
0.0,83.0,22.6,914.4,9.4,0.0,17,0,0,ERA5 - Bangalore (Post-Monsoon Autumn)
0.0,90.0,21.6,913.9,8.6,0.0,18,0,0,ERA5 - Bangalore (Post-Monsoon Autumn)
0.0,93.0,21.3,913.5,8.7,0.0,19,0,0,ERA5 - Bangalore (Post-Monsoon Autumn)
0.0,96.0,20.5,912.8,8.5,0.0,20,0,0,ERA5 - Bangalore (Post-Monsoon Autumn)
0.0,96.0,20.5,912.8,8.2,0.0,21,0,0,ERA5 - Bangalore (Post-Monsoon Autumn)
0.1,95.0,20.7,912.7,7.6,0.0,22,0,0,ERA5 - Bangalore (Post-Monsoon Autumn)
0.0,95.0,20.5,912.9,6.3,0.0,23,0,0,ERA5 - Bangalore (Post-Monsoon Autumn)
0.0,96.0,20.8,913.7,6.6,0.0,0,0,0,ERA5 - Bangalore (Post-Monsoon Autumn)
0.0,93.0,21.2,914.4,5.1,0.0,1,0,0,ERA5 - Bangalore (Post-Monsoon Autumn)
0.0,87.0,22.2,915.1,5.9,0.0,2,0,0,ERA5 - Bangalore (Post-Monsoon Autumn)
0.0,77.0,23.7,915.7,5.5,0.0,3,0,0,ERA5 - Bangalore (Post-Monsoon Autumn)
0.0,64.0,25.6,916.6,5.8,0.0,4,0,0,ERA5 - Bangalore (Post-Monsoon Autumn)
0.0,55.0,27.1,916.4,7.8,0.0,5,0,0,ERA5 - Bangalore (Post-Monsoon Autumn)
0.0,49.0,28.3,915.6,9.4,0.0,6,0,0,ERA5 - Bangalore (Post-Monsoon Autumn)
0.0,44.0,29.6,914.4,11.3,0.0,7,0,0,ERA5 - Bangalore (Post-Monsoon Autumn)
0.0,43.0,30.0,913.3,12.8,0.0,8,0,0,ERA5 - Bangalore (Post-Monsoon Autumn)
0.1,42.0,30.0,912.7,13.2,0.0,9,0,0,ERA5 - Bangalore (Post-Monsoon Autumn)
0.1,41.0,29.8,912.2,13.8,0.0,10,0,0,ERA5 - Bangalore (Post-Monsoon Autumn)
0.0,42.0,29.3,912.3,14.2,0.0,11,0,0,ERA5 - Bangalore (Post-Monsoon Autumn)
0.0,47.0,27.5,912.8,6.7,0.0,12,0,0,ERA5 - Bangalore (Post-Monsoon Autumn)
0.0,52.0,25.9,912.9,10.5,0.0,13,0,0,ERA5 - Bangalore (Post-Monsoon Autumn)
0.0,58.0,24.9,913.9,14.6,0.0,14,0,0,ERA5 - Bangalore (Post-Monsoon Autumn)
0.0,71.0,23.4,914.3,15.5,0.0,15,0,0,ERA5 - Bangalore (Post-Monsoon Autumn)
0.0,77.0,22.6,914.5,12.4,0.0,16,0,0,ERA5 - Bangalore (Post-Monsoon Autumn)
0.0,80.0,22.0,914.5,12.2,0.0,17,0,0,ERA5 - Bangalore (Post-Monsoon Autumn)
0.0,80.0,21.6,914.6,10.4,0.0,18,0,0,ERA5 - Bangalore (Post-Monsoon Autumn)
0.0,78.0,21.3,914.4,11.5,0.0,19,0,0,ERA5 - Bangalore (Post-Monsoon Autumn)
0.0,75.0,20.9,913.8,11.4,0.0,20,0,0,ERA5 - Bangalore (Post-Monsoon Autumn)
0.0,75.0,20.2,913.1,9.8,0.0,21,0,0,ERA5 - Bangalore (Post-Monsoon Autumn)
0.0,71.0,19.6,912.7,9.4,0.0,22,0,0,ERA5 - Bangalore (Post-Monsoon Autumn)
0.0,69.0,19.1,912.6,9.0,0.0,23,0,0,ERA5 - Bangalore (Post-Monsoon Autumn)
0.0,73.0,19.6,913.7,13.1,0.0,0,0,0,ERA5 - Bangalore (Post-Monsoon Autumn)
0.0,74.0,19.4,913.9,11.6,0.0,1,0,0,ERA5 - Bangalore (Post-Monsoon Autumn)
0.0,70.0,21.2,915.0,11.6,0.0,2,0,0,ERA5 - Bangalore (Post-Monsoon Autumn)
0.0,60.0,23.6,916.1,13.1,0.0,3,0,0,ERA5 - Bangalore (Post-Monsoon Autumn)
0.0,52.0,26.0,917.0,13.9,0.0,4,0,0,ERA5 - Bangalore (Post-Monsoon Autumn)
0.0,47.0,27.7,916.9,15.6,0.0,5,0,0,ERA5 - Bangalore (Post-Monsoon Autumn)
0.0,43.0,28.9,916.4,16.3,0.0,6,0,0,ERA5 - Bangalore (Post-Monsoon Autumn)
0.0,41.0,29.6,915.6,16.1,0.0,7,0,0,ERA5 - Bangalore (Post-Monsoon Autumn)
0.0,39.0,30.2,914.6,15.5,0.0,8,0,0,ERA5 - Bangalore (Post-Monsoon Autumn)
0.0,38.0,30.4,913.5,14.8,0.0,9,0,0,ERA5 - Bangalore (Post-Monsoon Autumn)
0.0,38.0,30.1,912.8,15.6,0.0,10,0,0,ERA5 - Bangalore (Post-Monsoon Autumn)
0.0,38.0,29.5,912.8,14.2,0.0,11,0,0,ERA5 - Bangalore (Post-Monsoon Autumn)
0.0,46.0,27.1,913.6,15.9,0.0,12,0,0,ERA5 - Bangalore (Post-Monsoon Autumn)
0.0,55.0,25.1,913.7,16.7,0.0,13,0,0,ERA5 - Bangalore (Post-Monsoon Autumn)
0.0,60.0,24.1,914.3,15.1,0.0,14,0,0,ERA5 - Bangalore (Post-Monsoon Autumn)
0.0,63.0,23.4,914.9,11.9,0.0,15,0,0,ERA5 - Bangalore (Post-Monsoon Autumn)
0.0,67.0,22.7,915.4,11.2,0.0,16,0,0,ERA5 - Bangalore (Post-Monsoon Autumn)
0.0,69.0,22.1,915.4,10.4,0.0,17,0,0,ERA5 - Bangalore (Post-Monsoon Autumn)
0.0,68.0,21.4,915.2,8.8,0.0,18,0,0,ERA5 - Bangalore (Post-Monsoon Autumn)
0.0,70.0,20.7,914.6,7.1,0.0,19,0,0,ERA5 - Bangalore (Post-Monsoon Autumn)
0.0,74.0,19.9,913.4,6.4,0.0,20,0,0,ERA5 - Bangalore (Post-Monsoon Autumn)
0.0,77.0,19.3,912.5,5.2,0.0,21,0,0,ERA5 - Bangalore (Post-Monsoon Autumn)
0.0,82.0,18.5,912.3,5.5,0.0,22,0,0,ERA5 - Bangalore (Post-Monsoon Autumn)
0.0,89.0,17.6,912.3,6.0,0.0,23,0,0,ERA5 - Bangalore (Post-Monsoon Autumn)
0.0,88.0,18.0,912.6,5.4,0.0,0,0,0,ERA5 - Bangalore (Post-Monsoon Autumn)
0.0,85.0,18.7,913.6,6.3,0.0,1,0,0,ERA5 - Bangalore (Post-Monsoon Autumn)
0.0,76.0,21.2,915.2,6.6,0.0,2,0,0,ERA5 - Bangalore (Post-Monsoon Autumn)
0.0,64.0,24.0,916.6,8.6,0.0,3,0,0,ERA5 - Bangalore (Post-Monsoon Autumn)
0.0,50.0,26.4,917.3,13.4,0.0,4,0,0,ERA5 - Bangalore (Post-Monsoon Autumn)
0.0,44.0,27.9,917.2,16.9,0.0,5,0,0,ERA5 - Bangalore (Post-Monsoon Autumn)
0.0,40.0,29.1,916.5,15.6,0.0,6,0,0,ERA5 - Bangalore (Post-Monsoon Autumn)
0.0,37.0,30.0,915.5,15.4,0.0,7,0,0,ERA5 - Bangalore (Post-Monsoon Autumn)
0.0,34.0,30.5,914.7,14.7,0.0,8,0,0,ERA5 - Bangalore (Post-Monsoon Autumn)
0.0,33.0,30.8,913.7,14.0,0.0,9,0,0,ERA5 - Bangalore (Post-Monsoon Autumn)
0.0,32.0,30.7,913.0,13.9,0.0,10,0,0,ERA5 - Bangalore (Post-Monsoon Autumn)
0.0,33.0,29.8,912.9,12.7,0.0,11,0,0,ERA5 - Bangalore (Post-Monsoon Autumn)
0.0,42.0,27.2,913.4,12.9,0.0,12,0,0,ERA5 - Bangalore (Post-Monsoon Autumn)
0.0,47.0,25.4,913.5,10.2,0.0,13,0,0,ERA5 - Bangalore (Post-Monsoon Autumn)
0.0,50.0,24.5,914.0,8.8,0.0,14,0,0,ERA5 - Bangalore (Post-Monsoon Autumn)
0.0,54.0,23.5,914.7,12.1,0.0,15,0,0,ERA5 - Bangalore (Post-Monsoon Autumn)
0.0,65.0,22.4,915.1,13.4,0.0,16,0,0,ERA5 - Bangalore (Post-Monsoon Autumn)
0.0,72.0,21.6,915.0,13.6,0.0,17,0,0,ERA5 - Bangalore (Post-Monsoon Autumn)
0.0,78.0,21.0,914.9,12.7,0.0,18,0,0,ERA5 - Bangalore (Post-Monsoon Autumn)
0.0,82.0,20.5,914.1,13.3,0.0,19,0,0,ERA5 - Bangalore (Post-Monsoon Autumn)
0.0,85.0,20.1,913.3,12.0,0.0,20,0,0,ERA5 - Bangalore (Post-Monsoon Autumn)
0.0,88.0,19.8,912.9,10.2,0.0,21,0,0,ERA5 - Bangalore (Post-Monsoon Autumn)
0.0,91.0,19.3,912.7,7.8,0.0,22,0,0,ERA5 - Bangalore (Post-Monsoon Autumn)
0.0,94.0,18.9,912.7,6.8,0.0,23,0,0,ERA5 - Bangalore (Post-Monsoon Autumn)
0.0,95.0,18.9,913.2,8.3,0.0,0,0,0,ERA5 - Bangalore (Post-Monsoon Autumn)
0.0,95.0,19.0,913.9,8.7,0.0,1,0,0,ERA5 - Bangalore (Post-Monsoon Autumn)
0.0,84.0,21.4,915.5,9.0,0.0,2,0,0,ERA5 - Bangalore (Post-Monsoon Autumn)
0.0,65.0,24.3,916.7,12.3,0.0,3,0,0,ERA5 - Bangalore (Post-Monsoon Autumn)
0.0,48.0,26.7,917.0,14.6,0.0,4,0,0,ERA5 - Bangalore (Post-Monsoon Autumn)
0.0,36.0,28.6,916.6,16.8,0.0,5,0,0,ERA5 - Bangalore (Post-Monsoon Autumn)
0.0,32.0,29.8,915.9,17.4,0.0,6,0,0,ERA5 - Bangalore (Post-Monsoon Autumn)
0.0,32.0,30.4,914.8,16.5,0.0,7,0,0,ERA5 - Bangalore (Post-Monsoon Autumn)
0.0,31.0,30.9,913.9,15.3,0.0,8,0,0,ERA5 - Bangalore (Post-Monsoon Autumn)
0.0,30.0,31.1,913.1,14.7,0.0,9,0,0,ERA5 - Bangalore (Post-Monsoon Autumn)
0.0,30.0,31.0,912.6,14.7,0.0,10,0,0,ERA5 - Bangalore (Post-Monsoon Autumn)
0.0,31.0,30.2,912.3,12.8,0.0,11,0,0,ERA5 - Bangalore (Post-Monsoon Autumn)
0.0,39.0,28.2,912.7,11.0,0.0,12,0,0,ERA5 - Bangalore (Post-Monsoon Autumn)
0.0,44.0,26.7,913.2,12.6,0.0,13,0,0,ERA5 - Bangalore (Post-Monsoon Autumn)
0.0,51.0,25.1,914.2,13.4,0.0,14,0,0,ERA5 - Bangalore (Post-Monsoon Autumn)
0.0,57.0,24.2,915.0,14.7,0.0,15,0,0,ERA5 - Bangalore (Post-Monsoon Autumn)
0.0,63.0,23.3,915.5,15.6,0.0,16,0,0,ERA5 - Bangalore (Post-Monsoon Autumn)
0.0,71.0,22.4,915.3,14.4,0.0,17,0,0,ERA5 - Bangalore (Post-Monsoon Autumn)
0.0,76.0,21.6,915.3,13.4,0.0,18,0,0,ERA5 - Bangalore (Post-Monsoon Autumn)
0.0,80.0,20.9,914.5,12.3,0.0,19,0,0,ERA5 - Bangalore (Post-Monsoon Autumn)
0.0,79.0,21.1,913.7,11.2,0.0,20,0,0,ERA5 - Bangalore (Post-Monsoon Autumn)
0.0,79.0,21.4,913.3,9.4,0.0,21,0,0,ERA5 - Bangalore (Post-Monsoon Autumn)
0.0,82.0,21.2,913.1,8.3,0.0,22,0,0,ERA5 - Bangalore (Post-Monsoon Autumn)
0.0,89.0,19.8,912.9,5.4,0.0,23,0,0,ERA5 - Bangalore (Post-Monsoon Autumn)
0.0,65.0,22.3,911.5,8.3,0.0,0,0,0,ERA5 - Bangalore (Mild Summer)
0.0,68.0,23.0,912.5,8.3,0.0,1,0,0,ERA5 - Bangalore (Mild Summer)
0.0,55.0,25.4,914.1,8.3,0.0,2,0,0,ERA5 - Bangalore (Mild Summer)
0.0,50.0,27.8,915.4,10.1,0.0,3,0,0,ERA5 - Bangalore (Mild Summer)
0.0,39.0,30.3,915.9,8.4,0.0,4,0,0,ERA5 - Bangalore (Mild Summer)
0.0,26.0,32.8,915.6,5.6,0.0,5,0,0,ERA5 - Bangalore (Mild Summer)
0.0,15.0,35.4,915.2,10.6,0.0,6,0,0,ERA5 - Bangalore (Mild Summer)
0.0,13.0,36.6,914.3,17.3,0.0,7,0,0,ERA5 - Bangalore (Mild Summer)
0.0,12.0,37.3,913.2,16.6,0.0,8,0,0,ERA5 - Bangalore (Mild Summer)
0.0,12.0,37.5,912.0,17.8,0.0,9,0,0,ERA5 - Bangalore (Mild Summer)
0.0,12.0,36.9,911.4,20.0,0.0,10,0,0,ERA5 - Bangalore (Mild Summer)
0.0,12.0,36.2,911.1,19.0,0.0,11,0,0,ERA5 - Bangalore (Mild Summer)
0.0,13.0,34.9,911.0,17.1,0.0,12,0,0,ERA5 - Bangalore (Mild Summer)
0.0,19.0,31.8,911.6,12.7,0.0,13,0,0,ERA5 - Bangalore (Mild Summer)
0.0,21.0,30.3,911.8,10.2,0.0,14,0,0,ERA5 - Bangalore (Mild Summer)
0.0,24.0,29.0,912.3,11.0,0.0,15,0,0,ERA5 - Bangalore (Mild Summer)
0.0,26.0,28.0,912.9,12.0,0.0,16,0,0,ERA5 - Bangalore (Mild Summer)
0.0,28.0,27.1,913.0,11.3,0.0,17,0,0,ERA5 - Bangalore (Mild Summer)
0.0,31.0,26.2,912.5,11.3,0.0,18,0,0,ERA5 - Bangalore (Mild Summer)
0.0,34.0,25.3,911.6,10.1,0.0,19,0,0,ERA5 - Bangalore (Mild Summer)
0.0,37.0,24.4,910.6,8.9,0.0,20,0,0,ERA5 - Bangalore (Mild Summer)
0.0,41.0,23.3,910.0,7.2,0.0,21,0,0,ERA5 - Bangalore (Mild Summer)
0.0,44.0,22.9,909.4,7.8,0.0,22,0,0,ERA5 - Bangalore (Mild Summer)
0.0,48.0,22.3,909.5,7.1,0.0,23,0,0,ERA5 - Bangalore (Mild Summer)
0.0,53.0,21.4,909.9,8.4,0.0,0,0,0,ERA5 - Bangalore (Mild Summer)
0.0,69.0,22.7,910.7,8.9,0.0,1,0,0,ERA5 - Bangalore (Mild Summer)
0.0,58.0,25.7,912.8,7.1,0.0,2,0,0,ERA5 - Bangalore (Mild Summer)
0.0,41.0,28.9,914.5,9.1,0.0,3,0,0,ERA5 - Bangalore (Mild Summer)
0.0,33.0,31.2,914.9,8.0,0.0,4,0,0,ERA5 - Bangalore (Mild Summer)
0.0,26.0,33.6,914.9,6.2,0.0,5,0,0,ERA5 - Bangalore (Mild Summer)
0.0,16.0,36.3,914.4,12.4,0.0,6,0,0,ERA5 - Bangalore (Mild Summer)
0.0,14.0,37.1,913.7,20.5,0.0,7,0,0,ERA5 - Bangalore (Mild Summer)
0.0,14.0,37.3,912.5,18.3,0.0,8,0,0,ERA5 - Bangalore (Mild Summer)
0.0,15.0,37.4,911.3,17.1,0.0,9,0,0,ERA5 - Bangalore (Mild Summer)
0.0,15.0,37.0,910.4,19.3,0.0,10,0,0,ERA5 - Bangalore (Mild Summer)
0.0,16.0,36.4,910.2,19.0,0.0,11,0,0,ERA5 - Bangalore (Mild Summer)
0.0,19.0,35.0,910.2,17.1,0.0,12,0,0,ERA5 - Bangalore (Mild Summer)
0.0,20.0,32.4,910.7,10.8,0.0,13,0,0,ERA5 - Bangalore (Mild Summer)
0.0,22.0,30.8,911.3,12.5,0.0,14,0,0,ERA5 - Bangalore (Mild Summer)
0.0,23.0,29.9,911.9,14.8,0.0,15,0,0,ERA5 - Bangalore (Mild Summer)
0.0,27.0,29.0,912.4,16.5,0.0,16,0,0,ERA5 - Bangalore (Mild Summer)
0.0,31.0,27.7,912.2,14.8,0.0,17,0,0,ERA5 - Bangalore (Mild Summer)
0.0,35.0,26.8,911.8,14.8,0.0,18,0,0,ERA5 - Bangalore (Mild Summer)
0.0,36.0,26.5,911.2,15.0,0.0,19,0,0,ERA5 - Bangalore (Mild Summer)
0.0,40.0,25.7,910.9,13.2,0.0,20,0,0,ERA5 - Bangalore (Mild Summer)
0.0,47.0,24.4,910.1,9.7,0.0,21,0,0,ERA5 - Bangalore (Mild Summer)
0.0,52.0,23.5,909.6,9.2,0.0,22,0,0,ERA5 - Bangalore (Mild Summer)
0.0,55.0,22.9,909.7,7.8,0.0,23,0,0,ERA5 - Bangalore (Mild Summer)
0.0,53.0,22.4,910.4,7.6,0.0,0,0,0,ERA5 - Bangalore (Mild Summer)
0.0,55.0,22.9,911.1,5.5,0.0,1,0,0,ERA5 - Bangalore (Mild Summer)
0.0,51.0,25.2,913.0,7.4,0.0,2,0,0,ERA5 - Bangalore (Mild Summer)
0.0,53.0,27.5,914.1,10.2,0.0,3,0,0,ERA5 - Bangalore (Mild Summer)
0.0,40.0,30.1,914.8,11.0,0.0,4,0,0,ERA5 - Bangalore (Mild Summer)
0.0,28.0,32.6,914.5,10.2,0.0,5,0,0,ERA5 - Bangalore (Mild Summer)
0.0,21.0,34.6,914.0,11.3,0.0,6,0,0,ERA5 - Bangalore (Mild Summer)
0.0,14.0,36.4,913.2,12.3,0.0,7,0,0,ERA5 - Bangalore (Mild Summer)
0.0,12.0,37.0,912.1,15.4,0.0,8,0,0,ERA5 - Bangalore (Mild Summer)
0.0,12.0,37.1,911.1,17.0,0.0,9,0,0,ERA5 - Bangalore (Mild Summer)
0.0,12.0,36.8,910.5,15.1,0.0,10,0,0,ERA5 - Bangalore (Mild Summer)
0.0,13.0,36.0,910.2,12.8,0.0,11,0,0,ERA5 - Bangalore (Mild Summer)
0.0,14.0,35.0,910.1,14.3,0.0,12,0,0,ERA5 - Bangalore (Mild Summer)
0.0,17.0,31.9,910.2,9.5,0.0,13,0,0,ERA5 - Bangalore (Mild Summer)
0.0,19.0,30.1,910.6,11.8,0.0,14,0,0,ERA5 - Bangalore (Mild Summer)
0.0,20.0,29.3,911.1,13.8,0.0,15,0,0,ERA5 - Bangalore (Mild Summer)
0.0,23.0,28.2,911.8,17.5,0.0,16,0,0,ERA5 - Bangalore (Mild Summer)
0.0,27.0,27.4,912.3,17.9,0.0,17,0,0,ERA5 - Bangalore (Mild Summer)
0.0,30.0,26.9,912.0,16.3,0.0,18,0,0,ERA5 - Bangalore (Mild Summer)
0.0,33.0,26.2,911.7,12.3,0.0,19,0,0,ERA5 - Bangalore (Mild Summer)
0.0,36.0,25.3,911.1,9.7,0.0,20,0,0,ERA5 - Bangalore (Mild Summer)
0.0,38.0,24.1,910.5,8.2,0.0,21,0,0,ERA5 - Bangalore (Mild Summer)
0.0,42.0,23.0,910.0,5.9,0.0,22,0,0,ERA5 - Bangalore (Mild Summer)
0.0,50.0,21.8,909.7,8.4,0.0,23,0,0,ERA5 - Bangalore (Mild Summer)
0.0,53.0,21.6,910.2,5.6,0.0,0,0,0,ERA5 - Bangalore (Mild Summer)
0.0,58.0,22.6,911.0,5.0,0.0,1,0,0,ERA5 - Bangalore (Mild Summer)
0.0,52.0,25.1,912.8,4.5,0.0,2,0,0,ERA5 - Bangalore (Mild Summer)
0.0,46.0,28.3,914.1,5.0,0.0,3,0,0,ERA5 - Bangalore (Mild Summer)
0.0,34.0,30.7,914.9,4.6,0.0,4,0,0,ERA5 - Bangalore (Mild Summer)
0.0,26.0,32.7,914.9,2.2,0.0,5,0,0,ERA5 - Bangalore (Mild Summer)
0.0,20.0,34.4,914.6,4.0,0.0,6,0,0,ERA5 - Bangalore (Mild Summer)
0.0,15.0,36.1,914.0,8.1,0.0,7,0,0,ERA5 - Bangalore (Mild Summer)
0.0,13.0,36.9,913.0,14.2,0.0,8,0,0,ERA5 - Bangalore (Mild Summer)
0.0,11.0,37.0,912.3,17.1,0.0,9,0,0,ERA5 - Bangalore (Mild Summer)
0.0,11.0,36.6,911.4,17.3,0.0,10,0,0,ERA5 - Bangalore (Mild Summer)
0.0,11.0,36.1,911.2,15.2,0.0,11,0,0,ERA5 - Bangalore (Mild Summer)
0.0,13.0,34.7,911.1,15.8,0.0,12,0,0,ERA5 - Bangalore (Mild Summer)
0.0,17.0,31.8,911.9,11.9,0.0,13,0,0,ERA5 - Bangalore (Mild Summer)
0.0,19.0,30.2,912.5,15.5,0.0,14,0,0,ERA5 - Bangalore (Mild Summer)
0.0,25.0,28.8,913.0,18.2,0.0,15,0,0,ERA5 - Bangalore (Mild Summer)
0.0,33.0,27.8,913.2,20.3,0.0,16,0,0,ERA5 - Bangalore (Mild Summer)
0.0,40.0,26.9,913.3,19.5,0.0,17,0,0,ERA5 - Bangalore (Mild Summer)
0.0,45.0,26.1,913.0,19.8,0.0,18,0,0,ERA5 - Bangalore (Mild Summer)
0.0,48.0,25.2,912.5,18.2,0.0,19,0,0,ERA5 - Bangalore (Mild Summer)
0.0,54.0,24.2,912.0,17.4,0.0,20,0,0,ERA5 - Bangalore (Mild Summer)
0.0,58.0,23.2,911.3,15.7,0.0,21,0,0,ERA5 - Bangalore (Mild Summer)
0.0,52.0,22.5,910.9,14.3,0.0,22,0,0,ERA5 - Bangalore (Mild Summer)
0.0,48.0,21.9,910.9,12.8,0.0,23,0,0,ERA5 - Bangalore (Mild Summer)
0.0,51.0,21.5,911.2,12.3,0.0,0,0,0,ERA5 - Bangalore (Mild Summer)
0.0,63.0,21.5,912.4,12.2,0.0,1,0,0,ERA5 - Bangalore (Mild Summer)
0.0,58.0,23.4,913.8,13.0,0.0,2,0,0,ERA5 - Bangalore (Mild Summer)
0.0,42.0,26.7,915.0,15.5,0.0,3,0,0,ERA5 - Bangalore (Mild Summer)
0.0,29.0,29.4,915.5,16.5,0.0,4,0,0,ERA5 - Bangalore (Mild Summer)
0.0,25.0,31.5,915.7,15.8,0.0,5,0,0,ERA5 - Bangalore (Mild Summer)
0.0,23.0,33.1,915.4,15.6,0.0,6,0,0,ERA5 - Bangalore (Mild Summer)
0.0,22.0,34.2,914.6,14.9,0.0,7,0,0,ERA5 - Bangalore (Mild Summer)
0.0,20.0,35.0,913.8,14.9,0.0,8,0,0,ERA5 - Bangalore (Mild Summer)
0.0,19.0,35.4,912.8,14.8,0.0,9,0,0,ERA5 - Bangalore (Mild Summer)
0.0,19.0,35.3,911.9,15.9,0.0,10,0,0,ERA5 - Bangalore (Mild Summer)
0.0,20.0,34.7,911.4,16.5,0.0,11,0,0,ERA5 - Bangalore (Mild Summer)
0.0,23.0,33.6,911.4,15.6,0.0,12,0,0,ERA5 - Bangalore (Mild Summer)
0.0,31.0,30.7,911.8,11.2,0.0,13,0,0,ERA5 - Bangalore (Mild Summer)
0.0,35.0,29.4,912.3,12.7,0.0,14,0,0,ERA5 - Bangalore (Mild Summer)
0.0,39.0,28.4,913.2,16.3,0.0,15,0,0,ERA5 - Bangalore (Mild Summer)
0.0,44.0,27.7,914.0,17.8,0.0,16,0,0,ERA5 - Bangalore (Mild Summer)
0.0,48.0,26.8,914.4,14.6,0.0,17,0,0,ERA5 - Bangalore (Mild Summer)
0.0,52.0,25.9,914.0,15.9,0.0,18,0,0,ERA5 - Bangalore (Mild Summer)
0.0,57.0,24.8,913.4,17.9,0.0,19,0,0,ERA5 - Bangalore (Mild Summer)
0.0,62.0,23.7,912.5,17.6,0.0,20,0,0,ERA5 - Bangalore (Mild Summer)
0.0,68.0,22.8,911.7,15.2,0.0,21,0,0,ERA5 - Bangalore (Mild Summer)
0.0,73.0,21.9,911.2,14.3,0.0,22,0,0,ERA5 - Bangalore (Mild Summer)
0.0,77.0,21.2,911.1,13.6,0.0,23,0,0,ERA5 - Bangalore (Mild Summer)
0.0,80.0,20.7,911.4,14.4,0.0,0,0,0,ERA5 - Bangalore (Mild Summer)
0.0,86.0,20.9,912.6,14.3,0.0,1,0,0,ERA5 - Bangalore (Mild Summer)
0.0,76.0,22.8,913.8,12.9,0.0,2,0,0,ERA5 - Bangalore (Mild Summer)
0.0,52.0,26.5,915.4,12.8,0.0,3,0,0,ERA5 - Bangalore (Mild Summer)
0.0,33.0,29.6,916.0,13.7,0.0,4,0,0,ERA5 - Bangalore (Mild Summer)
0.0,26.0,31.7,915.8,14.6,0.0,5,0,0,ERA5 - Bangalore (Mild Summer)
0.0,20.0,33.5,915.4,15.2,0.0,6,0,0,ERA5 - Bangalore (Mild Summer)
0.0,18.0,34.6,914.7,15.5,0.0,7,0,0,ERA5 - Bangalore (Mild Summer)
0.0,18.0,35.4,913.7,15.5,0.0,8,0,0,ERA5 - Bangalore (Mild Summer)
0.0,17.0,35.6,912.7,16.1,0.0,9,0,0,ERA5 - Bangalore (Mild Summer)
0.0,17.0,35.4,911.7,16.7,0.0,10,0,0,ERA5 - Bangalore (Mild Summer)
0.0,18.0,34.8,911.2,17.0,0.0,11,0,0,ERA5 - Bangalore (Mild Summer)
0.0,22.0,33.4,911.1,16.5,0.0,12,0,0,ERA5 - Bangalore (Mild Summer)
0.0,30.0,30.8,911.9,13.6,0.0,13,0,0,ERA5 - Bangalore (Mild Summer)
0.0,34.0,29.6,912.2,14.1,0.0,14,0,0,ERA5 - Bangalore (Mild Summer)
0.0,39.0,28.7,913.0,16.4,0.0,15,0,0,ERA5 - Bangalore (Mild Summer)
0.0,44.0,27.8,913.3,16.0,0.0,16,0,0,ERA5 - Bangalore (Mild Summer)
0.0,48.0,27.0,913.9,15.8,0.0,17,0,0,ERA5 - Bangalore (Mild Summer)
0.0,55.0,25.9,913.6,18.1,0.0,18,0,0,ERA5 - Bangalore (Mild Summer)
0.0,68.0,24.5,913.0,18.8,0.0,19,0,0,ERA5 - Bangalore (Mild Summer)
0.0,75.0,23.6,912.5,16.9,0.0,20,0,0,ERA5 - Bangalore (Mild Summer)
0.0,80.0,22.8,911.9,14.3,0.0,21,0,0,ERA5 - Bangalore (Mild Summer)
0.0,83.0,22.2,911.6,12.7,0.0,22,0,0,ERA5 - Bangalore (Mild Summer)
0.0,88.0,21.4,911.5,10.5,0.0,23,0,0,ERA5 - Bangalore (Mild Summer)
0.0,94.0,19.2,1010.9,4.8,0.0,0,0,0,ERA5 - Chennai (Winter)
0.0,93.0,19.3,1011.3,6.6,0.0,1,0,0,ERA5 - Chennai (Winter)
0.0,92.0,19.7,1012.3,8.4,0.0,2,0,0,ERA5 - Chennai (Winter)
0.0,84.0,22.2,1013.2,7.6,0.0,3,0,0,ERA5 - Chennai (Winter)
0.0,68.0,25.0,1013.6,5.1,0.0,4,0,0,ERA5 - Chennai (Winter)
0.0,60.0,26.2,1013.1,5.9,0.0,5,0,0,ERA5 - Chennai (Winter)
0.0,59.0,26.9,1012.2,8.3,0.0,6,0,0,ERA5 - Chennai (Winter)
0.0,57.0,27.3,1011.1,10.2,0.0,7,0,0,ERA5 - Chennai (Winter)
0.0,57.0,27.3,1010.2,10.8,0.0,8,0,0,ERA5 - Chennai (Winter)
0.0,57.0,27.0,1009.4,10.8,0.0,9,0,0,ERA5 - Chennai (Winter)
0.0,56.0,26.5,1009.0,11.2,0.0,10,0,0,ERA5 - Chennai (Winter)
0.0,55.0,25.9,1009.1,10.8,0.0,11,0,0,ERA5 - Chennai (Winter)
0.0,62.0,24.8,1009.7,8.4,0.0,12,0,0,ERA5 - Chennai (Winter)
0.0,70.0,23.4,1010.2,6.6,0.0,13,0,0,ERA5 - Chennai (Winter)
0.0,73.0,22.7,1011.0,6.5,0.0,14,0,0,ERA5 - Chennai (Winter)
0.0,74.0,22.7,1012.1,7.6,0.0,15,0,0,ERA5 - Chennai (Winter)
0.0,76.0,22.5,1012.3,7.9,0.0,16,0,0,ERA5 - Chennai (Winter)
0.0,79.0,21.9,1012.2,6.8,0.0,17,0,0,ERA5 - Chennai (Winter)
0.0,87.0,20.4,1011.9,9.7,0.0,18,0,0,ERA5 - Chennai (Winter)
0.0,87.0,20.4,1011.4,9.3,0.0,19,0,0,ERA5 - Chennai (Winter)
0.0,86.0,20.8,1011.0,7.3,0.0,20,0,0,ERA5 - Chennai (Winter)
0.0,87.0,20.9,1010.4,6.1,0.0,21,0,0,ERA5 - Chennai (Winter)
0.0,93.0,19.2,1010.1,6.3,0.0,22,0,0,ERA5 - Chennai (Winter)
0.0,94.0,18.2,1010.3,5.7,0.0,23,0,0,ERA5 - Chennai (Winter)
0.0,89.0,19.9,1011.0,9.3,0.0,0,0,0,ERA5 - Chennai (Winter)
0.0,88.0,19.9,1011.7,11.0,0.0,1,0,0,ERA5 - Chennai (Winter)
0.0,84.0,20.9,1012.6,9.8,0.0,2,0,0,ERA5 - Chennai (Winter)
0.0,76.0,23.4,1013.6,8.7,0.0,3,0,0,ERA5 - Chennai (Winter)
0.0,63.0,25.4,1014.1,9.2,0.0,4,0,0,ERA5 - Chennai (Winter)
0.0,58.0,26.6,1013.7,10.6,0.0,5,0,0,ERA5 - Chennai (Winter)
0.0,53.0,27.3,1013.0,13.1,0.0,6,0,0,ERA5 - Chennai (Winter)
0.0,53.0,27.4,1012.1,14.5,0.0,7,0,0,ERA5 - Chennai (Winter)
0.0,56.0,27.4,1011.2,14.5,0.0,8,0,0,ERA5 - Chennai (Winter)
0.0,58.0,27.1,1010.4,15.3,0.0,9,0,0,ERA5 - Chennai (Winter)
0.0,59.0,26.6,1010.1,15.6,0.0,10,0,0,ERA5 - Chennai (Winter)
0.0,59.0,25.9,1010.1,15.0,0.0,11,0,0,ERA5 - Chennai (Winter)
0.0,64.0,25.4,1010.7,12.9,0.0,12,0,0,ERA5 - Chennai (Winter)
0.0,68.0,24.6,1011.4,9.8,0.0,13,0,0,ERA5 - Chennai (Winter)
0.0,72.0,24.0,1012.2,10.0,0.0,14,0,0,ERA5 - Chennai (Winter)
0.0,74.0,23.5,1013.0,8.6,0.0,15,0,0,ERA5 - Chennai (Winter)
0.0,77.0,23.2,1013.3,7.6,0.0,16,0,0,ERA5 - Chennai (Winter)
0.0,77.0,23.3,1013.3,7.2,0.0,17,0,0,ERA5 - Chennai (Winter)
0.0,77.0,23.3,1012.9,7.6,0.0,18,0,0,ERA5 - Chennai (Winter)
0.0,79.0,23.1,1012.3,7.7,0.0,19,0,0,ERA5 - Chennai (Winter)
0.0,86.0,21.9,1011.4,6.2,0.0,20,0,0,ERA5 - Chennai (Winter)
0.0,89.0,20.8,1010.7,8.9,0.0,21,0,0,ERA5 - Chennai (Winter)
0.0,81.0,22.8,1010.3,2.9,0.0,22,0,0,ERA5 - Chennai (Winter)
0.0,85.0,22.0,1010.4,3.4,0.0,23,0,0,ERA5 - Chennai (Winter)
0.0,91.0,20.7,1011.0,4.5,0.0,0,0,0,ERA5 - Chennai (Winter)
0.0,94.0,20.2,1011.6,3.8,0.0,1,0,0,ERA5 - Chennai (Winter)
0.0,87.0,21.7,1012.7,6.3,0.0,2,0,0,ERA5 - Chennai (Winter)
0.1,78.0,23.9,1014.0,3.8,0.0,3,0,0,ERA5 - Chennai (Winter)
0.1,68.0,25.7,1015.0,7.9,0.0,4,0,0,ERA5 - Chennai (Winter)
0.0,56.0,27.1,1014.8,11.1,0.0,5,0,0,ERA5 - Chennai (Winter)
0.0,51.0,27.8,1014.4,11.2,0.0,6,0,0,ERA5 - Chennai (Winter)
0.0,51.0,27.9,1013.5,11.6,0.0,7,0,0,ERA5 - Chennai (Winter)
0.0,51.0,28.1,1012.5,12.0,0.0,8,0,0,ERA5 - Chennai (Winter)
0.0,51.0,27.9,1011.5,11.9,0.0,9,0,0,ERA5 - Chennai (Winter)
0.0,54.0,27.3,1011.2,12.3,0.0,10,0,0,ERA5 - Chennai (Winter)
0.0,56.0,26.8,1011.1,11.9,0.0,11,0,0,ERA5 - Chennai (Winter)
0.0,61.0,25.9,1011.8,10.2,0.0,12,0,0,ERA5 - Chennai (Winter)
0.0,65.0,25.0,1012.3,6.6,0.0,13,0,0,ERA5 - Chennai (Winter)
0.0,69.0,24.3,1013.1,5.8,0.0,14,0,0,ERA5 - Chennai (Winter)
0.0,70.0,23.9,1013.9,6.6,0.0,15,0,0,ERA5 - Chennai (Winter)
0.0,71.0,23.7,1014.2,6.6,0.0,16,0,0,ERA5 - Chennai (Winter)
0.0,70.0,23.7,1013.9,7.2,0.0,17,0,0,ERA5 - Chennai (Winter)
0.0,70.0,23.7,1013.7,7.2,0.0,18,0,0,ERA5 - Chennai (Winter)
0.0,75.0,22.3,1013.3,8.3,0.0,19,0,0,ERA5 - Chennai (Winter)
0.0,78.0,21.7,1012.9,9.0,0.0,20,0,0,ERA5 - Chennai (Winter)
0.0,79.0,21.3,1012.5,9.3,0.0,21,0,0,ERA5 - Chennai (Winter)
0.0,76.0,21.6,1012.2,8.2,0.0,22,0,0,ERA5 - Chennai (Winter)
0.0,63.0,23.9,1012.2,3.6,0.0,23,0,0,ERA5 - Chennai (Winter)
0.0,89.0,20.0,1012.8,4.5,0.0,0,0,0,ERA5 - Chennai (Winter)
0.0,89.0,20.2,1013.4,4.3,0.0,1,0,0,ERA5 - Chennai (Winter)
0.0,86.0,21.1,1014.6,9.2,0.0,2,0,0,ERA5 - Chennai (Winter)
0.0,75.0,23.9,1015.8,7.4,0.0,3,0,0,ERA5 - Chennai (Winter)
0.0,60.0,26.6,1016.4,6.1,0.0,4,0,0,ERA5 - Chennai (Winter)
0.0,47.0,28.0,1016.2,12.8,0.0,5,0,0,ERA5 - Chennai (Winter)
0.0,51.0,27.9,1016.0,14.4,0.0,6,0,0,ERA5 - Chennai (Winter)
0.0,54.0,27.4,1015.1,13.0,0.0,7,0,0,ERA5 - Chennai (Winter)
0.0,47.0,28.3,1013.9,10.8,0.0,8,0,0,ERA5 - Chennai (Winter)
0.0,46.0,28.4,1012.6,11.2,0.0,9,0,0,ERA5 - Chennai (Winter)
0.0,54.0,27.6,1012.2,15.4,0.0,10,0,0,ERA5 - Chennai (Winter)
0.0,55.0,27.0,1012.0,13.8,0.0,11,0,0,ERA5 - Chennai (Winter)
0.0,64.0,25.8,1012.4,12.7,0.0,12,0,0,ERA5 - Chennai (Winter)
0.0,67.0,24.8,1012.9,7.2,0.0,13,0,0,ERA5 - Chennai (Winter)
0.0,69.0,23.9,1014.0,6.2,0.0,14,0,0,ERA5 - Chennai (Winter)
0.0,69.0,23.3,1015.1,6.5,0.0,15,0,0,ERA5 - Chennai (Winter)
0.0,66.0,23.8,1015.6,7.6,0.0,16,0,0,ERA5 - Chennai (Winter)
0.0,67.0,23.6,1015.7,7.6,0.0,17,0,0,ERA5 - Chennai (Winter)
0.0,74.0,22.4,1015.2,8.4,0.0,18,0,0,ERA5 - Chennai (Winter)
0.0,74.0,22.3,1014.5,8.4,0.0,19,0,0,ERA5 - Chennai (Winter)
0.0,75.0,22.0,1013.9,7.7,0.0,20,0,0,ERA5 - Chennai (Winter)
0.0,81.0,20.9,1013.0,7.9,0.0,21,0,0,ERA5 - Chennai (Winter)
0.0,84.0,20.5,1012.4,7.3,0.0,22,0,0,ERA5 - Chennai (Winter)
0.0,90.0,19.5,1012.4,7.6,0.0,23,0,0,ERA5 - Chennai (Winter)
0.0,86.0,20.5,1013.4,6.8,0.0,0,0,0,ERA5 - Chennai (Winter)
0.0,84.0,20.6,1014.3,7.9,0.0,1,0,0,ERA5 - Chennai (Winter)
0.0,80.0,21.7,1015.2,8.5,0.0,2,0,0,ERA5 - Chennai (Winter)
0.0,70.0,24.4,1015.8,5.5,0.0,3,0,0,ERA5 - Chennai (Winter)
0.0,55.0,26.7,1016.2,6.8,0.0,4,0,0,ERA5 - Chennai (Winter)
0.0,49.0,27.7,1016.0,12.0,0.0,5,0,0,ERA5 - Chennai (Winter)
0.0,49.0,28.0,1015.4,13.7,0.0,6,0,0,ERA5 - Chennai (Winter)
0.0,48.0,28.3,1014.2,13.7,0.0,7,0,0,ERA5 - Chennai (Winter)
0.0,48.0,28.4,1013.1,14.9,0.0,8,0,0,ERA5 - Chennai (Winter)
0.0,48.0,28.1,1012.2,14.7,0.0,9,0,0,ERA5 - Chennai (Winter)
0.0,48.0,27.6,1011.9,14.3,0.0,10,0,0,ERA5 - Chennai (Winter)
0.0,50.0,27.1,1012.0,14.0,0.0,11,0,0,ERA5 - Chennai (Winter)
0.0,57.0,26.2,1012.4,12.1,0.0,12,0,0,ERA5 - Chennai (Winter)
0.0,61.0,24.8,1012.8,6.9,0.0,13,0,0,ERA5 - Chennai (Winter)
0.0,65.0,24.1,1013.6,5.7,0.0,14,0,0,ERA5 - Chennai (Winter)
0.0,66.0,24.5,1014.3,8.6,0.0,15,0,0,ERA5 - Chennai (Winter)
0.0,68.0,24.5,1014.6,9.3,0.0,16,0,0,ERA5 - Chennai (Winter)
0.0,66.0,24.8,1014.3,10.5,0.0,17,0,0,ERA5 - Chennai (Winter)
0.0,62.0,25.1,1013.9,10.9,0.0,18,0,0,ERA5 - Chennai (Winter)
0.0,62.0,25.2,1013.5,12.2,0.0,19,0,0,ERA5 - Chennai (Winter)
0.0,64.0,25.0,1012.6,11.5,0.0,20,0,0,ERA5 - Chennai (Winter)
0.0,66.0,24.8,1011.9,12.6,0.0,21,0,0,ERA5 - Chennai (Winter)
0.0,70.0,24.5,1011.7,11.2,0.0,22,0,0,ERA5 - Chennai (Winter)
0.0,71.0,24.4,1011.7,9.7,0.0,23,0,0,ERA5 - Chennai (Winter)
0.0,88.0,22.0,1012.2,6.5,0.0,0,0,0,ERA5 - Chennai (Winter)
0.2,85.0,22.7,1013.0,4.2,0.0,1,0,0,ERA5 - Chennai (Winter)
0.3,87.0,23.4,1014.2,6.2,0.0,2,0,0,ERA5 - Chennai (Winter)
0.3,84.0,24.4,1015.1,6.0,0.0,3,0,0,ERA5 - Chennai (Winter)
0.1,75.0,25.9,1015.5,10.2,0.0,4,0,0,ERA5 - Chennai (Winter)
0.2,71.0,26.5,1015.2,16.0,0.0,5,0,0,ERA5 - Chennai (Winter)
0.3,71.0,26.5,1014.5,17.2,0.0,6,0,0,ERA5 - Chennai (Winter)
0.5,69.0,26.9,1013.5,17.4,0.0,7,0,0,ERA5 - Chennai (Winter)
0.4,66.0,27.4,1012.5,18.0,0.0,8,0,0,ERA5 - Chennai (Winter)
0.5,68.0,27.0,1011.6,16.3,0.0,9,0,0,ERA5 - Chennai (Winter)
0.2,69.0,26.6,1011.4,15.0,0.0,10,0,0,ERA5 - Chennai (Winter)
0.1,65.0,27.1,1011.3,12.3,0.0,11,0,0,ERA5 - Chennai (Winter)
0.0,67.0,26.4,1011.6,10.3,0.0,12,0,0,ERA5 - Chennai (Winter)
0.0,72.0,25.4,1012.2,8.4,0.0,13,0,0,ERA5 - Chennai (Winter)
0.0,79.0,24.7,1013.1,9.6,0.0,14,0,0,ERA5 - Chennai (Winter)
0.0,84.0,24.3,1014.0,6.3,0.0,15,0,0,ERA5 - Chennai (Winter)
0.0,86.0,23.9,1014.3,7.6,0.0,16,0,0,ERA5 - Chennai (Winter)
0.1,85.0,23.9,1014.1,11.0,0.0,17,0,0,ERA5 - Chennai (Winter)
0.0,84.0,24.0,1013.8,10.7,0.0,18,0,0,ERA5 - Chennai (Winter)
0.0,85.0,23.8,1013.4,11.8,0.0,19,0,0,ERA5 - Chennai (Winter)
0.4,89.0,23.0,1012.9,10.9,0.0,20,0,0,ERA5 - Chennai (Winter)
0.3,90.0,23.0,1012.2,7.4,0.0,21,0,0,ERA5 - Chennai (Winter)
0.0,90.0,22.8,1011.7,6.0,0.0,22,0,0,ERA5 - Chennai (Winter)
0.1,88.0,22.8,1011.6,6.5,0.0,23,0,0,ERA5 - Chennai (Winter)
0.0,95.0,23.7,1011.0,5.3,0.0,0,0,0,ERA5 - Chennai (Pre-Monsoon Spring)
0.0,94.0,24.0,1011.6,5.8,0.0,1,0,0,ERA5 - Chennai (Pre-Monsoon Spring)
0.0,88.0,25.3,1012.6,5.1,0.0,2,0,0,ERA5 - Chennai (Pre-Monsoon Spring)
0.0,75.0,27.4,1013.2,9.0,0.0,3,0,0,ERA5 - Chennai (Pre-Monsoon Spring)
0.0,63.0,28.9,1013.5,12.2,0.0,4,0,0,ERA5 - Chennai (Pre-Monsoon Spring)
0.0,60.0,29.6,1013.4,12.9,0.0,5,0,0,ERA5 - Chennai (Pre-Monsoon Spring)
0.0,59.0,29.8,1012.6,13.3,0.0,6,0,0,ERA5 - Chennai (Pre-Monsoon Spring)
0.0,56.0,30.2,1011.6,13.8,0.0,7,0,0,ERA5 - Chennai (Pre-Monsoon Spring)
0.0,53.0,30.4,1010.7,14.6,0.0,8,0,0,ERA5 - Chennai (Pre-Monsoon Spring)
0.0,54.0,30.1,1010.0,15.1,0.0,9,0,0,ERA5 - Chennai (Pre-Monsoon Spring)
0.0,56.0,29.7,1009.3,15.6,0.0,10,0,0,ERA5 - Chennai (Pre-Monsoon Spring)
0.0,62.0,28.7,1009.5,16.1,0.0,11,0,0,ERA5 - Chennai (Pre-Monsoon Spring)
0.0,64.0,28.0,1010.1,15.3,0.0,12,0,0,ERA5 - Chennai (Pre-Monsoon Spring)
0.0,72.0,26.9,1010.4,13.5,0.0,13,0,0,ERA5 - Chennai (Pre-Monsoon Spring)
0.0,77.0,26.3,1011.0,12.0,0.0,14,0,0,ERA5 - Chennai (Pre-Monsoon Spring)
0.0,80.0,25.8,1011.7,10.2,0.0,15,0,0,ERA5 - Chennai (Pre-Monsoon Spring)
0.0,81.0,25.6,1012.1,9.4,0.0,16,0,0,ERA5 - Chennai (Pre-Monsoon Spring)
0.0,82.0,25.4,1012.3,8.4,0.0,17,0,0,ERA5 - Chennai (Pre-Monsoon Spring)
0.0,85.0,24.9,1012.3,7.2,0.0,18,0,0,ERA5 - Chennai (Pre-Monsoon Spring)
0.0,88.0,24.4,1011.9,6.5,0.0,19,0,0,ERA5 - Chennai (Pre-Monsoon Spring)
0.0,90.0,24.1,1011.2,5.6,0.0,20,0,0,ERA5 - Chennai (Pre-Monsoon Spring)
0.0,91.0,23.7,1010.5,5.5,0.0,21,0,0,ERA5 - Chennai (Pre-Monsoon Spring)
0.0,92.0,23.5,1010.1,5.2,0.0,22,0,0,ERA5 - Chennai (Pre-Monsoon Spring)
0.0,93.0,22.8,1010.2,7.4,0.0,23,0,0,ERA5 - Chennai (Pre-Monsoon Spring)
0.0,92.0,23.6,1010.8,5.0,0.0,0,0,0,ERA5 - Chennai (Pre-Monsoon Spring)
0.0,90.0,24.0,1011.8,4.5,0.0,1,0,0,ERA5 - Chennai (Pre-Monsoon Spring)
0.0,80.0,26.0,1012.6,6.3,0.0,2,0,0,ERA5 - Chennai (Pre-Monsoon Spring)
0.0,66.0,28.0,1013.3,10.8,0.0,3,0,0,ERA5 - Chennai (Pre-Monsoon Spring)
0.0,59.0,29.3,1013.8,12.9,0.0,4,0,0,ERA5 - Chennai (Pre-Monsoon Spring)
0.0,54.0,30.1,1013.7,14.9,0.0,5,0,0,ERA5 - Chennai (Pre-Monsoon Spring)
0.0,53.0,30.3,1013.2,16.3,0.0,6,0,0,ERA5 - Chennai (Pre-Monsoon Spring)
0.0,51.0,30.5,1012.2,16.6,0.0,7,0,0,ERA5 - Chennai (Pre-Monsoon Spring)
0.0,51.0,30.4,1011.4,16.6,0.0,8,0,0,ERA5 - Chennai (Pre-Monsoon Spring)
0.0,51.0,30.1,1010.4,16.9,0.0,9,0,0,ERA5 - Chennai (Pre-Monsoon Spring)
0.0,56.0,29.4,1009.7,17.0,0.0,10,0,0,ERA5 - Chennai (Pre-Monsoon Spring)
0.0,58.0,28.6,1009.8,16.3,0.0,11,0,0,ERA5 - Chennai (Pre-Monsoon Spring)
0.0,77.0,27.1,1010.6,18.7,0.0,12,0,0,ERA5 - Chennai (Pre-Monsoon Spring)
0.0,79.0,26.7,1010.8,13.3,0.0,13,0,0,ERA5 - Chennai (Pre-Monsoon Spring)
0.0,75.0,27.1,1011.6,12.9,0.0,14,0,0,ERA5 - Chennai (Pre-Monsoon Spring)
0.0,75.0,27.0,1012.2,12.8,0.0,15,0,0,ERA5 - Chennai (Pre-Monsoon Spring)
0.0,76.0,26.9,1012.9,12.5,0.0,16,0,0,ERA5 - Chennai (Pre-Monsoon Spring)
0.0,77.0,26.6,1013.0,11.7,0.0,17,0,0,ERA5 - Chennai (Pre-Monsoon Spring)
0.0,80.0,26.2,1012.8,10.0,0.0,18,0,0,ERA5 - Chennai (Pre-Monsoon Spring)
0.0,83.0,25.6,1012.0,7.3,0.0,19,0,0,ERA5 - Chennai (Pre-Monsoon Spring)
0.0,87.0,24.6,1011.2,4.9,0.0,20,0,0,ERA5 - Chennai (Pre-Monsoon Spring)
0.0,92.0,23.8,1010.6,6.2,0.0,21,0,0,ERA5 - Chennai (Pre-Monsoon Spring)
0.0,93.0,23.6,1010.4,5.1,0.0,22,0,0,ERA5 - Chennai (Pre-Monsoon Spring)
0.0,95.0,23.1,1010.3,5.2,0.0,23,0,0,ERA5 - Chennai (Pre-Monsoon Spring)
0.0,93.0,23.9,1011.2,5.8,0.0,0,0,0,ERA5 - Chennai (Pre-Monsoon Spring)
0.0,92.0,23.9,1011.9,5.8,0.0,1,0,0,ERA5 - Chennai (Pre-Monsoon Spring)
0.0,84.0,25.6,1012.8,6.0,0.0,2,0,0,ERA5 - Chennai (Pre-Monsoon Spring)
0.0,72.0,27.8,1013.4,7.9,0.0,3,0,0,ERA5 - Chennai (Pre-Monsoon Spring)
0.0,64.0,29.3,1013.9,11.2,0.0,4,0,0,ERA5 - Chennai (Pre-Monsoon Spring)
0.0,59.0,30.2,1013.5,14.3,0.0,5,0,0,ERA5 - Chennai (Pre-Monsoon Spring)
0.0,57.0,30.6,1012.9,16.1,0.0,6,0,0,ERA5 - Chennai (Pre-Monsoon Spring)
0.0,56.0,30.8,1011.9,16.9,0.0,7,0,0,ERA5 - Chennai (Pre-Monsoon Spring)
0.0,56.0,30.7,1010.9,17.9,0.0,8,0,0,ERA5 - Chennai (Pre-Monsoon Spring)
0.0,58.0,30.4,1010.0,18.4,0.0,9,0,0,ERA5 - Chennai (Pre-Monsoon Spring)
0.0,62.0,29.7,1009.4,18.4,0.0,10,0,0,ERA5 - Chennai (Pre-Monsoon Spring)
0.0,66.0,28.9,1009.4,17.9,0.0,11,0,0,ERA5 - Chennai (Pre-Monsoon Spring)
0.0,73.0,28.3,1009.6,16.6,0.0,12,0,0,ERA5 - Chennai (Pre-Monsoon Spring)
0.0,80.0,27.1,1009.9,15.3,0.0,13,0,0,ERA5 - Chennai (Pre-Monsoon Spring)
0.0,83.0,26.7,1010.5,13.5,0.0,14,0,0,ERA5 - Chennai (Pre-Monsoon Spring)
0.0,86.0,26.4,1011.4,11.5,0.0,15,0,0,ERA5 - Chennai (Pre-Monsoon Spring)
0.0,87.0,26.2,1012.1,10.2,0.0,16,0,0,ERA5 - Chennai (Pre-Monsoon Spring)
0.0,89.0,25.9,1012.1,8.2,0.0,17,0,0,ERA5 - Chennai (Pre-Monsoon Spring)
0.0,93.0,25.3,1012.1,6.2,0.0,18,0,0,ERA5 - Chennai (Pre-Monsoon Spring)
0.0,95.0,24.7,1011.5,5.1,0.0,19,0,0,ERA5 - Chennai (Pre-Monsoon Spring)
0.0,97.0,23.8,1010.9,6.5,0.0,20,0,0,ERA5 - Chennai (Pre-Monsoon Spring)
0.0,97.0,24.2,1010.1,4.8,0.0,21,0,0,ERA5 - Chennai (Pre-Monsoon Spring)
0.0,97.0,23.9,1009.8,4.9,0.0,22,0,0,ERA5 - Chennai (Pre-Monsoon Spring)
0.0,98.0,23.9,1009.6,4.6,0.0,23,0,0,ERA5 - Chennai (Pre-Monsoon Spring)
0.0,98.0,24.3,1010.1,4.8,0.0,0,0,0,ERA5 - Chennai (Pre-Monsoon Spring)
0.0,99.0,24.3,1010.8,5.8,0.0,1,0,0,ERA5 - Chennai (Pre-Monsoon Spring)
0.0,96.0,25.0,1011.5,6.6,0.0,2,0,0,ERA5 - Chennai (Pre-Monsoon Spring)
0.0,81.0,27.3,1012.1,6.3,0.0,3,0,0,ERA5 - Chennai (Pre-Monsoon Spring)
0.0,68.0,29.2,1012.3,7.3,0.0,4,0,0,ERA5 - Chennai (Pre-Monsoon Spring)
0.0,60.0,30.5,1012.1,9.9,0.0,5,0,0,ERA5 - Chennai (Pre-Monsoon Spring)
0.0,54.0,31.4,1011.5,11.6,0.0,6,0,0,ERA5 - Chennai (Pre-Monsoon Spring)
0.0,50.0,31.8,1010.5,13.4,0.0,7,0,0,ERA5 - Chennai (Pre-Monsoon Spring)
0.0,51.0,31.6,1009.7,15.0,0.0,8,0,0,ERA5 - Chennai (Pre-Monsoon Spring)
0.0,55.0,31.0,1009.0,14.9,0.0,9,0,0,ERA5 - Chennai (Pre-Monsoon Spring)
0.0,58.0,30.4,1008.4,14.7,0.0,10,0,0,ERA5 - Chennai (Pre-Monsoon Spring)
0.0,62.0,29.6,1008.3,13.6,0.0,11,0,0,ERA5 - Chennai (Pre-Monsoon Spring)
0.0,66.0,28.7,1008.6,14.3,0.0,12,0,0,ERA5 - Chennai (Pre-Monsoon Spring)
0.0,77.0,27.2,1008.7,12.0,0.0,13,0,0,ERA5 - Chennai (Pre-Monsoon Spring)
0.0,82.0,26.6,1009.5,9.7,0.0,14,0,0,ERA5 - Chennai (Pre-Monsoon Spring)
0.0,85.0,26.2,1010.0,9.6,0.0,15,0,0,ERA5 - Chennai (Pre-Monsoon Spring)
0.0,87.0,25.9,1010.5,8.4,0.0,16,0,0,ERA5 - Chennai (Pre-Monsoon Spring)
0.0,90.0,25.6,1010.6,7.9,0.0,17,0,0,ERA5 - Chennai (Pre-Monsoon Spring)
0.0,92.0,25.4,1010.2,7.9,0.0,18,0,0,ERA5 - Chennai (Pre-Monsoon Spring)
0.0,94.0,25.1,1009.7,6.4,0.0,19,0,0,ERA5 - Chennai (Pre-Monsoon Spring)
0.0,94.0,24.9,1009.0,6.1,0.0,20,0,0,ERA5 - Chennai (Pre-Monsoon Spring)
0.0,95.0,24.3,1008.6,5.1,0.0,21,0,0,ERA5 - Chennai (Pre-Monsoon Spring)
0.0,96.0,23.5,1008.4,7.2,0.0,22,0,0,ERA5 - Chennai (Pre-Monsoon Spring)
0.0,97.0,23.6,1008.3,5.4,0.0,23,0,0,ERA5 - Chennai (Pre-Monsoon Spring)
0.0,99.0,23.4,1009.0,3.2,0.0,0,0,0,ERA5 - Chennai (Pre-Monsoon Spring)
0.0,97.0,23.8,1009.9,1.8,0.0,1,0,0,ERA5 - Chennai (Pre-Monsoon Spring)
0.0,95.0,24.9,1010.7,3.6,0.0,2,0,0,ERA5 - Chennai (Pre-Monsoon Spring)
0.0,84.0,26.6,1011.0,1.9,0.0,3,0,0,ERA5 - Chennai (Pre-Monsoon Spring)
0.0,67.0,28.9,1011.0,4.0,0.0,4,0,0,ERA5 - Chennai (Pre-Monsoon Spring)
0.0,56.0,30.4,1010.9,8.6,0.0,5,0,0,ERA5 - Chennai (Pre-Monsoon Spring)
0.0,51.0,31.1,1010.0,11.3,0.0,6,0,0,ERA5 - Chennai (Pre-Monsoon Spring)
0.0,51.0,31.2,1008.9,12.8,0.0,7,0,0,ERA5 - Chennai (Pre-Monsoon Spring)
0.0,55.0,31.0,1008.0,12.7,0.0,8,0,0,ERA5 - Chennai (Pre-Monsoon Spring)
0.0,58.0,30.6,1006.9,13.2,0.0,9,0,0,ERA5 - Chennai (Pre-Monsoon Spring)
0.0,62.0,29.8,1006.5,11.5,0.0,10,0,0,ERA5 - Chennai (Pre-Monsoon Spring)
0.0,65.0,29.1,1006.5,11.8,0.0,11,0,0,ERA5 - Chennai (Pre-Monsoon Spring)
0.0,73.0,28.4,1006.6,11.3,0.0,12,0,0,ERA5 - Chennai (Pre-Monsoon Spring)
0.0,80.0,27.3,1007.5,10.2,0.0,13,0,0,ERA5 - Chennai (Pre-Monsoon Spring)
0.0,81.0,27.1,1008.3,11.5,0.0,14,0,0,ERA5 - Chennai (Pre-Monsoon Spring)
0.0,83.0,26.9,1008.7,12.7,0.0,15,0,0,ERA5 - Chennai (Pre-Monsoon Spring)
0.0,83.0,26.8,1009.0,14.0,0.0,16,0,0,ERA5 - Chennai (Pre-Monsoon Spring)
0.0,84.0,26.6,1009.0,13.4,0.0,17,0,0,ERA5 - Chennai (Pre-Monsoon Spring)
0.0,84.0,26.5,1008.8,12.6,0.0,18,0,0,ERA5 - Chennai (Pre-Monsoon Spring)
0.0,85.0,26.3,1008.4,11.2,0.0,19,0,0,ERA5 - Chennai (Pre-Monsoon Spring)
0.0,87.0,25.8,1007.8,7.7,0.0,20,0,0,ERA5 - Chennai (Pre-Monsoon Spring)
0.0,88.0,25.4,1007.1,7.7,0.0,21,0,0,ERA5 - Chennai (Pre-Monsoon Spring)
0.0,89.0,25.2,1006.9,6.1,0.0,22,0,0,ERA5 - Chennai (Pre-Monsoon Spring)
0.0,91.0,24.8,1007.0,4.8,0.0,23,0,0,ERA5 - Chennai (Pre-Monsoon Spring)
0.0,91.0,25.0,1007.7,6.6,0.0,0,0,0,ERA5 - Chennai (Pre-Monsoon Spring)
0.0,91.0,24.8,1008.2,5.8,0.0,1,0,0,ERA5 - Chennai (Pre-Monsoon Spring)
0.0,84.0,26.2,1008.7,6.5,0.0,2,0,0,ERA5 - Chennai (Pre-Monsoon Spring)
0.0,73.0,28.2,1009.4,9.4,0.0,3,0,0,ERA5 - Chennai (Pre-Monsoon Spring)
0.0,64.0,29.9,1010.2,11.8,0.0,4,0,0,ERA5 - Chennai (Pre-Monsoon Spring)
0.0,59.0,30.9,1010.0,14.4,0.0,5,0,0,ERA5 - Chennai (Pre-Monsoon Spring)
0.0,61.0,31.0,1009.2,17.9,0.0,6,0,0,ERA5 - Chennai (Pre-Monsoon Spring)
0.0,63.0,30.7,1008.5,18.4,0.0,7,0,0,ERA5 - Chennai (Pre-Monsoon Spring)
0.0,62.0,30.6,1007.8,18.2,0.0,8,0,0,ERA5 - Chennai (Pre-Monsoon Spring)
0.0,60.0,30.8,1007.0,18.6,0.0,9,0,0,ERA5 - Chennai (Pre-Monsoon Spring)
0.0,65.0,29.9,1006.3,16.8,0.0,10,0,0,ERA5 - Chennai (Pre-Monsoon Spring)
0.0,68.0,29.2,1006.2,15.3,0.0,11,0,0,ERA5 - Chennai (Pre-Monsoon Spring)
0.0,73.0,28.7,1006.9,13.6,0.0,12,0,0,ERA5 - Chennai (Pre-Monsoon Spring)
0.0,77.0,27.7,1007.5,14.3,0.0,13,0,0,ERA5 - Chennai (Pre-Monsoon Spring)
0.0,81.0,27.1,1008.5,14.8,0.0,14,0,0,ERA5 - Chennai (Pre-Monsoon Spring)
0.0,83.0,26.8,1009.1,13.5,0.0,15,0,0,ERA5 - Chennai (Pre-Monsoon Spring)
0.0,86.0,26.5,1009.6,11.2,0.0,16,0,0,ERA5 - Chennai (Pre-Monsoon Spring)
0.0,87.0,26.5,1009.8,11.7,0.0,17,0,0,ERA5 - Chennai (Pre-Monsoon Spring)
0.0,87.0,26.4,1009.6,13.0,0.0,18,0,0,ERA5 - Chennai (Pre-Monsoon Spring)
0.0,85.0,26.6,1009.1,14.2,0.0,19,0,0,ERA5 - Chennai (Pre-Monsoon Spring)
0.0,84.0,26.5,1008.4,15.0,0.0,20,0,0,ERA5 - Chennai (Pre-Monsoon Spring)
0.0,84.0,26.2,1007.8,14.8,0.0,21,0,0,ERA5 - Chennai (Pre-Monsoon Spring)
0.0,84.0,26.0,1007.6,14.1,0.0,22,0,0,ERA5 - Chennai (Pre-Monsoon Spring)
0.0,83.0,25.9,1007.6,13.4,0.0,23,0,0,ERA5 - Chennai (Pre-Monsoon Spring)
0.0,95.0,25.0,1010.1,2.3,0.0,0,0,0,ERA5 - Chennai (Post-Monsoon Autumn)
1.0,95.0,25.3,1010.6,5.2,0.0,1,0,0,ERA5 - Chennai (Post-Monsoon Autumn)
0.8,92.0,25.9,1011.0,4.7,0.0,2,0,0,ERA5 - Chennai (Post-Monsoon Autumn)
0.2,87.0,26.7,1011.3,6.2,0.0,3,0,0,ERA5 - Chennai (Post-Monsoon Autumn)
0.1,82.0,27.7,1011.5,8.3,0.0,4,0,0,ERA5 - Chennai (Post-Monsoon Autumn)
0.1,80.0,28.2,1011.2,9.0,0.0,5,0,0,ERA5 - Chennai (Post-Monsoon Autumn)
0.0,79.0,28.4,1010.0,9.4,0.0,6,0,0,ERA5 - Chennai (Post-Monsoon Autumn)
0.0,77.0,29.1,1009.0,8.4,0.0,7,0,0,ERA5 - Chennai (Post-Monsoon Autumn)
0.1,78.0,29.0,1007.7,7.6,0.0,8,0,0,ERA5 - Chennai (Post-Monsoon Autumn)
0.0,76.0,29.0,1006.5,9.0,0.0,9,0,0,ERA5 - Chennai (Post-Monsoon Autumn)
0.0,75.0,28.9,1006.5,9.4,0.0,10,0,0,ERA5 - Chennai (Post-Monsoon Autumn)
0.0,76.0,28.6,1006.7,9.8,0.0,11,0,0,ERA5 - Chennai (Post-Monsoon Autumn)
0.0,79.0,29.1,1007.4,6.1,0.0,12,0,0,ERA5 - Chennai (Post-Monsoon Autumn)
0.0,82.0,28.3,1008.0,7.9,0.0,13,0,0,ERA5 - Chennai (Post-Monsoon Autumn)
0.0,83.0,28.0,1008.8,8.9,0.0,14,0,0,ERA5 - Chennai (Post-Monsoon Autumn)
0.0,85.0,27.8,1009.6,7.7,0.0,15,0,0,ERA5 - Chennai (Post-Monsoon Autumn)
0.0,86.0,27.6,1010.3,6.0,0.0,16,0,0,ERA5 - Chennai (Post-Monsoon Autumn)
0.0,87.0,27.5,1009.8,7.4,0.0,17,0,0,ERA5 - Chennai (Post-Monsoon Autumn)
0.0,90.0,27.0,1009.7,4.8,0.0,18,0,0,ERA5 - Chennai (Post-Monsoon Autumn)
0.0,88.0,26.9,1009.0,5.5,0.0,19,0,0,ERA5 - Chennai (Post-Monsoon Autumn)
0.0,86.0,27.1,1008.2,5.7,0.0,20,0,0,ERA5 - Chennai (Post-Monsoon Autumn)
0.0,89.0,26.7,1008.0,4.3,0.0,21,0,0,ERA5 - Chennai (Post-Monsoon Autumn)
0.1,88.0,26.8,1008.2,3.5,0.0,22,0,0,ERA5 - Chennai (Post-Monsoon Autumn)
0.0,93.0,25.8,1008.1,3.3,0.0,23,0,0,ERA5 - Chennai (Post-Monsoon Autumn)
0.1,93.0,24.9,1009.1,5.2,0.0,0,0,0,ERA5 - Chennai (Post-Monsoon Autumn)
5.5,94.0,25.0,1010.3,10.7,0.0,1,0,0,ERA5 - Chennai (Post-Monsoon Autumn)
6.6,90.0,25.3,1011.3,4.6,0.0,2,0,0,ERA5 - Chennai (Post-Monsoon Autumn)
0.2,87.0,25.9,1011.6,1.9,0.0,3,0,0,ERA5 - Chennai (Post-Monsoon Autumn)
0.0,84.0,27.0,1011.6,3.8,0.0,4,0,0,ERA5 - Chennai (Post-Monsoon Autumn)
0.0,82.0,28.1,1011.3,2.4,0.0,5,0,0,ERA5 - Chennai (Post-Monsoon Autumn)
0.1,75.0,29.3,1010.3,6.2,0.0,6,0,0,ERA5 - Chennai (Post-Monsoon Autumn)
0.0,74.0,29.5,1009.3,9.5,0.0,7,0,0,ERA5 - Chennai (Post-Monsoon Autumn)
0.0,74.0,29.6,1008.0,9.2,0.0,8,0,0,ERA5 - Chennai (Post-Monsoon Autumn)
0.0,74.0,29.3,1007.0,10.7,0.0,9,0,0,ERA5 - Chennai (Post-Monsoon Autumn)
0.0,77.0,28.7,1006.8,10.9,0.0,10,0,0,ERA5 - Chennai (Post-Monsoon Autumn)
0.0,79.0,28.1,1007.3,9.8,0.0,11,0,0,ERA5 - Chennai (Post-Monsoon Autumn)
0.0,87.0,27.4,1008.1,8.9,0.0,12,0,0,ERA5 - Chennai (Post-Monsoon Autumn)
0.0,90.0,27.4,1008.8,8.4,0.0,13,0,0,ERA5 - Chennai (Post-Monsoon Autumn)
0.0,91.0,27.1,1009.3,4.7,0.0,14,0,0,ERA5 - Chennai (Post-Monsoon Autumn)
0.0,91.0,26.9,1010.4,5.0,0.0,15,0,0,ERA5 - Chennai (Post-Monsoon Autumn)
0.0,92.0,26.5,1010.7,4.7,0.0,16,0,0,ERA5 - Chennai (Post-Monsoon Autumn)
0.0,94.0,26.2,1010.4,5.8,0.0,17,0,0,ERA5 - Chennai (Post-Monsoon Autumn)
0.0,94.0,26.0,1010.1,6.6,0.0,18,0,0,ERA5 - Chennai (Post-Monsoon Autumn)
0.0,93.0,26.1,1010.1,4.5,0.0,19,0,0,ERA5 - Chennai (Post-Monsoon Autumn)
0.0,95.0,25.8,1009.3,3.8,0.0,20,0,0,ERA5 - Chennai (Post-Monsoon Autumn)
0.0,97.0,25.1,1008.9,3.7,0.0,21,0,0,ERA5 - Chennai (Post-Monsoon Autumn)
0.0,98.0,25.2,1008.8,4.0,0.0,22,0,0,ERA5 - Chennai (Post-Monsoon Autumn)
0.0,98.0,25.0,1008.9,4.1,0.0,23,0,0,ERA5 - Chennai (Post-Monsoon Autumn)
0.0,97.0,26.0,1009.7,3.9,0.0,0,0,0,ERA5 - Chennai (Post-Monsoon Autumn)
0.0,93.0,26.7,1010.5,5.4,0.0,1,0,0,ERA5 - Chennai (Post-Monsoon Autumn)
0.0,89.0,27.8,1011.1,5.9,0.0,2,0,0,ERA5 - Chennai (Post-Monsoon Autumn)
0.1,79.0,29.2,1011.7,4.8,0.0,3,0,0,ERA5 - Chennai (Post-Monsoon Autumn)
0.1,69.0,30.5,1012.1,11.4,0.0,4,0,0,ERA5 - Chennai (Post-Monsoon Autumn)
0.0,61.0,31.3,1011.5,14.6,0.0,5,0,0,ERA5 - Chennai (Post-Monsoon Autumn)
0.0,61.0,31.5,1010.7,14.8,0.0,6,0,0,ERA5 - Chennai (Post-Monsoon Autumn)
0.0,61.0,31.5,1009.7,14.4,0.0,7,0,0,ERA5 - Chennai (Post-Monsoon Autumn)
0.0,62.0,31.3,1008.6,14.0,0.0,8,0,0,ERA5 - Chennai (Post-Monsoon Autumn)
0.0,63.0,31.1,1008.0,14.9,0.0,9,0,0,ERA5 - Chennai (Post-Monsoon Autumn)
0.0,65.0,30.4,1008.0,15.5,0.0,10,0,0,ERA5 - Chennai (Post-Monsoon Autumn)
0.0,68.0,29.6,1008.2,14.9,0.0,11,0,0,ERA5 - Chennai (Post-Monsoon Autumn)
0.0,69.0,29.1,1008.7,13.0,0.0,12,0,0,ERA5 - Chennai (Post-Monsoon Autumn)
0.0,71.0,28.2,1009.2,9.7,0.0,13,0,0,ERA5 - Chennai (Post-Monsoon Autumn)
0.0,76.0,27.5,1010.2,7.8,0.0,14,0,0,ERA5 - Chennai (Post-Monsoon Autumn)
0.0,80.0,27.2,1011.0,8.3,0.0,15,0,0,ERA5 - Chennai (Post-Monsoon Autumn)
0.0,82.0,27.1,1011.3,8.4,0.0,16,0,0,ERA5 - Chennai (Post-Monsoon Autumn)
0.0,80.0,27.0,1011.3,8.1,0.0,17,0,0,ERA5 - Chennai (Post-Monsoon Autumn)
0.0,79.0,27.0,1011.1,9.5,0.0,18,0,0,ERA5 - Chennai (Post-Monsoon Autumn)
0.0,79.0,27.0,1010.8,9.4,0.0,19,0,0,ERA5 - Chennai (Post-Monsoon Autumn)
0.0,79.0,27.0,1010.2,8.6,0.0,20,0,0,ERA5 - Chennai (Post-Monsoon Autumn)
0.0,78.0,26.8,1009.9,6.9,0.0,21,0,0,ERA5 - Chennai (Post-Monsoon Autumn)
0.0,84.0,25.9,1009.6,5.6,0.0,22,0,0,ERA5 - Chennai (Post-Monsoon Autumn)
0.0,89.0,25.0,1009.7,6.5,0.0,23,0,0,ERA5 - Chennai (Post-Monsoon Autumn)
0.0,84.0,26.9,1010.2,6.4,0.0,0,0,0,ERA5 - Chennai (Post-Monsoon Autumn)
0.0,85.0,27.2,1010.8,7.1,0.0,1,0,0,ERA5 - Chennai (Post-Monsoon Autumn)
0.1,76.0,28.9,1011.6,9.2,0.0,2,0,0,ERA5 - Chennai (Post-Monsoon Autumn)
0.0,69.0,29.8,1011.9,13.4,0.0,3,0,0,ERA5 - Chennai (Post-Monsoon Autumn)
0.0,66.0,30.4,1012.3,15.1,0.0,4,0,0,ERA5 - Chennai (Post-Monsoon Autumn)
0.0,64.0,30.9,1012.2,15.5,0.0,5,0,0,ERA5 - Chennai (Post-Monsoon Autumn)
0.0,62.0,31.0,1011.5,15.1,0.0,6,0,0,ERA5 - Chennai (Post-Monsoon Autumn)
0.0,62.0,31.2,1010.8,14.5,0.0,7,0,0,ERA5 - Chennai (Post-Monsoon Autumn)
0.0,61.0,31.1,1009.7,15.0,0.0,8,0,0,ERA5 - Chennai (Post-Monsoon Autumn)
0.0,62.0,30.8,1009.0,14.8,0.0,9,0,0,ERA5 - Chennai (Post-Monsoon Autumn)
0.0,64.0,30.2,1008.6,15.6,0.0,10,0,0,ERA5 - Chennai (Post-Monsoon Autumn)
0.0,67.0,29.6,1008.7,15.0,0.0,11,0,0,ERA5 - Chennai (Post-Monsoon Autumn)
0.0,62.0,29.2,1009.3,10.2,0.0,12,0,0,ERA5 - Chennai (Post-Monsoon Autumn)
0.0,65.0,28.5,1010.0,9.2,0.0,13,0,0,ERA5 - Chennai (Post-Monsoon Autumn)
0.0,70.0,28.0,1010.7,7.2,0.0,14,0,0,ERA5 - Chennai (Post-Monsoon Autumn)
0.0,77.0,27.5,1011.2,6.2,0.0,15,0,0,ERA5 - Chennai (Post-Monsoon Autumn)
0.0,81.0,26.9,1011.5,5.6,0.0,16,0,0,ERA5 - Chennai (Post-Monsoon Autumn)
0.0,84.0,26.4,1011.7,6.2,0.0,17,0,0,ERA5 - Chennai (Post-Monsoon Autumn)
0.0,87.0,26.1,1011.6,6.9,0.0,18,0,0,ERA5 - Chennai (Post-Monsoon Autumn)
0.0,84.0,26.5,1011.1,5.0,0.0,19,0,0,ERA5 - Chennai (Post-Monsoon Autumn)
0.0,90.0,25.6,1010.2,5.4,0.0,20,0,0,ERA5 - Chennai (Post-Monsoon Autumn)
0.0,93.0,25.2,1009.6,5.4,0.0,21,0,0,ERA5 - Chennai (Post-Monsoon Autumn)
0.0,94.0,25.0,1009.4,4.5,0.0,22,0,0,ERA5 - Chennai (Post-Monsoon Autumn)
0.0,95.0,24.7,1009.6,3.1,0.0,23,0,0,ERA5 - Chennai (Post-Monsoon Autumn)
0.0,93.0,25.4,1009.6,5.6,0.0,0,0,0,ERA5 - Chennai (Post-Monsoon Autumn)
0.0,90.0,26.0,1010.6,7.5,0.0,1,0,0,ERA5 - Chennai (Post-Monsoon Autumn)
0.0,84.0,27.6,1011.5,6.4,0.0,2,0,0,ERA5 - Chennai (Post-Monsoon Autumn)
0.0,76.0,29.4,1012.1,6.5,0.0,3,0,0,ERA5 - Chennai (Post-Monsoon Autumn)
0.1,68.0,30.4,1012.7,11.1,0.0,4,0,0,ERA5 - Chennai (Post-Monsoon Autumn)
0.0,63.0,31.1,1012.2,14.0,0.0,5,0,0,ERA5 - Chennai (Post-Monsoon Autumn)
0.0,61.0,31.5,1011.5,15.8,0.0,6,0,0,ERA5 - Chennai (Post-Monsoon Autumn)
0.0,56.0,31.8,1010.4,18.1,0.0,7,0,0,ERA5 - Chennai (Post-Monsoon Autumn)
0.0,51.0,31.9,1009.7,18.8,0.0,8,0,0,ERA5 - Chennai (Post-Monsoon Autumn)
0.0,49.0,31.4,1008.9,18.2,0.0,9,0,0,ERA5 - Chennai (Post-Monsoon Autumn)
0.0,55.0,30.5,1008.7,17.7,0.0,10,0,0,ERA5 - Chennai (Post-Monsoon Autumn)
0.0,61.0,29.5,1008.7,15.0,0.0,11,0,0,ERA5 - Chennai (Post-Monsoon Autumn)
0.0,73.0,29.6,1008.6,13.1,0.0,12,0,0,ERA5 - Chennai (Post-Monsoon Autumn)
0.0,76.0,28.7,1009.4,10.5,0.0,13,0,0,ERA5 - Chennai (Post-Monsoon Autumn)
0.0,78.0,28.1,1010.3,7.8,0.0,14,0,0,ERA5 - Chennai (Post-Monsoon Autumn)
0.0,83.0,27.0,1011.0,6.5,0.0,15,0,0,ERA5 - Chennai (Post-Monsoon Autumn)
0.0,84.0,26.3,1011.5,7.6,0.0,16,0,0,ERA5 - Chennai (Post-Monsoon Autumn)
0.0,85.0,26.2,1011.7,5.4,0.0,17,0,0,ERA5 - Chennai (Post-Monsoon Autumn)
0.0,87.0,25.6,1011.4,8.2,0.0,18,0,0,ERA5 - Chennai (Post-Monsoon Autumn)
0.0,83.0,25.9,1010.6,7.3,0.0,19,0,0,ERA5 - Chennai (Post-Monsoon Autumn)
0.0,86.0,25.2,1009.9,7.7,0.0,20,0,0,ERA5 - Chennai (Post-Monsoon Autumn)
0.0,87.0,25.1,1009.5,7.7,0.0,21,0,0,ERA5 - Chennai (Post-Monsoon Autumn)
0.0,87.0,25.0,1009.4,7.3,0.0,22,0,0,ERA5 - Chennai (Post-Monsoon Autumn)
0.0,87.0,25.0,1009.8,8.0,0.0,23,0,0,ERA5 - Chennai (Post-Monsoon Autumn)
0.0,93.0,24.6,1010.3,5.5,0.0,0,0,0,ERA5 - Chennai (Post-Monsoon Autumn)
0.0,90.0,25.4,1011.4,6.6,0.0,1,0,0,ERA5 - Chennai (Post-Monsoon Autumn)
0.0,81.0,27.7,1012.1,4.4,0.0,2,0,0,ERA5 - Chennai (Post-Monsoon Autumn)
0.1,71.0,29.4,1012.5,6.2,0.0,3,0,0,ERA5 - Chennai (Post-Monsoon Autumn)
0.1,65.0,30.3,1012.7,7.4,0.0,4,0,0,ERA5 - Chennai (Post-Monsoon Autumn)
0.0,61.0,31.2,1011.9,8.9,0.0,5,0,0,ERA5 - Chennai (Post-Monsoon Autumn)
0.0,58.0,31.6,1011.0,11.3,0.0,6,0,0,ERA5 - Chennai (Post-Monsoon Autumn)
0.0,58.0,31.5,1009.8,12.3,0.0,7,0,0,ERA5 - Chennai (Post-Monsoon Autumn)
0.0,60.0,31.3,1008.8,14.2,0.0,8,0,0,ERA5 - Chennai (Post-Monsoon Autumn)
0.0,63.0,30.7,1008.1,14.5,0.0,9,0,0,ERA5 - Chennai (Post-Monsoon Autumn)
0.0,67.0,30.2,1008.0,14.0,0.0,10,0,0,ERA5 - Chennai (Post-Monsoon Autumn)
0.0,70.0,29.5,1008.2,13.5,0.0,11,0,0,ERA5 - Chennai (Post-Monsoon Autumn)
0.0,72.0,29.7,1008.3,14.0,0.0,12,0,0,ERA5 - Chennai (Post-Monsoon Autumn)
0.0,76.0,29.0,1009.2,14.8,0.0,13,0,0,ERA5 - Chennai (Post-Monsoon Autumn)
0.0,78.0,28.5,1010.4,13.8,0.0,14,0,0,ERA5 - Chennai (Post-Monsoon Autumn)
0.0,79.0,28.1,1011.5,10.9,0.0,15,0,0,ERA5 - Chennai (Post-Monsoon Autumn)
0.0,81.0,27.8,1012.1,7.9,0.0,16,0,0,ERA5 - Chennai (Post-Monsoon Autumn)
0.0,86.0,26.9,1011.5,5.2,0.0,17,0,0,ERA5 - Chennai (Post-Monsoon Autumn)
0.0,91.0,26.3,1011.4,5.1,0.0,18,0,0,ERA5 - Chennai (Post-Monsoon Autumn)
0.0,92.0,26.1,1010.7,5.9,0.0,19,0,0,ERA5 - Chennai (Post-Monsoon Autumn)
0.7,89.0,26.2,1010.1,5.9,0.0,20,0,0,ERA5 - Chennai (Post-Monsoon Autumn)
0.0,90.0,26.0,1009.5,5.4,0.0,21,0,0,ERA5 - Chennai (Post-Monsoon Autumn)
0.1,96.0,25.0,1009.3,2.3,0.0,22,0,0,ERA5 - Chennai (Post-Monsoon Autumn)
0.7,98.0,24.3,1009.8,9.6,0.0,23,0,0,ERA5 - Chennai (Post-Monsoon Autumn)
0.0,98.0,26.3,1007.6,12.0,0.0,0,0,0,ERA5 - Chennai (Mild Summer)
0.0,94.0,27.4,1008.2,10.8,0.0,1,0,0,ERA5 - Chennai (Mild Summer)
0.0,85.0,28.6,1009.0,9.8,0.0,2,0,0,ERA5 - Chennai (Mild Summer)
0.0,72.0,30.7,1009.8,11.2,0.0,3,0,0,ERA5 - Chennai (Mild Summer)
0.0,62.0,32.7,1010.1,13.0,0.0,4,0,0,ERA5 - Chennai (Mild Summer)
0.0,57.0,34.1,1009.3,14.5,0.0,5,0,0,ERA5 - Chennai (Mild Summer)
0.0,55.0,35.0,1008.4,16.8,0.0,6,0,0,ERA5 - Chennai (Mild Summer)
0.0,60.0,34.9,1007.3,20.4,0.0,7,0,0,ERA5 - Chennai (Mild Summer)
0.0,58.0,34.6,1006.2,23.2,0.0,8,0,0,ERA5 - Chennai (Mild Summer)
0.0,57.0,34.2,1005.1,23.4,0.0,9,0,0,ERA5 - Chennai (Mild Summer)
0.0,59.0,33.7,1004.4,22.9,0.0,10,0,0,ERA5 - Chennai (Mild Summer)
0.0,64.0,32.6,1004.3,20.4,0.0,11,0,0,ERA5 - Chennai (Mild Summer)
0.0,73.0,31.0,1004.5,21.1,0.0,12,0,0,ERA5 - Chennai (Mild Summer)
0.0,80.0,29.1,1005.7,16.9,0.0,13,0,0,ERA5 - Chennai (Mild Summer)
0.0,83.0,28.7,1006.3,14.5,0.0,14,0,0,ERA5 - Chennai (Mild Summer)
0.0,88.0,28.2,1007.0,11.9,0.0,15,0,0,ERA5 - Chennai (Mild Summer)
0.0,90.0,27.8,1007.3,12.0,0.0,16,0,0,ERA5 - Chennai (Mild Summer)
0.0,92.0,27.4,1007.6,11.2,0.0,17,0,0,ERA5 - Chennai (Mild Summer)
0.0,94.0,27.1,1007.2,11.2,0.0,18,0,0,ERA5 - Chennai (Mild Summer)
0.0,95.0,26.9,1006.7,10.9,0.0,19,0,0,ERA5 - Chennai (Mild Summer)
0.0,96.0,26.5,1006.3,9.7,0.0,20,0,0,ERA5 - Chennai (Mild Summer)
0.0,97.0,26.3,1005.9,10.0,0.0,21,0,0,ERA5 - Chennai (Mild Summer)
0.0,98.0,26.2,1005.7,10.2,0.0,22,0,0,ERA5 - Chennai (Mild Summer)
0.0,99.0,26.2,1005.8,11.8,0.0,23,0,0,ERA5 - Chennai (Mild Summer)
0.0,98.0,26.2,1006.3,13.3,0.0,0,0,0,ERA5 - Chennai (Mild Summer)
0.0,96.0,26.8,1006.5,12.5,0.0,1,0,0,ERA5 - Chennai (Mild Summer)
0.0,86.0,28.3,1007.7,12.2,0.0,2,0,0,ERA5 - Chennai (Mild Summer)
0.0,71.0,30.7,1008.7,13.7,0.0,3,0,0,ERA5 - Chennai (Mild Summer)
0.0,61.0,33.0,1008.8,14.0,0.0,4,0,0,ERA5 - Chennai (Mild Summer)
0.0,51.0,35.0,1008.3,14.4,0.0,5,0,0,ERA5 - Chennai (Mild Summer)
0.0,45.0,36.5,1007.4,16.6,0.0,6,0,0,ERA5 - Chennai (Mild Summer)
0.0,50.0,36.5,1006.1,21.0,0.0,7,0,0,ERA5 - Chennai (Mild Summer)
0.0,49.0,36.4,1004.8,22.9,0.0,8,0,0,ERA5 - Chennai (Mild Summer)
0.0,46.0,36.1,1003.9,23.7,0.0,9,0,0,ERA5 - Chennai (Mild Summer)
0.0,47.0,35.2,1003.2,23.8,0.0,10,0,0,ERA5 - Chennai (Mild Summer)
0.0,55.0,33.7,1003.3,22.6,0.0,11,0,0,ERA5 - Chennai (Mild Summer)
0.0,62.0,31.8,1003.7,21.5,0.0,12,0,0,ERA5 - Chennai (Mild Summer)
0.0,81.0,29.7,1004.6,15.3,0.0,13,0,0,ERA5 - Chennai (Mild Summer)
0.0,83.0,29.0,1005.6,15.7,0.0,14,0,0,ERA5 - Chennai (Mild Summer)
0.0,86.0,28.6,1006.3,13.9,0.0,15,0,0,ERA5 - Chennai (Mild Summer)
0.0,91.0,28.1,1006.9,13.8,0.0,16,0,0,ERA5 - Chennai (Mild Summer)
0.0,95.0,27.8,1007.1,13.7,0.0,17,0,0,ERA5 - Chennai (Mild Summer)
0.0,95.0,27.6,1006.7,13.9,0.0,18,0,0,ERA5 - Chennai (Mild Summer)
0.0,95.0,27.5,1006.2,14.0,0.0,19,0,0,ERA5 - Chennai (Mild Summer)
0.0,96.0,27.3,1005.6,12.6,0.0,20,0,0,ERA5 - Chennai (Mild Summer)
0.0,97.0,26.7,1005.1,11.1,0.0,21,0,0,ERA5 - Chennai (Mild Summer)
0.0,97.0,26.1,1005.0,11.7,0.0,22,0,0,ERA5 - Chennai (Mild Summer)
0.0,98.0,25.9,1005.3,12.3,0.0,23,0,0,ERA5 - Chennai (Mild Summer)
0.0,99.0,25.8,1005.9,12.8,0.0,0,0,0,ERA5 - Chennai (Mild Summer)
0.0,98.0,26.5,1006.4,16.7,0.0,1,0,0,ERA5 - Chennai (Mild Summer)
0.0,87.0,27.9,1007.4,15.0,0.0,2,0,0,ERA5 - Chennai (Mild Summer)
0.0,72.0,30.3,1008.0,14.5,0.0,3,0,0,ERA5 - Chennai (Mild Summer)
0.0,57.0,33.2,1008.2,13.5,0.0,4,0,0,ERA5 - Chennai (Mild Summer)
0.0,41.0,35.8,1007.8,14.1,0.0,5,0,0,ERA5 - Chennai (Mild Summer)
0.0,38.0,36.9,1006.9,16.1,0.0,6,0,0,ERA5 - Chennai (Mild Summer)
0.0,53.0,36.0,1005.7,20.6,0.0,7,0,0,ERA5 - Chennai (Mild Summer)
0.0,49.0,35.8,1004.7,23.4,0.0,8,0,0,ERA5 - Chennai (Mild Summer)
0.0,44.0,35.6,1003.7,24.0,0.0,9,0,0,ERA5 - Chennai (Mild Summer)
0.0,47.0,34.8,1003.6,23.2,0.0,10,0,0,ERA5 - Chennai (Mild Summer)
0.0,49.0,33.5,1003.7,21.2,0.0,11,0,0,ERA5 - Chennai (Mild Summer)
0.0,62.0,31.6,1003.8,20.7,0.0,12,0,0,ERA5 - Chennai (Mild Summer)
0.0,77.0,29.7,1004.0,15.6,0.0,13,0,0,ERA5 - Chennai (Mild Summer)
0.0,86.0,28.8,1005.0,15.3,0.0,14,0,0,ERA5 - Chennai (Mild Summer)
0.0,90.0,28.4,1005.9,14.1,0.0,15,0,0,ERA5 - Chennai (Mild Summer)
0.0,93.0,28.0,1006.5,14.1,0.0,16,0,0,ERA5 - Chennai (Mild Summer)
0.0,95.0,27.9,1007.0,14.6,0.0,17,0,0,ERA5 - Chennai (Mild Summer)
0.0,95.0,27.7,1006.8,13.0,0.0,18,0,0,ERA5 - Chennai (Mild Summer)
0.0,96.0,27.4,1006.6,11.3,0.0,19,0,0,ERA5 - Chennai (Mild Summer)
0.0,97.0,27.0,1006.1,10.7,0.0,20,0,0,ERA5 - Chennai (Mild Summer)
0.0,98.0,26.7,1005.4,11.3,0.0,21,0,0,ERA5 - Chennai (Mild Summer)
0.0,98.0,26.5,1005.4,11.5,0.0,22,0,0,ERA5 - Chennai (Mild Summer)
0.0,99.0,26.5,1005.6,14.2,0.0,23,0,0,ERA5 - Chennai (Mild Summer)
0.0,97.0,26.5,1006.3,14.2,0.0,0,0,0,ERA5 - Chennai (Mild Summer)
0.0,97.0,27.0,1006.9,12.6,0.0,1,0,0,ERA5 - Chennai (Mild Summer)
0.0,86.0,28.7,1007.9,15.5,0.0,2,0,0,ERA5 - Chennai (Mild Summer)
0.0,72.0,30.9,1008.5,14.9,0.0,3,0,0,ERA5 - Chennai (Mild Summer)
0.0,60.0,33.2,1008.8,15.1,0.0,4,0,0,ERA5 - Chennai (Mild Summer)
0.0,51.0,34.8,1008.6,18.6,0.0,5,0,0,ERA5 - Chennai (Mild Summer)
0.0,46.0,35.6,1008.2,21.2,0.0,6,0,0,ERA5 - Chennai (Mild Summer)
0.0,41.0,36.1,1007.7,21.1,0.0,7,0,0,ERA5 - Chennai (Mild Summer)
0.0,39.0,36.2,1006.7,21.7,0.0,8,0,0,ERA5 - Chennai (Mild Summer)
0.0,38.0,36.1,1006.0,22.1,0.0,9,0,0,ERA5 - Chennai (Mild Summer)
0.0,51.0,34.3,1005.8,20.9,0.0,10,0,0,ERA5 - Chennai (Mild Summer)
0.0,73.0,31.3,1006.2,23.3,0.0,11,0,0,ERA5 - Chennai (Mild Summer)
0.0,76.0,30.2,1006.5,20.6,0.0,12,0,0,ERA5 - Chennai (Mild Summer)
0.0,83.0,29.1,1007.6,16.5,0.0,13,0,0,ERA5 - Chennai (Mild Summer)
0.0,83.0,28.8,1008.5,14.3,0.0,14,0,0,ERA5 - Chennai (Mild Summer)
0.0,80.0,28.7,1009.2,13.2,0.0,15,0,0,ERA5 - Chennai (Mild Summer)
0.0,82.0,28.3,1009.8,12.9,0.0,16,0,0,ERA5 - Chennai (Mild Summer)
0.0,83.0,28.0,1010.0,12.1,0.0,17,0,0,ERA5 - Chennai (Mild Summer)
0.0,84.0,27.7,1009.5,12.1,0.0,18,0,0,ERA5 - Chennai (Mild Summer)
0.0,85.0,27.4,1008.9,11.1,0.0,19,0,0,ERA5 - Chennai (Mild Summer)
0.0,85.0,27.2,1008.3,9.9,0.0,20,0,0,ERA5 - Chennai (Mild Summer)
0.0,87.0,27.0,1007.7,9.2,0.0,21,0,0,ERA5 - Chennai (Mild Summer)
0.0,88.0,26.7,1007.3,7.8,0.0,22,0,0,ERA5 - Chennai (Mild Summer)
0.0,89.0,26.5,1007.6,7.3,0.0,23,0,0,ERA5 - Chennai (Mild Summer)
0.0,92.0,25.9,1008.1,5.7,0.0,0,0,0,ERA5 - Chennai (Mild Summer)
0.0,86.0,27.7,1008.9,7.4,0.0,1,0,0,ERA5 - Chennai (Mild Summer)
0.0,76.0,29.5,1010.0,8.9,0.0,2,0,0,ERA5 - Chennai (Mild Summer)
0.0,68.0,30.7,1010.7,10.1,0.0,3,0,0,ERA5 - Chennai (Mild Summer)
0.0,64.0,31.8,1010.8,10.6,0.0,4,0,0,ERA5 - Chennai (Mild Summer)
0.0,61.0,32.6,1010.5,12.3,0.0,5,0,0,ERA5 - Chennai (Mild Summer)
0.0,57.0,33.1,1010.0,14.1,0.0,6,0,0,ERA5 - Chennai (Mild Summer)
0.0,52.0,33.3,1009.2,15.5,0.0,7,0,0,ERA5 - Chennai (Mild Summer)
0.0,54.0,33.1,1008.2,15.8,0.0,8,0,0,ERA5 - Chennai (Mild Summer)
0.0,58.0,32.6,1007.4,15.8,0.0,9,0,0,ERA5 - Chennai (Mild Summer)
0.0,63.0,31.8,1006.9,16.9,0.0,10,0,0,ERA5 - Chennai (Mild Summer)
0.0,67.0,30.8,1006.7,16.9,0.0,11,0,0,ERA5 - Chennai (Mild Summer)
0.0,72.0,29.9,1006.9,16.6,0.0,12,0,0,ERA5 - Chennai (Mild Summer)
0.0,76.0,28.9,1007.3,14.1,0.0,13,0,0,ERA5 - Chennai (Mild Summer)
0.0,78.0,28.7,1008.1,11.9,0.0,14,0,0,ERA5 - Chennai (Mild Summer)
0.0,79.0,28.5,1009.0,10.1,0.0,15,0,0,ERA5 - Chennai (Mild Summer)
0.0,80.0,28.4,1010.1,10.2,0.0,16,0,0,ERA5 - Chennai (Mild Summer)
0.0,80.0,28.3,1010.6,9.8,0.0,17,0,0,ERA5 - Chennai (Mild Summer)
0.0,79.0,28.3,1010.0,8.6,0.0,18,0,0,ERA5 - Chennai (Mild Summer)
0.0,80.0,28.2,1009.3,7.5,0.0,19,0,0,ERA5 - Chennai (Mild Summer)
0.0,82.0,27.8,1008.5,6.2,0.0,20,0,0,ERA5 - Chennai (Mild Summer)
0.0,85.0,27.0,1007.8,5.0,0.0,21,0,0,ERA5 - Chennai (Mild Summer)
0.0,88.0,26.4,1007.5,6.6,0.0,22,0,0,ERA5 - Chennai (Mild Summer)
0.0,88.0,26.4,1007.9,5.3,0.0,23,0,0,ERA5 - Chennai (Mild Summer)
0.0,84.0,27.2,1008.7,3.9,0.0,0,0,0,ERA5 - Chennai (Mild Summer)
0.0,82.0,27.8,1009.4,3.9,0.0,1,0,0,ERA5 - Chennai (Mild Summer)
0.0,73.0,29.6,1010.2,5.6,0.0,2,0,0,ERA5 - Chennai (Mild Summer)
0.0,67.0,30.9,1010.7,8.9,0.0,3,0,0,ERA5 - Chennai (Mild Summer)
0.0,61.0,32.0,1011.0,9.9,0.0,4,0,0,ERA5 - Chennai (Mild Summer)
0.0,56.0,33.1,1010.5,10.9,0.0,5,0,0,ERA5 - Chennai (Mild Summer)
0.0,54.0,33.7,1010.0,14.3,0.0,6,0,0,ERA5 - Chennai (Mild Summer)
0.0,53.0,33.6,1009.4,15.7,0.0,7,0,0,ERA5 - Chennai (Mild Summer)
0.0,52.0,33.6,1008.3,16.1,0.0,8,0,0,ERA5 - Chennai (Mild Summer)
0.0,53.0,33.3,1007.3,16.1,0.0,9,0,0,ERA5 - Chennai (Mild Summer)
0.0,55.0,32.7,1006.6,15.9,0.0,10,0,0,ERA5 - Chennai (Mild Summer)
0.0,57.0,32.0,1006.1,16.1,0.0,11,0,0,ERA5 - Chennai (Mild Summer)
0.0,60.0,31.2,1006.2,15.4,0.0,12,0,0,ERA5 - Chennai (Mild Summer)
0.0,67.0,29.9,1007.2,12.3,0.0,13,0,0,ERA5 - Chennai (Mild Summer)
0.0,69.0,29.5,1007.9,11.3,0.0,14,0,0,ERA5 - Chennai (Mild Summer)
0.0,71.0,29.2,1008.7,9.2,0.0,15,0,0,ERA5 - Chennai (Mild Summer)
0.0,72.0,29.0,1009.4,7.4,0.0,16,0,0,ERA5 - Chennai (Mild Summer)
0.0,74.0,28.7,1009.9,6.2,0.0,17,0,0,ERA5 - Chennai (Mild Summer)
0.0,78.0,27.9,1009.4,4.7,0.0,18,0,0,ERA5 - Chennai (Mild Summer)
0.0,82.0,27.1,1009.2,7.4,0.0,19,0,0,ERA5 - Chennai (Mild Summer)
0.0,83.0,26.9,1008.8,6.4,0.0,20,0,0,ERA5 - Chennai (Mild Summer)
0.0,84.0,26.6,1008.3,7.2,0.0,21,0,0,ERA5 - Chennai (Mild Summer)
0.0,84.0,26.5,1008.1,6.6,0.0,22,0,0,ERA5 - Chennai (Mild Summer)
0.0,84.0,26.5,1008.1,6.1,0.0,23,0,0,ERA5 - Chennai (Mild Summer)
0.0,100.0,17.6,1011.0,7.0,0.0,0,0,0,ERA5 - Kolkata (Winter)
0.0,99.0,18.1,1011.7,8.1,0.0,1,0,0,ERA5 - Kolkata (Winter)
0.0,97.0,18.9,1012.4,9.8,0.0,2,0,0,ERA5 - Kolkata (Winter)
0.0,88.0,20.8,1013.1,10.6,0.0,3,0,0,ERA5 - Kolkata (Winter)
0.0,77.0,23.1,1013.5,9.0,0.0,4,0,0,ERA5 - Kolkata (Winter)
0.0,64.0,25.1,1012.9,9.3,0.0,5,0,0,ERA5 - Kolkata (Winter)
0.0,52.0,26.4,1011.8,9.4,0.0,6,0,0,ERA5 - Kolkata (Winter)
0.0,48.0,27.2,1010.5,8.8,0.0,7,0,0,ERA5 - Kolkata (Winter)
0.0,44.0,27.5,1009.5,7.9,0.0,8,0,0,ERA5 - Kolkata (Winter)
0.0,43.0,27.3,1009.1,7.9,0.0,9,0,0,ERA5 - Kolkata (Winter)
0.0,43.0,26.6,1009.0,8.3,0.0,10,0,0,ERA5 - Kolkata (Winter)
0.0,48.0,25.3,1009.1,7.6,0.0,11,0,0,ERA5 - Kolkata (Winter)
0.0,61.0,22.3,1009.7,6.4,0.0,12,0,0,ERA5 - Kolkata (Winter)
0.0,63.0,22.0,1010.2,8.6,0.0,13,0,0,ERA5 - Kolkata (Winter)
0.0,68.0,20.8,1011.2,8.0,0.0,14,0,0,ERA5 - Kolkata (Winter)
0.0,73.0,19.8,1011.6,7.9,0.0,15,0,0,ERA5 - Kolkata (Winter)
0.0,75.0,19.3,1011.9,8.1,0.0,16,0,0,ERA5 - Kolkata (Winter)
0.0,77.0,18.8,1012.0,7.6,0.0,17,0,0,ERA5 - Kolkata (Winter)
0.0,81.0,18.6,1011.8,6.1,0.0,18,0,0,ERA5 - Kolkata (Winter)
0.0,84.0,18.3,1011.6,5.7,0.0,19,0,0,ERA5 - Kolkata (Winter)
0.0,84.0,18.0,1011.4,8.0,0.0,20,0,0,ERA5 - Kolkata (Winter)
0.0,78.0,17.9,1011.4,9.7,0.0,21,0,0,ERA5 - Kolkata (Winter)
0.0,80.0,17.5,1011.8,11.7,0.0,22,0,0,ERA5 - Kolkata (Winter)
0.0,79.0,17.5,1012.1,14.5,0.0,23,0,0,ERA5 - Kolkata (Winter)
0.0,83.0,16.3,1013.0,14.0,0.0,0,0,0,ERA5 - Kolkata (Winter)
0.0,84.0,15.8,1014.1,11.6,0.0,1,0,0,ERA5 - Kolkata (Winter)
0.0,80.0,16.5,1015.2,10.6,0.0,2,0,0,ERA5 - Kolkata (Winter)
0.0,71.0,18.3,1015.9,10.6,0.0,3,0,0,ERA5 - Kolkata (Winter)
0.0,60.0,20.5,1016.2,11.4,0.0,4,0,0,ERA5 - Kolkata (Winter)
0.0,57.0,21.2,1015.6,10.3,0.0,5,0,0,ERA5 - Kolkata (Winter)
0.0,57.0,21.8,1014.7,8.8,0.0,6,0,0,ERA5 - Kolkata (Winter)
0.0,53.0,23.6,1013.3,6.6,0.0,7,0,0,ERA5 - Kolkata (Winter)
0.0,52.0,24.4,1012.0,5.0,0.0,8,0,0,ERA5 - Kolkata (Winter)
0.0,52.0,24.7,1011.2,3.7,0.0,9,0,0,ERA5 - Kolkata (Winter)
0.0,53.0,24.4,1010.9,3.9,0.0,10,0,0,ERA5 - Kolkata (Winter)
0.0,73.0,23.3,1011.1,2.2,0.0,11,0,0,ERA5 - Kolkata (Winter)
0.0,67.0,20.7,1011.8,6.5,0.0,12,0,0,ERA5 - Kolkata (Winter)
0.0,70.0,19.9,1012.5,8.8,0.0,13,0,0,ERA5 - Kolkata (Winter)
0.0,76.0,18.7,1013.5,6.9,0.0,14,0,0,ERA5 - Kolkata (Winter)
0.0,79.0,18.0,1014.0,7.2,0.0,15,0,0,ERA5 - Kolkata (Winter)
0.0,82.0,17.6,1013.9,8.2,0.0,16,0,0,ERA5 - Kolkata (Winter)
0.0,85.0,16.9,1013.9,7.8,0.0,17,0,0,ERA5 - Kolkata (Winter)
0.0,89.0,16.3,1013.7,6.6,0.0,18,0,0,ERA5 - Kolkata (Winter)
0.0,92.0,15.5,1013.5,6.2,0.0,19,0,0,ERA5 - Kolkata (Winter)
0.0,93.0,15.1,1013.1,6.0,0.0,20,0,0,ERA5 - Kolkata (Winter)
0.0,94.0,14.9,1012.6,5.5,0.0,21,0,0,ERA5 - Kolkata (Winter)
0.0,95.0,14.6,1012.5,5.3,0.0,22,0,0,ERA5 - Kolkata (Winter)
0.0,96.0,14.4,1012.7,7.0,0.0,23,0,0,ERA5 - Kolkata (Winter)
0.0,96.0,14.3,1013.2,7.0,0.0,0,0,0,ERA5 - Kolkata (Winter)
0.0,96.0,14.1,1014.1,7.2,0.0,1,0,0,ERA5 - Kolkata (Winter)
0.0,90.0,15.3,1014.8,8.3,0.0,2,0,0,ERA5 - Kolkata (Winter)
0.0,79.0,17.5,1015.8,8.7,0.0,3,0,0,ERA5 - Kolkata (Winter)
0.0,68.0,20.1,1016.1,9.7,0.0,4,0,0,ERA5 - Kolkata (Winter)
0.0,60.0,22.1,1015.8,9.1,0.0,5,0,0,ERA5 - Kolkata (Winter)
0.0,57.0,23.5,1014.9,6.6,0.0,6,0,0,ERA5 - Kolkata (Winter)
0.0,55.0,24.5,1013.7,2.9,0.0,7,0,0,ERA5 - Kolkata (Winter)
0.0,52.0,25.3,1012.4,1.5,0.0,8,0,0,ERA5 - Kolkata (Winter)
0.0,50.0,25.3,1011.8,3.3,0.0,9,0,0,ERA5 - Kolkata (Winter)
0.0,48.0,25.3,1011.6,4.5,0.0,10,0,0,ERA5 - Kolkata (Winter)
0.0,53.0,24.4,1011.8,1.8,0.0,11,0,0,ERA5 - Kolkata (Winter)
0.0,69.0,20.8,1012.6,7.2,0.0,12,0,0,ERA5 - Kolkata (Winter)
0.0,72.0,20.1,1013.2,7.7,0.0,13,0,0,ERA5 - Kolkata (Winter)
0.0,78.0,18.9,1014.1,6.5,0.0,14,0,0,ERA5 - Kolkata (Winter)
0.0,81.0,18.2,1014.8,6.5,0.0,15,0,0,ERA5 - Kolkata (Winter)
0.0,88.0,17.1,1015.1,6.2,0.0,16,0,0,ERA5 - Kolkata (Winter)
0.0,89.0,17.0,1015.1,5.6,0.0,17,0,0,ERA5 - Kolkata (Winter)
0.0,92.0,16.4,1015.2,5.9,0.0,18,0,0,ERA5 - Kolkata (Winter)
0.0,93.0,16.0,1015.0,5.8,0.0,19,0,0,ERA5 - Kolkata (Winter)
0.0,92.0,16.2,1014.7,6.8,0.0,20,0,0,ERA5 - Kolkata (Winter)
0.0,91.0,16.2,1014.4,7.9,0.0,21,0,0,ERA5 - Kolkata (Winter)
0.0,90.0,16.0,1014.4,8.4,0.0,22,0,0,ERA5 - Kolkata (Winter)
0.1,88.0,16.1,1014.5,8.2,0.0,23,0,0,ERA5 - Kolkata (Winter)
0.5,88.0,15.9,1015.0,8.7,0.0,0,0,0,ERA5 - Kolkata (Winter)
0.0,90.0,15.5,1016.1,7.0,0.0,1,0,0,ERA5 - Kolkata (Winter)
0.0,84.0,16.6,1016.9,6.4,0.0,2,0,0,ERA5 - Kolkata (Winter)
0.0,75.0,18.5,1017.9,7.4,0.0,3,0,0,ERA5 - Kolkata (Winter)
0.0,66.0,20.5,1018.4,9.4,0.0,4,0,0,ERA5 - Kolkata (Winter)
0.0,60.0,22.2,1017.9,8.7,0.0,5,0,0,ERA5 - Kolkata (Winter)
0.0,56.0,23.6,1016.7,6.8,0.0,6,0,0,ERA5 - Kolkata (Winter)
0.0,55.0,24.4,1015.5,4.4,0.0,7,0,0,ERA5 - Kolkata (Winter)
0.0,54.0,25.2,1014.2,3.1,0.0,8,0,0,ERA5 - Kolkata (Winter)
0.0,54.0,25.1,1013.4,5.4,0.0,9,0,0,ERA5 - Kolkata (Winter)
0.0,53.0,25.1,1013.1,5.2,0.0,10,0,0,ERA5 - Kolkata (Winter)
0.0,56.0,24.5,1013.4,4.0,0.0,11,0,0,ERA5 - Kolkata (Winter)
0.0,65.0,21.4,1014.2,6.7,0.0,12,0,0,ERA5 - Kolkata (Winter)
0.0,68.0,20.4,1015.2,10.2,0.0,13,0,0,ERA5 - Kolkata (Winter)
0.0,70.0,19.4,1016.1,10.0,0.0,14,0,0,ERA5 - Kolkata (Winter)
0.0,74.0,18.6,1016.8,9.4,0.0,15,0,0,ERA5 - Kolkata (Winter)
0.0,78.0,17.8,1017.2,8.1,0.0,16,0,0,ERA5 - Kolkata (Winter)
0.0,80.0,17.2,1017.3,8.2,0.0,17,0,0,ERA5 - Kolkata (Winter)
0.0,81.0,16.9,1016.9,7.9,0.0,18,0,0,ERA5 - Kolkata (Winter)
0.0,83.0,16.3,1016.4,7.1,0.0,19,0,0,ERA5 - Kolkata (Winter)
0.0,85.0,15.9,1015.9,7.1,0.0,20,0,0,ERA5 - Kolkata (Winter)
0.0,87.0,15.5,1015.5,7.2,0.0,21,0,0,ERA5 - Kolkata (Winter)
0.0,88.0,15.2,1015.2,6.9,0.0,22,0,0,ERA5 - Kolkata (Winter)
0.0,87.0,15.0,1015.4,8.0,0.0,23,0,0,ERA5 - Kolkata (Winter)
0.0,88.0,15.0,1016.2,9.0,0.0,0,0,0,ERA5 - Kolkata (Winter)
0.0,86.0,15.0,1017.2,9.3,0.0,1,0,0,ERA5 - Kolkata (Winter)
0.0,81.0,15.9,1018.1,9.2,0.0,2,0,0,ERA5 - Kolkata (Winter)
0.0,72.0,17.9,1018.9,9.2,0.0,3,0,0,ERA5 - Kolkata (Winter)
0.0,62.0,20.2,1019.2,9.3,0.0,4,0,0,ERA5 - Kolkata (Winter)
0.0,56.0,21.9,1018.7,9.8,0.0,5,0,0,ERA5 - Kolkata (Winter)
0.0,52.0,23.1,1017.6,10.2,0.0,6,0,0,ERA5 - Kolkata (Winter)
0.0,50.0,23.9,1016.0,9.0,0.0,7,0,0,ERA5 - Kolkata (Winter)
0.0,48.0,24.6,1014.6,8.7,0.0,8,0,0,ERA5 - Kolkata (Winter)
0.0,48.0,24.7,1013.9,9.5,0.0,9,0,0,ERA5 - Kolkata (Winter)
0.0,49.0,24.3,1013.9,9.9,0.0,10,0,0,ERA5 - Kolkata (Winter)
0.0,54.0,23.2,1014.1,8.0,0.0,11,0,0,ERA5 - Kolkata (Winter)
0.0,61.0,21.1,1014.4,7.9,0.0,12,0,0,ERA5 - Kolkata (Winter)
0.0,68.0,19.4,1014.9,6.3,0.0,13,0,0,ERA5 - Kolkata (Winter)
0.0,76.0,17.9,1015.5,6.9,0.0,14,0,0,ERA5 - Kolkata (Winter)
0.0,80.0,17.2,1016.0,7.2,0.0,15,0,0,ERA5 - Kolkata (Winter)
0.0,83.0,16.4,1016.4,7.9,0.0,16,0,0,ERA5 - Kolkata (Winter)
0.0,86.0,15.7,1016.5,8.4,0.0,17,0,0,ERA5 - Kolkata (Winter)
0.0,89.0,15.1,1016.0,8.4,0.0,18,0,0,ERA5 - Kolkata (Winter)
0.0,90.0,14.9,1015.3,7.2,0.0,19,0,0,ERA5 - Kolkata (Winter)
0.0,91.0,14.5,1014.5,7.2,0.0,20,0,0,ERA5 - Kolkata (Winter)
0.0,91.0,14.6,1014.0,7.2,0.0,21,0,0,ERA5 - Kolkata (Winter)
0.0,92.0,14.1,1014.0,8.6,0.0,22,0,0,ERA5 - Kolkata (Winter)
0.0,93.0,13.7,1014.1,7.6,0.0,23,0,0,ERA5 - Kolkata (Winter)
0.0,94.0,13.3,1014.7,7.6,0.0,0,0,0,ERA5 - Kolkata (Winter)
0.0,93.0,12.8,1015.8,5.7,0.0,1,0,0,ERA5 - Kolkata (Winter)
0.0,84.0,14.6,1017.1,6.8,0.0,2,0,0,ERA5 - Kolkata (Winter)
0.0,70.0,17.2,1017.9,5.4,0.0,3,0,0,ERA5 - Kolkata (Winter)
0.0,57.0,19.9,1018.4,6.4,0.0,4,0,0,ERA5 - Kolkata (Winter)
0.0,49.0,22.0,1018.0,6.4,0.0,5,0,0,ERA5 - Kolkata (Winter)
0.0,46.0,23.4,1016.9,4.9,0.0,6,0,0,ERA5 - Kolkata (Winter)
0.0,45.0,24.5,1015.5,5.9,0.0,7,0,0,ERA5 - Kolkata (Winter)
0.0,44.0,25.1,1014.4,7.4,0.0,8,0,0,ERA5 - Kolkata (Winter)
0.0,44.0,25.3,1013.7,8.0,0.0,9,0,0,ERA5 - Kolkata (Winter)
0.0,46.0,24.9,1013.5,7.4,0.0,10,0,0,ERA5 - Kolkata (Winter)
0.0,52.0,23.7,1013.6,5.2,0.0,11,0,0,ERA5 - Kolkata (Winter)
0.0,65.0,19.8,1013.9,8.3,0.0,12,0,0,ERA5 - Kolkata (Winter)
0.0,72.0,18.4,1014.4,8.2,0.0,13,0,0,ERA5 - Kolkata (Winter)
0.0,76.0,17.4,1015.0,9.2,0.0,14,0,0,ERA5 - Kolkata (Winter)
0.0,79.0,16.7,1015.5,10.2,0.0,15,0,0,ERA5 - Kolkata (Winter)
0.0,80.0,16.4,1015.5,9.2,0.0,16,0,0,ERA5 - Kolkata (Winter)
0.0,82.0,16.0,1015.4,8.6,0.0,17,0,0,ERA5 - Kolkata (Winter)
0.0,89.0,14.7,1015.1,9.5,0.0,18,0,0,ERA5 - Kolkata (Winter)
0.0,91.0,14.4,1014.5,9.4,0.0,19,0,0,ERA5 - Kolkata (Winter)
0.0,90.0,14.5,1014.0,8.3,0.0,20,0,0,ERA5 - Kolkata (Winter)
0.0,88.0,15.2,1013.5,6.6,0.0,21,0,0,ERA5 - Kolkata (Winter)
0.0,87.0,15.5,1013.3,5.4,0.0,22,0,0,ERA5 - Kolkata (Winter)
0.0,89.0,15.5,1013.3,4.5,0.0,23,0,0,ERA5 - Kolkata (Winter)
0.0,71.0,22.9,1012.3,5.9,0.0,0,0,0,ERA5 - Kolkata (Pre-Monsoon Spring)
0.0,69.0,23.4,1012.9,5.5,0.0,1,0,0,ERA5 - Kolkata (Pre-Monsoon Spring)
0.0,63.0,24.9,1014.0,5.2,0.0,2,0,0,ERA5 - Kolkata (Pre-Monsoon Spring)
0.0,53.0,27.6,1014.6,5.9,0.0,3,0,0,ERA5 - Kolkata (Pre-Monsoon Spring)
0.0,45.0,30.0,1014.8,8.1,0.0,4,0,0,ERA5 - Kolkata (Pre-Monsoon Spring)
0.0,40.0,31.5,1014.4,7.9,0.0,5,0,0,ERA5 - Kolkata (Pre-Monsoon Spring)
0.0,37.0,32.5,1013.3,6.7,0.0,6,0,0,ERA5 - Kolkata (Pre-Monsoon Spring)
0.0,36.0,32.8,1012.0,6.4,0.0,7,0,0,ERA5 - Kolkata (Pre-Monsoon Spring)
0.0,33.0,33.4,1011.0,5.5,0.0,8,0,0,ERA5 - Kolkata (Pre-Monsoon Spring)
0.0,31.0,33.7,1009.9,4.7,0.0,9,0,0,ERA5 - Kolkata (Pre-Monsoon Spring)
0.0,28.0,33.3,1009.5,6.1,0.0,10,0,0,ERA5 - Kolkata (Pre-Monsoon Spring)
0.0,30.0,32.3,1010.0,13.1,0.0,11,0,0,ERA5 - Kolkata (Pre-Monsoon Spring)
0.0,49.0,28.4,1010.8,5.8,0.0,12,0,0,ERA5 - Kolkata (Pre-Monsoon Spring)
0.0,52.0,27.1,1011.3,8.5,0.0,13,0,0,ERA5 - Kolkata (Pre-Monsoon Spring)
0.0,53.0,27.0,1012.1,10.7,0.0,14,0,0,ERA5 - Kolkata (Pre-Monsoon Spring)
0.0,58.0,25.6,1012.5,6.8,0.0,15,0,0,ERA5 - Kolkata (Pre-Monsoon Spring)
0.0,66.0,24.0,1012.7,8.4,0.0,16,0,0,ERA5 - Kolkata (Pre-Monsoon Spring)
0.0,68.0,23.9,1012.7,8.4,0.0,17,0,0,ERA5 - Kolkata (Pre-Monsoon Spring)
0.0,67.0,23.9,1012.7,7.3,0.0,18,0,0,ERA5 - Kolkata (Pre-Monsoon Spring)
0.0,69.0,23.8,1012.3,6.9,0.0,19,0,0,ERA5 - Kolkata (Pre-Monsoon Spring)
0.0,77.0,22.8,1011.8,7.5,0.0,20,0,0,ERA5 - Kolkata (Pre-Monsoon Spring)
0.0,80.0,22.5,1011.3,7.4,0.0,21,0,0,ERA5 - Kolkata (Pre-Monsoon Spring)
0.0,75.0,22.6,1011.2,5.2,0.0,22,0,0,ERA5 - Kolkata (Pre-Monsoon Spring)
0.0,79.0,22.2,1011.3,4.5,0.0,23,0,0,ERA5 - Kolkata (Pre-Monsoon Spring)
0.0,85.0,22.9,1012.3,4.9,0.0,0,0,0,ERA5 - Kolkata (Pre-Monsoon Spring)
0.0,83.0,23.0,1013.4,6.5,0.0,1,0,0,ERA5 - Kolkata (Pre-Monsoon Spring)
0.0,73.0,24.7,1014.5,6.5,0.0,2,0,0,ERA5 - Kolkata (Pre-Monsoon Spring)
0.1,62.0,26.9,1015.1,6.3,0.0,3,0,0,ERA5 - Kolkata (Pre-Monsoon Spring)
0.0,55.0,28.2,1015.0,6.9,0.0,4,0,0,ERA5 - Kolkata (Pre-Monsoon Spring)
0.0,47.0,30.3,1014.7,8.3,0.0,5,0,0,ERA5 - Kolkata (Pre-Monsoon Spring)
0.0,44.0,31.2,1013.8,10.0,0.0,6,0,0,ERA5 - Kolkata (Pre-Monsoon Spring)
0.0,38.0,32.2,1012.4,9.4,0.0,7,0,0,ERA5 - Kolkata (Pre-Monsoon Spring)
0.0,33.0,33.1,1011.2,6.9,0.0,8,0,0,ERA5 - Kolkata (Pre-Monsoon Spring)
0.0,29.0,33.2,1010.5,6.3,0.0,9,0,0,ERA5 - Kolkata (Pre-Monsoon Spring)
0.0,31.0,32.2,1010.4,3.2,0.0,10,0,0,ERA5 - Kolkata (Pre-Monsoon Spring)
0.0,34.0,31.6,1010.6,4.0,0.0,11,0,0,ERA5 - Kolkata (Pre-Monsoon Spring)
0.0,48.0,28.8,1010.8,6.4,0.0,12,0,0,ERA5 - Kolkata (Pre-Monsoon Spring)
0.0,54.0,26.1,1011.2,8.4,0.0,13,0,0,ERA5 - Kolkata (Pre-Monsoon Spring)
0.0,58.0,25.3,1011.9,7.9,0.0,14,0,0,ERA5 - Kolkata (Pre-Monsoon Spring)
0.0,60.0,25.1,1012.6,7.4,0.0,15,0,0,ERA5 - Kolkata (Pre-Monsoon Spring)
0.0,59.0,24.7,1013.2,7.6,0.0,16,0,0,ERA5 - Kolkata (Pre-Monsoon Spring)
0.0,63.0,23.7,1013.2,9.4,0.0,17,0,0,ERA5 - Kolkata (Pre-Monsoon Spring)
0.0,70.0,22.7,1012.8,9.4,0.0,18,0,0,ERA5 - Kolkata (Pre-Monsoon Spring)
0.0,74.0,22.4,1012.2,9.0,0.0,19,0,0,ERA5 - Kolkata (Pre-Monsoon Spring)
0.0,80.0,21.6,1011.4,6.9,0.0,20,0,0,ERA5 - Kolkata (Pre-Monsoon Spring)
0.0,81.0,20.7,1011.1,8.9,0.0,21,0,0,ERA5 - Kolkata (Pre-Monsoon Spring)
0.0,77.0,20.7,1011.1,6.8,0.0,22,0,0,ERA5 - Kolkata (Pre-Monsoon Spring)
0.0,74.0,20.7,1011.7,6.8,0.0,23,0,0,ERA5 - Kolkata (Pre-Monsoon Spring)
0.0,82.0,20.2,1012.6,6.2,0.0,0,0,0,ERA5 - Kolkata (Pre-Monsoon Spring)
0.0,78.0,21.4,1013.5,6.6,0.0,1,0,0,ERA5 - Kolkata (Pre-Monsoon Spring)
0.0,68.0,24.1,1014.2,4.9,0.0,2,0,0,ERA5 - Kolkata (Pre-Monsoon Spring)
0.0,55.0,27.5,1014.5,5.8,0.0,3,0,0,ERA5 - Kolkata (Pre-Monsoon Spring)
0.0,43.0,30.3,1014.3,6.5,0.0,4,0,0,ERA5 - Kolkata (Pre-Monsoon Spring)
0.0,36.0,32.2,1013.9,5.1,0.0,5,0,0,ERA5 - Kolkata (Pre-Monsoon Spring)
0.0,33.0,33.4,1012.9,3.6,0.0,6,0,0,ERA5 - Kolkata (Pre-Monsoon Spring)
0.0,30.0,34.3,1011.6,2.6,0.0,7,0,0,ERA5 - Kolkata (Pre-Monsoon Spring)
0.0,28.0,34.7,1010.5,4.0,0.0,8,0,0,ERA5 - Kolkata (Pre-Monsoon Spring)
0.0,26.0,34.9,1009.4,6.3,0.0,9,0,0,ERA5 - Kolkata (Pre-Monsoon Spring)
0.0,25.0,34.6,1009.2,6.6,0.0,10,0,0,ERA5 - Kolkata (Pre-Monsoon Spring)
0.0,27.0,33.9,1009.3,5.8,0.0,11,0,0,ERA5 - Kolkata (Pre-Monsoon Spring)
0.0,44.0,30.1,1009.5,8.1,0.0,12,0,0,ERA5 - Kolkata (Pre-Monsoon Spring)
0.0,45.0,27.8,1009.8,8.9,0.0,13,0,0,ERA5 - Kolkata (Pre-Monsoon Spring)
0.0,37.0,29.7,1010.5,2.1,0.0,14,0,0,ERA5 - Kolkata (Pre-Monsoon Spring)
0.0,52.0,25.5,1011.2,7.5,0.0,15,0,0,ERA5 - Kolkata (Pre-Monsoon Spring)
0.0,55.0,25.3,1011.6,7.0,0.0,16,0,0,ERA5 - Kolkata (Pre-Monsoon Spring)
0.0,57.0,25.0,1011.8,7.3,0.0,17,0,0,ERA5 - Kolkata (Pre-Monsoon Spring)
0.0,67.0,23.5,1011.7,10.3,0.0,18,0,0,ERA5 - Kolkata (Pre-Monsoon Spring)
0.0,61.0,25.4,1011.6,2.9,0.0,19,0,0,ERA5 - Kolkata (Pre-Monsoon Spring)
0.0,69.0,23.9,1011.0,4.3,0.0,20,0,0,ERA5 - Kolkata (Pre-Monsoon Spring)
0.0,77.0,22.5,1010.8,6.9,0.0,21,0,0,ERA5 - Kolkata (Pre-Monsoon Spring)
0.0,79.0,21.7,1010.9,6.2,0.0,22,0,0,ERA5 - Kolkata (Pre-Monsoon Spring)
0.0,81.0,20.5,1011.3,6.6,0.0,23,0,0,ERA5 - Kolkata (Pre-Monsoon Spring)
0.0,88.0,20.7,1011.5,5.6,0.0,0,0,0,ERA5 - Kolkata (Pre-Monsoon Spring)
0.0,80.0,22.1,1012.1,4.4,0.0,1,0,0,ERA5 - Kolkata (Pre-Monsoon Spring)
0.0,64.0,25.4,1012.6,3.8,0.0,2,0,0,ERA5 - Kolkata (Pre-Monsoon Spring)
0.0,50.0,29.0,1012.8,4.2,0.0,3,0,0,ERA5 - Kolkata (Pre-Monsoon Spring)
0.0,40.0,31.6,1012.7,4.0,0.0,4,0,0,ERA5 - Kolkata (Pre-Monsoon Spring)
0.0,34.0,33.3,1012.2,1.6,0.0,5,0,0,ERA5 - Kolkata (Pre-Monsoon Spring)
0.0,30.0,34.5,1011.3,2.9,0.0,6,0,0,ERA5 - Kolkata (Pre-Monsoon Spring)
0.0,27.0,35.2,1009.9,5.4,0.0,7,0,0,ERA5 - Kolkata (Pre-Monsoon Spring)
0.0,26.0,35.6,1008.4,6.9,0.0,8,0,0,ERA5 - Kolkata (Pre-Monsoon Spring)
0.0,25.0,35.9,1007.3,9.4,0.0,9,0,0,ERA5 - Kolkata (Pre-Monsoon Spring)
0.0,24.0,35.5,1007.1,10.9,0.0,10,0,0,ERA5 - Kolkata (Pre-Monsoon Spring)
0.0,25.0,34.5,1007.0,9.6,0.0,11,0,0,ERA5 - Kolkata (Pre-Monsoon Spring)
0.0,39.0,32.1,1007.1,5.5,0.0,12,0,0,ERA5 - Kolkata (Pre-Monsoon Spring)
0.0,44.0,29.5,1007.5,7.4,0.0,13,0,0,ERA5 - Kolkata (Pre-Monsoon Spring)
0.0,47.0,27.9,1008.1,8.0,0.0,14,0,0,ERA5 - Kolkata (Pre-Monsoon Spring)
0.0,55.0,27.0,1008.8,6.5,0.0,15,0,0,ERA5 - Kolkata (Pre-Monsoon Spring)
0.0,62.0,25.9,1009.4,9.8,0.0,16,0,0,ERA5 - Kolkata (Pre-Monsoon Spring)
0.0,69.0,24.9,1009.5,7.2,0.0,17,0,0,ERA5 - Kolkata (Pre-Monsoon Spring)
0.0,73.0,24.3,1009.4,6.8,0.0,18,0,0,ERA5 - Kolkata (Pre-Monsoon Spring)
0.0,77.0,23.4,1009.3,6.4,0.0,19,0,0,ERA5 - Kolkata (Pre-Monsoon Spring)
0.0,78.0,23.9,1009.0,6.8,0.0,20,0,0,ERA5 - Kolkata (Pre-Monsoon Spring)
0.0,87.0,22.7,1008.8,7.2,0.0,21,0,0,ERA5 - Kolkata (Pre-Monsoon Spring)
0.0,87.0,22.6,1008.8,7.2,0.0,22,0,0,ERA5 - Kolkata (Pre-Monsoon Spring)
0.0,88.0,22.1,1009.0,8.0,0.0,23,0,0,ERA5 - Kolkata (Pre-Monsoon Spring)
0.0,92.0,22.5,1009.4,7.7,0.0,0,0,0,ERA5 - Kolkata (Pre-Monsoon Spring)
0.0,83.0,24.3,1010.2,8.9,0.0,1,0,0,ERA5 - Kolkata (Pre-Monsoon Spring)
0.0,71.0,26.7,1010.6,9.3,0.0,2,0,0,ERA5 - Kolkata (Pre-Monsoon Spring)
0.0,58.0,29.6,1010.7,12.1,0.0,3,0,0,ERA5 - Kolkata (Pre-Monsoon Spring)
0.0,42.0,32.3,1010.5,16.3,0.0,4,0,0,ERA5 - Kolkata (Pre-Monsoon Spring)
0.0,34.0,34.0,1010.0,18.5,0.0,5,0,0,ERA5 - Kolkata (Pre-Monsoon Spring)
0.0,34.0,34.1,1009.1,18.8,0.0,6,0,0,ERA5 - Kolkata (Pre-Monsoon Spring)
0.0,36.0,32.5,1008.4,17.6,0.0,7,0,0,ERA5 - Kolkata (Pre-Monsoon Spring)
0.0,33.0,34.0,1006.8,14.0,0.0,8,0,0,ERA5 - Kolkata (Pre-Monsoon Spring)
0.0,30.0,33.2,1005.9,25.1,0.0,9,0,0,ERA5 - Kolkata (Pre-Monsoon Spring)
0.0,35.0,32.1,1005.5,22.0,0.0,10,0,0,ERA5 - Kolkata (Pre-Monsoon Spring)
0.0,42.0,30.9,1005.5,19.1,0.0,11,0,0,ERA5 - Kolkata (Pre-Monsoon Spring)
0.0,46.0,30.0,1005.5,16.3,0.0,12,0,0,ERA5 - Kolkata (Pre-Monsoon Spring)
0.0,49.0,28.7,1006.2,15.8,0.0,13,0,0,ERA5 - Kolkata (Pre-Monsoon Spring)
0.0,57.0,27.6,1006.9,12.3,0.0,14,0,0,ERA5 - Kolkata (Pre-Monsoon Spring)
0.0,62.0,26.6,1007.2,10.1,0.0,15,0,0,ERA5 - Kolkata (Pre-Monsoon Spring)
0.0,63.0,26.2,1007.4,11.2,0.0,16,0,0,ERA5 - Kolkata (Pre-Monsoon Spring)
0.0,67.0,25.6,1007.4,11.7,0.0,17,0,0,ERA5 - Kolkata (Pre-Monsoon Spring)
0.0,69.0,25.3,1007.2,12.5,0.0,18,0,0,ERA5 - Kolkata (Pre-Monsoon Spring)
0.0,74.0,24.5,1007.1,10.0,0.0,19,0,0,ERA5 - Kolkata (Pre-Monsoon Spring)
0.0,78.0,23.9,1006.8,8.6,0.0,20,0,0,ERA5 - Kolkata (Pre-Monsoon Spring)
0.0,84.0,22.9,1007.1,5.9,0.0,21,0,0,ERA5 - Kolkata (Pre-Monsoon Spring)
0.0,81.0,23.1,1007.1,6.3,0.0,22,0,0,ERA5 - Kolkata (Pre-Monsoon Spring)
0.0,78.0,23.3,1007.1,7.2,0.0,23,0,0,ERA5 - Kolkata (Pre-Monsoon Spring)
0.0,75.0,24.1,1007.0,11.2,0.0,0,0,0,ERA5 - Kolkata (Pre-Monsoon Spring)
0.0,71.0,24.7,1008.3,9.4,0.0,1,0,0,ERA5 - Kolkata (Pre-Monsoon Spring)
0.0,63.0,26.5,1009.2,8.9,0.0,2,0,0,ERA5 - Kolkata (Pre-Monsoon Spring)
0.0,53.0,28.6,1010.0,9.3,0.0,3,0,0,ERA5 - Kolkata (Pre-Monsoon Spring)
0.0,46.0,30.4,1010.1,13.1,0.0,4,0,0,ERA5 - Kolkata (Pre-Monsoon Spring)
0.0,40.0,32.6,1009.7,14.0,0.0,5,0,0,ERA5 - Kolkata (Pre-Monsoon Spring)
0.0,36.0,33.6,1009.0,13.3,0.0,6,0,0,ERA5 - Kolkata (Pre-Monsoon Spring)
0.2,31.0,33.5,1008.1,16.9,0.0,7,0,0,ERA5 - Kolkata (Pre-Monsoon Spring)
0.0,29.0,33.8,1006.9,18.6,0.0,8,0,0,ERA5 - Kolkata (Pre-Monsoon Spring)
0.0,25.0,33.8,1005.8,16.0,0.0,9,0,0,ERA5 - Kolkata (Pre-Monsoon Spring)
0.0,25.0,33.8,1005.3,15.1,0.0,10,0,0,ERA5 - Kolkata (Pre-Monsoon Spring)
0.0,26.0,33.2,1005.2,13.5,0.0,11,0,0,ERA5 - Kolkata (Pre-Monsoon Spring)
0.0,37.0,30.3,1005.4,13.8,0.0,12,0,0,ERA5 - Kolkata (Pre-Monsoon Spring)
0.0,42.0,28.8,1006.0,9.5,0.0,13,0,0,ERA5 - Kolkata (Pre-Monsoon Spring)
0.0,56.0,27.6,1006.9,12.8,0.0,14,0,0,ERA5 - Kolkata (Pre-Monsoon Spring)
0.0,73.0,26.3,1007.9,11.9,0.0,15,0,0,ERA5 - Kolkata (Pre-Monsoon Spring)
0.0,79.0,25.5,1008.4,10.8,0.0,16,0,0,ERA5 - Kolkata (Pre-Monsoon Spring)
0.0,85.0,24.8,1008.9,11.2,0.0,17,0,0,ERA5 - Kolkata (Pre-Monsoon Spring)
0.0,93.0,24.2,1009.0,9.2,0.0,18,0,0,ERA5 - Kolkata (Pre-Monsoon Spring)
0.0,97.0,24.0,1008.6,8.5,0.0,19,0,0,ERA5 - Kolkata (Pre-Monsoon Spring)
0.0,98.0,24.2,1008.3,11.8,0.0,20,0,0,ERA5 - Kolkata (Pre-Monsoon Spring)
0.0,97.0,24.3,1008.0,11.3,0.0,21,0,0,ERA5 - Kolkata (Pre-Monsoon Spring)
0.0,98.0,24.1,1008.2,8.4,0.0,22,0,0,ERA5 - Kolkata (Pre-Monsoon Spring)
0.0,99.0,23.1,1008.6,6.0,0.0,23,0,0,ERA5 - Kolkata (Pre-Monsoon Spring)
0.0,99.0,23.2,1008.8,4.3,0.0,0,0,0,ERA5 - Kolkata (Post-Monsoon Autumn)
0.0,92.0,24.8,1009.8,6.0,0.0,1,0,0,ERA5 - Kolkata (Post-Monsoon Autumn)
0.0,82.0,27.3,1010.6,3.4,0.0,2,0,0,ERA5 - Kolkata (Post-Monsoon Autumn)
0.0,70.0,29.6,1011.0,2.6,0.0,3,0,0,ERA5 - Kolkata (Post-Monsoon Autumn)
0.0,56.0,31.3,1010.6,2.9,0.0,4,0,0,ERA5 - Kolkata (Post-Monsoon Autumn)
0.0,46.0,32.3,1010.0,4.8,0.0,5,0,0,ERA5 - Kolkata (Post-Monsoon Autumn)
0.0,45.0,32.6,1009.0,5.6,0.0,6,0,0,ERA5 - Kolkata (Post-Monsoon Autumn)
0.0,45.0,32.7,1008.1,6.4,0.0,7,0,0,ERA5 - Kolkata (Post-Monsoon Autumn)
0.0,46.0,32.7,1006.7,6.9,0.0,8,0,0,ERA5 - Kolkata (Post-Monsoon Autumn)
0.0,47.0,32.2,1005.9,9.0,0.0,9,0,0,ERA5 - Kolkata (Post-Monsoon Autumn)
0.0,56.0,31.2,1005.9,8.9,0.0,10,0,0,ERA5 - Kolkata (Post-Monsoon Autumn)
0.0,71.0,29.7,1006.1,4.0,0.0,11,0,0,ERA5 - Kolkata (Post-Monsoon Autumn)
0.0,70.0,28.1,1006.8,7.4,0.0,12,0,0,ERA5 - Kolkata (Post-Monsoon Autumn)
0.0,78.0,26.5,1007.4,7.9,0.0,13,0,0,ERA5 - Kolkata (Post-Monsoon Autumn)
0.0,73.0,27.3,1008.2,5.4,0.0,14,0,0,ERA5 - Kolkata (Post-Monsoon Autumn)
0.0,75.0,27.1,1008.9,2.6,0.0,15,0,0,ERA5 - Kolkata (Post-Monsoon Autumn)
0.0,87.0,24.9,1009.0,4.4,0.0,16,0,0,ERA5 - Kolkata (Post-Monsoon Autumn)
0.0,83.0,25.9,1008.9,3.6,0.0,17,0,0,ERA5 - Kolkata (Post-Monsoon Autumn)
0.0,84.0,25.8,1008.7,0.4,0.0,18,0,0,ERA5 - Kolkata (Post-Monsoon Autumn)
0.0,85.0,25.6,1008.6,1.3,0.0,19,0,0,ERA5 - Kolkata (Post-Monsoon Autumn)
0.0,88.0,25.3,1008.6,3.3,0.0,20,0,0,ERA5 - Kolkata (Post-Monsoon Autumn)
0.0,93.0,23.4,1008.5,6.8,0.0,21,0,0,ERA5 - Kolkata (Post-Monsoon Autumn)
0.0,90.0,23.5,1008.5,7.2,0.0,22,0,0,ERA5 - Kolkata (Post-Monsoon Autumn)
0.0,83.0,25.0,1009.0,4.5,0.0,23,0,0,ERA5 - Kolkata (Post-Monsoon Autumn)
0.0,94.0,23.5,1009.6,4.5,0.0,0,0,0,ERA5 - Kolkata (Post-Monsoon Autumn)
0.0,91.0,25.5,1010.7,1.3,0.0,1,0,0,ERA5 - Kolkata (Post-Monsoon Autumn)
0.0,79.0,27.4,1011.7,1.1,0.0,2,0,0,ERA5 - Kolkata (Post-Monsoon Autumn)
0.0,69.0,29.0,1011.9,1.8,0.0,3,0,0,ERA5 - Kolkata (Post-Monsoon Autumn)
0.0,63.0,30.3,1011.3,2.2,0.0,4,0,0,ERA5 - Kolkata (Post-Monsoon Autumn)
0.0,58.0,31.0,1010.9,4.8,0.0,5,0,0,ERA5 - Kolkata (Post-Monsoon Autumn)
0.1,57.0,31.2,1010.0,5.9,0.0,6,0,0,ERA5 - Kolkata (Post-Monsoon Autumn)
0.0,56.0,31.3,1009.0,5.8,0.0,7,0,0,ERA5 - Kolkata (Post-Monsoon Autumn)
0.0,56.0,31.4,1008.2,5.4,0.0,8,0,0,ERA5 - Kolkata (Post-Monsoon Autumn)
0.0,56.0,31.2,1007.5,5.8,0.0,9,0,0,ERA5 - Kolkata (Post-Monsoon Autumn)
0.0,58.0,30.8,1007.3,6.3,0.0,10,0,0,ERA5 - Kolkata (Post-Monsoon Autumn)
0.0,70.0,29.6,1007.5,4.3,0.0,11,0,0,ERA5 - Kolkata (Post-Monsoon Autumn)
0.0,82.0,27.0,1008.7,13.3,0.0,12,0,0,ERA5 - Kolkata (Post-Monsoon Autumn)
0.4,80.0,26.7,1008.4,3.1,0.0,13,0,0,ERA5 - Kolkata (Post-Monsoon Autumn)
0.1,86.0,26.0,1009.5,3.4,0.0,14,0,0,ERA5 - Kolkata (Post-Monsoon Autumn)
0.0,86.0,26.0,1009.9,7.2,0.0,15,0,0,ERA5 - Kolkata (Post-Monsoon Autumn)
0.0,89.0,25.2,1009.8,6.1,0.0,16,0,0,ERA5 - Kolkata (Post-Monsoon Autumn)
0.0,87.0,25.0,1009.7,6.6,0.0,17,0,0,ERA5 - Kolkata (Post-Monsoon Autumn)
0.0,90.0,24.4,1009.9,7.6,0.0,18,0,0,ERA5 - Kolkata (Post-Monsoon Autumn)
0.0,89.0,24.6,1009.5,6.3,0.0,19,0,0,ERA5 - Kolkata (Post-Monsoon Autumn)
0.0,92.0,24.1,1009.1,6.8,0.0,20,0,0,ERA5 - Kolkata (Post-Monsoon Autumn)
0.0,94.0,23.7,1009.0,7.1,0.0,21,0,0,ERA5 - Kolkata (Post-Monsoon Autumn)
0.0,96.0,23.0,1009.5,8.1,0.0,22,0,0,ERA5 - Kolkata (Post-Monsoon Autumn)
0.0,94.0,22.8,1010.0,7.3,0.0,23,0,0,ERA5 - Kolkata (Post-Monsoon Autumn)
0.0,99.0,24.0,1010.7,4.2,0.0,0,0,0,ERA5 - Kolkata (Post-Monsoon Autumn)
0.0,96.0,25.2,1011.8,2.3,0.0,1,0,0,ERA5 - Kolkata (Post-Monsoon Autumn)
0.0,92.0,26.6,1012.8,2.2,0.0,2,0,0,ERA5 - Kolkata (Post-Monsoon Autumn)
0.0,81.0,28.6,1013.1,1.8,0.0,3,0,0,ERA5 - Kolkata (Post-Monsoon Autumn)
0.0,68.0,30.3,1012.7,3.3,0.0,4,0,0,ERA5 - Kolkata (Post-Monsoon Autumn)
0.1,62.0,30.8,1011.9,4.8,0.0,5,0,0,ERA5 - Kolkata (Post-Monsoon Autumn)
0.0,61.0,31.1,1010.7,4.3,0.0,6,0,0,ERA5 - Kolkata (Post-Monsoon Autumn)
0.1,60.0,31.2,1009.7,2.8,0.0,7,0,0,ERA5 - Kolkata (Post-Monsoon Autumn)
0.0,59.0,31.2,1008.8,2.3,0.0,8,0,0,ERA5 - Kolkata (Post-Monsoon Autumn)
0.0,58.0,31.1,1008.2,0.8,0.0,9,0,0,ERA5 - Kolkata (Post-Monsoon Autumn)
0.0,59.0,30.7,1008.2,2.1,0.0,10,0,0,ERA5 - Kolkata (Post-Monsoon Autumn)
0.0,68.0,29.9,1008.6,1.8,0.0,11,0,0,ERA5 - Kolkata (Post-Monsoon Autumn)
0.0,78.0,27.9,1008.9,7.0,0.0,12,0,0,ERA5 - Kolkata (Post-Monsoon Autumn)
0.0,78.0,28.0,1009.2,4.7,0.0,13,0,0,ERA5 - Kolkata (Post-Monsoon Autumn)
0.0,77.0,28.3,1009.9,1.9,0.0,14,0,0,ERA5 - Kolkata (Post-Monsoon Autumn)
0.0,81.0,27.8,1010.5,2.6,0.0,15,0,0,ERA5 - Kolkata (Post-Monsoon Autumn)
0.0,83.0,27.5,1010.8,2.3,0.0,16,0,0,ERA5 - Kolkata (Post-Monsoon Autumn)
0.0,89.0,25.9,1010.8,4.7,0.0,17,0,0,ERA5 - Kolkata (Post-Monsoon Autumn)
0.0,93.0,24.8,1010.6,5.7,0.0,18,0,0,ERA5 - Kolkata (Post-Monsoon Autumn)
0.0,93.0,24.3,1010.1,6.8,0.0,19,0,0,ERA5 - Kolkata (Post-Monsoon Autumn)
0.0,93.0,24.0,1010.1,6.9,0.0,20,0,0,ERA5 - Kolkata (Post-Monsoon Autumn)
0.0,94.0,23.7,1010.0,7.2,0.0,21,0,0,ERA5 - Kolkata (Post-Monsoon Autumn)
0.0,91.0,23.8,1010.1,5.8,0.0,22,0,0,ERA5 - Kolkata (Post-Monsoon Autumn)
0.0,93.0,23.2,1010.4,5.4,0.0,23,0,0,ERA5 - Kolkata (Post-Monsoon Autumn)
0.0,92.0,24.1,1011.3,5.4,0.0,0,0,0,ERA5 - Kolkata (Post-Monsoon Autumn)
0.0,87.0,25.6,1012.2,5.0,0.0,1,0,0,ERA5 - Kolkata (Post-Monsoon Autumn)
0.0,82.0,27.0,1013.0,5.4,0.0,2,0,0,ERA5 - Kolkata (Post-Monsoon Autumn)
0.0,75.0,28.8,1013.3,6.8,0.0,3,0,0,ERA5 - Kolkata (Post-Monsoon Autumn)
0.0,66.0,30.2,1013.3,8.8,0.0,4,0,0,ERA5 - Kolkata (Post-Monsoon Autumn)
0.0,61.0,31.0,1012.7,9.1,0.0,5,0,0,ERA5 - Kolkata (Post-Monsoon Autumn)
0.0,57.0,31.5,1011.4,9.0,0.0,6,0,0,ERA5 - Kolkata (Post-Monsoon Autumn)
0.0,54.0,31.8,1010.4,10.4,0.0,7,0,0,ERA5 - Kolkata (Post-Monsoon Autumn)
0.0,52.0,31.6,1009.7,11.5,0.0,8,0,0,ERA5 - Kolkata (Post-Monsoon Autumn)
0.0,54.0,31.3,1009.2,10.8,0.0,9,0,0,ERA5 - Kolkata (Post-Monsoon Autumn)
0.0,58.0,30.6,1008.9,9.7,0.0,10,0,0,ERA5 - Kolkata (Post-Monsoon Autumn)
0.0,67.0,29.4,1009.0,5.9,0.0,11,0,0,ERA5 - Kolkata (Post-Monsoon Autumn)
0.0,77.0,27.4,1009.9,6.1,0.0,12,0,0,ERA5 - Kolkata (Post-Monsoon Autumn)
0.0,82.0,26.7,1010.4,5.2,0.0,13,0,0,ERA5 - Kolkata (Post-Monsoon Autumn)
0.0,87.0,25.9,1011.0,4.5,0.0,14,0,0,ERA5 - Kolkata (Post-Monsoon Autumn)
0.0,92.0,25.2,1011.6,5.2,0.0,15,0,0,ERA5 - Kolkata (Post-Monsoon Autumn)
0.0,93.0,24.9,1011.6,2.9,0.0,16,0,0,ERA5 - Kolkata (Post-Monsoon Autumn)
0.0,96.0,24.2,1011.4,4.1,0.0,17,0,0,ERA5 - Kolkata (Post-Monsoon Autumn)
0.0,95.0,24.1,1011.3,4.0,0.0,18,0,0,ERA5 - Kolkata (Post-Monsoon Autumn)
0.0,97.0,23.3,1010.9,6.1,0.0,19,0,0,ERA5 - Kolkata (Post-Monsoon Autumn)
0.0,96.0,23.3,1010.7,6.1,0.0,20,0,0,ERA5 - Kolkata (Post-Monsoon Autumn)
0.0,96.0,22.9,1010.6,6.4,0.0,21,0,0,ERA5 - Kolkata (Post-Monsoon Autumn)
0.0,96.0,22.5,1010.6,6.2,0.0,22,0,0,ERA5 - Kolkata (Post-Monsoon Autumn)
0.0,96.0,22.4,1011.0,5.4,0.0,23,0,0,ERA5 - Kolkata (Post-Monsoon Autumn)
0.0,95.0,23.8,1011.9,6.0,0.0,0,0,0,ERA5 - Kolkata (Post-Monsoon Autumn)
0.0,91.0,25.1,1012.8,7.1,0.0,1,0,0,ERA5 - Kolkata (Post-Monsoon Autumn)
0.0,84.0,27.1,1013.4,6.4,0.0,2,0,0,ERA5 - Kolkata (Post-Monsoon Autumn)
0.0,73.0,28.9,1013.8,8.9,0.0,3,0,0,ERA5 - Kolkata (Post-Monsoon Autumn)
0.0,65.0,29.9,1013.8,11.0,0.0,4,0,0,ERA5 - Kolkata (Post-Monsoon Autumn)
0.0,62.0,30.5,1013.3,11.3,0.0,5,0,0,ERA5 - Kolkata (Post-Monsoon Autumn)
0.0,60.0,30.8,1012.4,10.5,0.0,6,0,0,ERA5 - Kolkata (Post-Monsoon Autumn)
0.0,57.0,31.3,1011.5,9.4,0.0,7,0,0,ERA5 - Kolkata (Post-Monsoon Autumn)
0.0,55.0,31.3,1010.4,9.4,0.0,8,0,0,ERA5 - Kolkata (Post-Monsoon Autumn)
0.0,54.0,31.2,1009.7,9.7,0.0,9,0,0,ERA5 - Kolkata (Post-Monsoon Autumn)
0.0,57.0,30.5,1009.4,9.2,0.0,10,0,0,ERA5 - Kolkata (Post-Monsoon Autumn)
0.0,69.0,29.3,1009.5,4.6,0.0,11,0,0,ERA5 - Kolkata (Post-Monsoon Autumn)
0.0,74.0,26.8,1010.3,8.4,0.0,12,0,0,ERA5 - Kolkata (Post-Monsoon Autumn)
0.0,71.0,26.8,1010.7,7.1,0.0,13,0,0,ERA5 - Kolkata (Post-Monsoon Autumn)
0.0,60.0,28.2,1011.6,5.7,0.0,14,0,0,ERA5 - Kolkata (Post-Monsoon Autumn)
0.0,62.0,27.4,1012.2,6.2,0.0,15,0,0,ERA5 - Kolkata (Post-Monsoon Autumn)
0.0,70.0,25.6,1012.4,7.1,0.0,16,0,0,ERA5 - Kolkata (Post-Monsoon Autumn)
0.0,80.0,24.1,1012.4,7.7,0.0,17,0,0,ERA5 - Kolkata (Post-Monsoon Autumn)
0.0,86.0,23.0,1012.0,6.8,0.0,18,0,0,ERA5 - Kolkata (Post-Monsoon Autumn)
0.0,91.0,22.1,1011.8,8.4,0.0,19,0,0,ERA5 - Kolkata (Post-Monsoon Autumn)
0.0,91.0,22.0,1011.5,7.6,0.0,20,0,0,ERA5 - Kolkata (Post-Monsoon Autumn)
0.0,90.0,22.2,1011.3,5.8,0.0,21,0,0,ERA5 - Kolkata (Post-Monsoon Autumn)
0.0,90.0,22.2,1011.5,6.3,0.0,22,0,0,ERA5 - Kolkata (Post-Monsoon Autumn)
0.0,90.0,22.1,1011.9,6.7,0.0,23,0,0,ERA5 - Kolkata (Post-Monsoon Autumn)
0.0,88.0,23.2,1012.5,8.4,0.0,0,0,0,ERA5 - Kolkata (Post-Monsoon Autumn)
0.0,83.0,24.5,1013.4,9.4,0.0,1,0,0,ERA5 - Kolkata (Post-Monsoon Autumn)
0.0,77.0,26.3,1014.3,7.9,0.0,2,0,0,ERA5 - Kolkata (Post-Monsoon Autumn)
0.0,70.0,28.2,1014.6,9.0,0.0,3,0,0,ERA5 - Kolkata (Post-Monsoon Autumn)
0.0,59.0,29.6,1014.3,11.4,0.0,4,0,0,ERA5 - Kolkata (Post-Monsoon Autumn)
0.0,55.0,30.4,1013.7,10.4,0.0,5,0,0,ERA5 - Kolkata (Post-Monsoon Autumn)
0.0,52.0,30.9,1012.6,10.0,0.0,6,0,0,ERA5 - Kolkata (Post-Monsoon Autumn)
0.0,50.0,31.2,1011.5,10.2,0.0,7,0,0,ERA5 - Kolkata (Post-Monsoon Autumn)
0.0,49.0,31.3,1010.5,10.1,0.0,8,0,0,ERA5 - Kolkata (Post-Monsoon Autumn)
0.0,49.0,31.0,1009.8,9.4,0.0,9,0,0,ERA5 - Kolkata (Post-Monsoon Autumn)
0.0,53.0,30.5,1009.6,8.0,0.0,10,0,0,ERA5 - Kolkata (Post-Monsoon Autumn)
0.0,66.0,28.8,1009.8,4.9,0.0,11,0,0,ERA5 - Kolkata (Post-Monsoon Autumn)
0.0,72.0,26.5,1010.2,8.0,0.0,12,0,0,ERA5 - Kolkata (Post-Monsoon Autumn)
0.0,61.0,28.0,1011.2,4.8,0.0,13,0,0,ERA5 - Kolkata (Post-Monsoon Autumn)
0.0,63.0,27.5,1012.1,4.7,0.0,14,0,0,ERA5 - Kolkata (Post-Monsoon Autumn)
0.0,65.0,27.0,1012.6,5.1,0.0,15,0,0,ERA5 - Kolkata (Post-Monsoon Autumn)
0.0,85.0,23.2,1012.8,7.7,0.0,16,0,0,ERA5 - Kolkata (Post-Monsoon Autumn)
0.0,86.0,22.8,1012.8,6.3,0.0,17,0,0,ERA5 - Kolkata (Post-Monsoon Autumn)
0.0,83.0,22.8,1012.7,6.8,0.0,18,0,0,ERA5 - Kolkata (Post-Monsoon Autumn)
0.0,84.0,22.3,1012.2,6.8,0.0,19,0,0,ERA5 - Kolkata (Post-Monsoon Autumn)
0.0,85.0,21.8,1011.9,7.2,0.0,20,0,0,ERA5 - Kolkata (Post-Monsoon Autumn)
0.0,83.0,21.7,1011.6,7.9,0.0,21,0,0,ERA5 - Kolkata (Post-Monsoon Autumn)
0.0,82.0,21.4,1011.5,7.7,0.0,22,0,0,ERA5 - Kolkata (Post-Monsoon Autumn)
0.0,85.0,20.8,1011.7,6.4,0.0,23,0,0,ERA5 - Kolkata (Post-Monsoon Autumn)
0.0,97.0,26.5,1003.2,13.7,0.0,0,0,0,ERA5 - Kolkata (Mild Summer)
0.0,93.0,28.5,1004.3,17.3,0.0,1,0,0,ERA5 - Kolkata (Mild Summer)
0.0,85.0,30.4,1005.1,15.4,0.0,2,0,0,ERA5 - Kolkata (Mild Summer)
0.0,79.0,32.1,1005.5,10.7,0.0,3,0,0,ERA5 - Kolkata (Mild Summer)
0.0,72.0,34.0,1005.5,7.6,0.0,4,0,0,ERA5 - Kolkata (Mild Summer)
0.0,67.0,35.3,1005.2,4.7,0.0,5,0,0,ERA5 - Kolkata (Mild Summer)
0.0,61.0,36.4,1004.3,4.0,0.0,6,0,0,ERA5 - Kolkata (Mild Summer)
0.0,55.0,37.4,1003.1,2.6,0.0,7,0,0,ERA5 - Kolkata (Mild Summer)
0.0,48.0,38.1,1002.3,8.8,0.0,8,0,0,ERA5 - Kolkata (Mild Summer)
0.0,39.0,38.3,1001.4,11.3,0.0,9,0,0,ERA5 - Kolkata (Mild Summer)
0.0,39.0,37.7,1001.1,8.0,0.0,10,0,0,ERA5 - Kolkata (Mild Summer)
0.0,44.0,37.1,1000.8,2.5,0.0,11,0,0,ERA5 - Kolkata (Mild Summer)
0.0,53.0,34.0,1000.8,8.1,0.0,12,0,0,ERA5 - Kolkata (Mild Summer)
0.0,71.0,32.2,1002.7,9.0,0.0,13,0,0,ERA5 - Kolkata (Mild Summer)
0.0,76.0,31.6,1003.4,15.0,0.0,14,0,0,ERA5 - Kolkata (Mild Summer)
0.0,85.0,29.9,1004.1,17.5,0.0,15,0,0,ERA5 - Kolkata (Mild Summer)
0.0,89.0,28.9,1004.6,14.9,0.0,16,0,0,ERA5 - Kolkata (Mild Summer)
0.0,93.0,28.4,1004.9,12.3,0.0,17,0,0,ERA5 - Kolkata (Mild Summer)
0.0,95.0,28.1,1004.5,13.0,0.0,18,0,0,ERA5 - Kolkata (Mild Summer)
0.0,95.0,27.8,1004.1,10.6,0.0,19,0,0,ERA5 - Kolkata (Mild Summer)
0.0,97.0,27.4,1003.7,6.8,0.0,20,0,0,ERA5 - Kolkata (Mild Summer)
0.0,97.0,27.2,1003.6,5.1,0.0,21,0,0,ERA5 - Kolkata (Mild Summer)
0.0,98.0,26.6,1003.4,5.7,0.0,22,0,0,ERA5 - Kolkata (Mild Summer)
0.0,98.0,26.4,1003.8,5.4,0.0,23,0,0,ERA5 - Kolkata (Mild Summer)
0.0,98.0,26.4,1004.5,6.0,0.0,0,0,0,ERA5 - Kolkata (Mild Summer)
0.0,97.0,28.2,1005.1,7.8,0.0,1,0,0,ERA5 - Kolkata (Mild Summer)
0.0,88.0,29.7,1006.0,8.0,0.0,2,0,0,ERA5 - Kolkata (Mild Summer)
0.0,82.0,31.6,1006.5,5.9,0.0,3,0,0,ERA5 - Kolkata (Mild Summer)
0.0,74.0,33.5,1006.7,4.5,0.0,4,0,0,ERA5 - Kolkata (Mild Summer)
0.0,65.0,35.3,1006.4,3.3,0.0,5,0,0,ERA5 - Kolkata (Mild Summer)
0.0,54.0,36.6,1005.5,3.8,0.0,6,0,0,ERA5 - Kolkata (Mild Summer)
0.0,46.0,37.4,1004.1,5.3,0.0,7,0,0,ERA5 - Kolkata (Mild Summer)
0.0,44.0,37.6,1003.0,3.6,0.0,8,0,0,ERA5 - Kolkata (Mild Summer)
0.0,42.0,37.7,1002.1,3.6,0.0,9,0,0,ERA5 - Kolkata (Mild Summer)
2.1,65.0,32.7,1002.6,20.6,0.0,10,0,0,ERA5 - Kolkata (Mild Summer)
1.2,75.0,30.7,1002.3,8.9,0.0,11,0,0,ERA5 - Kolkata (Mild Summer)
0.0,74.0,31.6,1002.6,5.8,0.0,12,0,0,ERA5 - Kolkata (Mild Summer)
0.0,67.0,31.2,1003.2,14.4,0.0,13,0,0,ERA5 - Kolkata (Mild Summer)
0.0,73.0,31.5,1003.6,19.5,0.0,14,0,0,ERA5 - Kolkata (Mild Summer)
0.0,84.0,29.8,1004.5,18.7,0.0,15,0,0,ERA5 - Kolkata (Mild Summer)
0.0,90.0,28.9,1004.8,19.1,0.0,16,0,0,ERA5 - Kolkata (Mild Summer)
0.0,93.0,28.3,1004.8,19.3,0.0,17,0,0,ERA5 - Kolkata (Mild Summer)
0.0,95.0,27.8,1004.1,15.6,0.0,18,0,0,ERA5 - Kolkata (Mild Summer)
0.0,96.0,27.4,1003.9,11.9,0.0,19,0,0,ERA5 - Kolkata (Mild Summer)
0.0,97.0,27.1,1003.6,11.7,0.0,20,0,0,ERA5 - Kolkata (Mild Summer)
0.0,97.0,27.1,1003.3,6.7,0.0,21,0,0,ERA5 - Kolkata (Mild Summer)
0.0,97.0,26.8,1003.9,4.8,0.0,22,0,0,ERA5 - Kolkata (Mild Summer)
0.0,92.0,27.6,1004.2,6.4,0.0,23,0,0,ERA5 - Kolkata (Mild Summer)
0.0,94.0,27.3,1004.9,5.2,0.0,0,0,0,ERA5 - Kolkata (Mild Summer)
0.3,97.0,27.3,1006.5,7.2,0.0,1,0,0,ERA5 - Kolkata (Mild Summer)
0.6,90.0,27.1,1006.3,8.9,0.0,2,0,0,ERA5 - Kolkata (Mild Summer)
0.0,81.0,30.7,1007.8,19.6,0.0,3,0,0,ERA5 - Kolkata (Mild Summer)
0.0,70.0,32.4,1007.4,4.0,0.0,4,0,0,ERA5 - Kolkata (Mild Summer)
0.0,64.0,33.5,1007.4,8.9,0.0,5,0,0,ERA5 - Kolkata (Mild Summer)
0.0,44.0,35.9,1005.2,10.4,0.0,6,0,0,ERA5 - Kolkata (Mild Summer)
0.0,50.0,36.2,1004.6,11.7,0.0,7,0,0,ERA5 - Kolkata (Mild Summer)
0.0,45.0,36.3,1003.9,5.8,0.0,8,0,0,ERA5 - Kolkata (Mild Summer)
1.6,47.0,35.2,1003.4,5.1,0.0,9,0,0,ERA5 - Kolkata (Mild Summer)
0.0,49.0,34.6,1003.5,11.3,0.0,10,0,0,ERA5 - Kolkata (Mild Summer)
0.0,51.0,34.4,1003.7,1.8,0.0,11,0,0,ERA5 - Kolkata (Mild Summer)
0.0,71.0,32.3,1003.9,3.6,0.0,12,0,0,ERA5 - Kolkata (Mild Summer)
0.0,73.0,29.9,1005.9,5.5,0.0,13,0,0,ERA5 - Kolkata (Mild Summer)
0.0,61.0,29.9,1006.5,6.0,0.0,14,0,0,ERA5 - Kolkata (Mild Summer)
0.0,68.0,28.8,1006.8,7.0,0.0,15,0,0,ERA5 - Kolkata (Mild Summer)
0.0,72.0,28.3,1008.3,10.0,0.0,16,0,0,ERA5 - Kolkata (Mild Summer)
0.0,74.0,27.3,1008.6,12.1,0.0,17,0,0,ERA5 - Kolkata (Mild Summer)
0.0,82.0,26.3,1008.6,14.0,0.0,18,0,0,ERA5 - Kolkata (Mild Summer)
0.0,86.0,26.2,1007.7,7.9,0.0,19,0,0,ERA5 - Kolkata (Mild Summer)
0.0,94.0,25.4,1007.4,9.2,0.0,20,0,0,ERA5 - Kolkata (Mild Summer)
0.0,96.0,25.3,1007.2,8.3,0.0,21,0,0,ERA5 - Kolkata (Mild Summer)
0.0,96.0,25.0,1007.6,8.4,0.0,22,0,0,ERA5 - Kolkata (Mild Summer)
0.0,95.0,24.2,1007.5,8.7,0.0,23,0,0,ERA5 - Kolkata (Mild Summer)
0.0,95.0,23.9,1007.8,2.5,0.0,0,0,0,ERA5 - Kolkata (Mild Summer)
0.0,82.0,26.6,1007.9,6.6,0.0,1,0,0,ERA5 - Kolkata (Mild Summer)
0.0,81.0,27.8,1009.7,9.5,0.0,2,0,0,ERA5 - Kolkata (Mild Summer)
0.1,75.0,28.8,1010.7,8.8,0.0,3,0,0,ERA5 - Kolkata (Mild Summer)
0.0,60.0,30.2,1011.1,14.0,0.0,4,0,0,ERA5 - Kolkata (Mild Summer)
0.0,46.0,31.7,1011.2,21.1,0.0,5,0,0,ERA5 - Kolkata (Mild Summer)
0.0,43.0,31.9,1010.8,21.4,0.0,6,0,0,ERA5 - Kolkata (Mild Summer)
0.0,44.0,32.0,1010.1,18.7,0.0,7,0,0,ERA5 - Kolkata (Mild Summer)
0.0,53.0,28.9,1009.5,16.2,0.0,8,0,0,ERA5 - Kolkata (Mild Summer)
0.0,48.0,29.6,1007.7,7.9,0.0,9,0,0,ERA5 - Kolkata (Mild Summer)
0.0,56.0,28.6,1008.2,13.0,0.0,10,0,0,ERA5 - Kolkata (Mild Summer)
0.0,57.0,28.2,1007.6,10.5,0.0,11,0,0,ERA5 - Kolkata (Mild Summer)
0.0,59.0,27.1,1007.6,8.9,0.0,12,0,0,ERA5 - Kolkata (Mild Summer)
0.0,57.0,27.5,1008.0,12.0,0.0,13,0,0,ERA5 - Kolkata (Mild Summer)
0.0,62.0,26.3,1008.8,6.9,0.0,14,0,0,ERA5 - Kolkata (Mild Summer)
0.0,68.0,25.4,1009.4,4.6,0.0,15,0,0,ERA5 - Kolkata (Mild Summer)
0.0,74.0,24.4,1009.8,7.2,0.0,16,0,0,ERA5 - Kolkata (Mild Summer)
0.0,78.0,23.5,1009.8,7.9,0.0,17,0,0,ERA5 - Kolkata (Mild Summer)
0.0,80.0,22.9,1009.3,7.2,0.0,18,0,0,ERA5 - Kolkata (Mild Summer)
0.0,83.0,22.5,1008.6,5.2,0.0,19,0,0,ERA5 - Kolkata (Mild Summer)
0.0,85.0,22.1,1008.0,6.9,0.0,20,0,0,ERA5 - Kolkata (Mild Summer)
0.0,76.0,23.8,1007.5,2.2,0.0,21,0,0,ERA5 - Kolkata (Mild Summer)
0.0,87.0,21.9,1007.7,5.6,0.0,22,0,0,ERA5 - Kolkata (Mild Summer)
0.0,84.0,21.7,1008.3,5.4,0.0,23,0,0,ERA5 - Kolkata (Mild Summer)
0.0,82.0,21.9,1009.0,5.6,0.0,0,0,0,ERA5 - Kolkata (Mild Summer)
0.0,73.0,24.5,1009.2,8.2,0.0,1,0,0,ERA5 - Kolkata (Mild Summer)
0.0,66.0,26.5,1010.8,8.7,0.0,2,0,0,ERA5 - Kolkata (Mild Summer)
0.0,61.0,28.8,1011.1,6.9,0.0,3,0,0,ERA5 - Kolkata (Mild Summer)
0.0,53.0,31.1,1010.9,9.2,0.0,4,0,0,ERA5 - Kolkata (Mild Summer)
0.0,47.0,32.5,1010.5,10.7,0.0,5,0,0,ERA5 - Kolkata (Mild Summer)
0.0,47.0,33.4,1009.9,4.8,0.0,6,0,0,ERA5 - Kolkata (Mild Summer)
0.0,45.0,34.2,1009.0,3.5,0.0,7,0,0,ERA5 - Kolkata (Mild Summer)
0.0,44.0,34.7,1008.2,4.3,0.0,8,0,0,ERA5 - Kolkata (Mild Summer)
0.0,45.0,33.5,1007.5,4.1,0.0,9,0,0,ERA5 - Kolkata (Mild Summer)
0.0,42.0,33.6,1006.8,2.6,0.0,10,0,0,ERA5 - Kolkata (Mild Summer)
0.0,45.0,32.9,1006.3,1.3,0.0,11,0,0,ERA5 - Kolkata (Mild Summer)
0.0,63.0,30.4,1006.3,5.1,0.0,12,0,0,ERA5 - Kolkata (Mild Summer)
0.0,58.0,30.1,1007.3,8.1,0.0,13,0,0,ERA5 - Kolkata (Mild Summer)
0.0,65.0,28.5,1007.8,7.7,0.0,14,0,0,ERA5 - Kolkata (Mild Summer)
0.0,59.0,28.2,1008.2,12.0,0.0,15,0,0,ERA5 - Kolkata (Mild Summer)
0.0,56.0,27.2,1008.8,7.7,0.0,16,0,0,ERA5 - Kolkata (Mild Summer)
0.0,62.0,26.3,1008.8,8.6,0.0,17,0,0,ERA5 - Kolkata (Mild Summer)
0.0,73.0,25.0,1009.0,6.5,0.0,18,0,0,ERA5 - Kolkata (Mild Summer)
0.0,81.0,24.0,1008.6,8.7,0.0,19,0,0,ERA5 - Kolkata (Mild Summer)
0.0,70.0,26.3,1008.2,3.7,0.0,20,0,0,ERA5 - Kolkata (Mild Summer)
0.0,83.0,23.7,1007.8,6.9,0.0,21,0,0,ERA5 - Kolkata (Mild Summer)
0.0,86.0,22.5,1007.7,8.2,0.0,22,0,0,ERA5 - Kolkata (Mild Summer)
0.0,81.0,23.3,1008.2,6.4,0.0,23,0,0,ERA5 - Kolkata (Mild Summer)
0.0,87.0,22.8,1009.0,8.2,0.0,0,0,0,ERA5 - Kolkata (Mild Summer)
0.0,79.0,26.3,1009.7,4.8,0.0,1,0,0,ERA5 - Kolkata (Mild Summer)
0.0,68.0,28.9,1010.6,4.1,0.0,2,0,0,ERA5 - Kolkata (Mild Summer)
0.0,58.0,31.0,1010.9,3.8,0.0,3,0,0,ERA5 - Kolkata (Mild Summer)
0.0,53.0,32.6,1010.6,4.6,0.0,4,0,0,ERA5 - Kolkata (Mild Summer)
0.0,52.0,33.1,1010.4,3.9,0.0,5,0,0,ERA5 - Kolkata (Mild Summer)
0.0,49.0,34.1,1009.9,3.8,0.0,6,0,0,ERA5 - Kolkata (Mild Summer)
0.0,44.0,35.0,1008.9,2.4,0.0,7,0,0,ERA5 - Kolkata (Mild Summer)
0.0,40.0,35.0,1007.9,2.2,0.0,8,0,0,ERA5 - Kolkata (Mild Summer)
0.0,34.0,35.7,1006.9,0.8,0.0,9,0,0,ERA5 - Kolkata (Mild Summer)
0.0,31.0,35.1,1006.7,9.6,0.0,10,0,0,ERA5 - Kolkata (Mild Summer)
0.0,46.0,32.6,1006.5,12.7,0.0,11,0,0,ERA5 - Kolkata (Mild Summer)
0.0,55.0,30.7,1006.6,6.5,0.0,12,0,0,ERA5 - Kolkata (Mild Summer)
0.0,51.0,29.9,1007.0,7.3,0.0,13,0,0,ERA5 - Kolkata (Mild Summer)
0.0,60.0,27.7,1007.8,5.8,0.0,14,0,0,ERA5 - Kolkata (Mild Summer)
0.0,66.0,27.1,1008.5,6.8,0.0,15,0,0,ERA5 - Kolkata (Mild Summer)
0.0,70.0,26.7,1009.4,5.9,0.0,16,0,0,ERA5 - Kolkata (Mild Summer)
0.0,71.0,26.8,1009.4,6.1,0.0,17,0,0,ERA5 - Kolkata (Mild Summer)
0.0,74.0,26.1,1009.4,9.0,0.0,18,0,0,ERA5 - Kolkata (Mild Summer)
0.0,75.0,25.4,1008.7,9.6,0.0,19,0,0,ERA5 - Kolkata (Mild Summer)
0.0,79.0,24.5,1008.4,8.3,0.0,20,0,0,ERA5 - Kolkata (Mild Summer)
0.0,77.0,24.7,1008.1,7.1,0.0,21,0,0,ERA5 - Kolkata (Mild Summer)
0.0,73.0,24.8,1007.9,6.7,0.0,22,0,0,ERA5 - Kolkata (Mild Summer)
0.0,74.0,24.7,1008.4,2.5,0.0,23,0,0,ERA5 - Kolkata (Mild Summer)
0.0,73.0,5.1,965.8,9.2,0.0,0,0,0,ERA5 - Jaipur (Winter)
0.0,74.0,4.5,966.1,8.1,0.0,1,0,0,ERA5 - Jaipur (Winter)
0.0,75.0,3.9,966.2,7.1,0.0,2,0,0,ERA5 - Jaipur (Winter)
0.0,65.0,6.3,967.1,8.7,0.0,3,0,0,ERA5 - Jaipur (Winter)
0.0,52.0,9.6,968.4,5.6,0.0,4,0,0,ERA5 - Jaipur (Winter)
0.0,37.0,11.9,968.8,7.9,0.0,5,0,0,ERA5 - Jaipur (Winter)
0.0,32.0,13.5,967.8,6.6,0.0,6,0,0,ERA5 - Jaipur (Winter)
0.0,29.0,14.9,966.6,5.4,0.0,7,0,0,ERA5 - Jaipur (Winter)
0.0,27.0,16.0,965.7,5.3,0.0,8,0,0,ERA5 - Jaipur (Winter)
0.0,25.0,16.7,964.9,7.4,0.0,9,0,0,ERA5 - Jaipur (Winter)
0.0,25.0,16.9,964.0,7.5,0.0,10,0,0,ERA5 - Jaipur (Winter)
0.0,25.0,16.5,963.9,7.5,0.0,11,0,0,ERA5 - Jaipur (Winter)
0.0,38.0,14.1,963.4,6.9,0.0,12,0,0,ERA5 - Jaipur (Winter)
0.0,38.0,12.0,963.5,7.0,0.0,13,0,0,ERA5 - Jaipur (Winter)
0.0,40.0,10.7,963.9,7.4,0.0,14,0,0,ERA5 - Jaipur (Winter)
0.0,41.0,9.4,964.2,7.5,0.0,15,0,0,ERA5 - Jaipur (Winter)
0.0,42.0,8.6,964.4,7.9,0.0,16,0,0,ERA5 - Jaipur (Winter)
0.0,41.0,8.2,964.6,9.8,0.0,17,0,0,ERA5 - Jaipur (Winter)
0.0,42.0,7.5,964.8,9.5,0.0,18,0,0,ERA5 - Jaipur (Winter)
0.0,43.0,6.9,964.4,9.7,0.0,19,0,0,ERA5 - Jaipur (Winter)
0.0,45.0,6.1,964.1,8.2,0.0,20,0,0,ERA5 - Jaipur (Winter)
0.0,46.0,5.5,963.8,7.4,0.0,21,0,0,ERA5 - Jaipur (Winter)
0.0,49.0,4.7,963.6,6.6,0.0,22,0,0,ERA5 - Jaipur (Winter)
0.0,50.0,4.3,963.6,6.7,0.0,23,0,0,ERA5 - Jaipur (Winter)
0.0,54.0,4.1,964.7,7.6,0.0,0,0,0,ERA5 - Jaipur (Winter)
0.0,56.0,3.8,965.1,7.4,0.0,1,0,0,ERA5 - Jaipur (Winter)
0.0,59.0,3.5,965.9,6.2,0.0,2,0,0,ERA5 - Jaipur (Winter)
0.0,52.0,6.6,967.4,7.3,0.0,3,0,0,ERA5 - Jaipur (Winter)
0.0,42.0,10.8,968.8,3.4,0.0,4,0,0,ERA5 - Jaipur (Winter)
0.0,33.0,13.4,969.3,4.2,0.0,5,0,0,ERA5 - Jaipur (Winter)
0.0,27.0,15.0,968.8,3.6,0.0,6,0,0,ERA5 - Jaipur (Winter)
0.0,25.0,16.1,967.7,2.1,0.0,7,0,0,ERA5 - Jaipur (Winter)
0.0,24.0,17.0,966.7,0.5,0.0,8,0,0,ERA5 - Jaipur (Winter)
0.0,22.0,17.6,965.7,1.8,0.0,9,0,0,ERA5 - Jaipur (Winter)
0.0,21.0,17.9,965.3,3.3,0.0,10,0,0,ERA5 - Jaipur (Winter)
0.0,21.0,17.6,965.1,2.5,0.0,11,0,0,ERA5 - Jaipur (Winter)
0.0,25.0,16.8,965.4,1.8,0.0,12,0,0,ERA5 - Jaipur (Winter)
0.0,37.0,13.4,965.5,6.1,0.0,13,0,0,ERA5 - Jaipur (Winter)
0.0,36.0,13.5,966.4,1.5,0.0,14,0,0,ERA5 - Jaipur (Winter)
0.0,46.0,9.7,966.2,7.0,0.0,15,0,0,ERA5 - Jaipur (Winter)
0.0,48.0,9.3,966.4,9.9,0.0,16,0,0,ERA5 - Jaipur (Winter)
0.0,51.0,8.6,966.5,9.5,0.0,17,0,0,ERA5 - Jaipur (Winter)
0.0,56.0,7.6,966.4,8.0,0.0,18,0,0,ERA5 - Jaipur (Winter)
0.0,62.0,6.6,966.1,6.4,0.0,19,0,0,ERA5 - Jaipur (Winter)
0.0,67.0,5.7,965.5,5.9,0.0,20,0,0,ERA5 - Jaipur (Winter)
0.0,68.0,5.5,965.2,5.8,0.0,21,0,0,ERA5 - Jaipur (Winter)
0.0,70.0,5.1,965.1,6.5,0.0,22,0,0,ERA5 - Jaipur (Winter)
0.0,71.0,4.8,964.8,6.9,0.0,23,0,0,ERA5 - Jaipur (Winter)
0.0,72.0,4.4,965.5,6.9,0.0,0,0,0,ERA5 - Jaipur (Winter)
0.0,74.0,3.9,965.7,6.5,0.0,1,0,0,ERA5 - Jaipur (Winter)
0.0,75.0,3.6,966.5,6.1,0.0,2,0,0,ERA5 - Jaipur (Winter)
0.0,63.0,6.6,967.6,8.3,0.0,3,0,0,ERA5 - Jaipur (Winter)
0.0,47.0,11.2,969.1,4.3,0.0,4,0,0,ERA5 - Jaipur (Winter)
0.0,32.0,13.8,969.6,3.5,0.0,5,0,0,ERA5 - Jaipur (Winter)
0.0,27.0,15.3,969.2,2.2,0.0,6,0,0,ERA5 - Jaipur (Winter)
0.0,24.0,16.5,968.4,1.3,0.0,7,0,0,ERA5 - Jaipur (Winter)
0.0,22.0,17.4,967.4,1.1,0.0,8,0,0,ERA5 - Jaipur (Winter)
0.0,21.0,18.0,966.4,1.3,0.0,9,0,0,ERA5 - Jaipur (Winter)
0.0,21.0,18.2,965.9,1.3,0.0,10,0,0,ERA5 - Jaipur (Winter)
0.0,21.0,17.9,965.9,1.1,0.0,11,0,0,ERA5 - Jaipur (Winter)
0.0,30.0,16.0,965.9,3.6,0.0,12,0,0,ERA5 - Jaipur (Winter)
0.0,40.0,12.4,965.8,7.6,0.0,13,0,0,ERA5 - Jaipur (Winter)
0.0,44.0,11.6,966.3,7.4,0.0,14,0,0,ERA5 - Jaipur (Winter)
0.0,40.0,12.4,967.4,3.4,0.0,15,0,0,ERA5 - Jaipur (Winter)
0.0,40.0,11.4,967.8,2.3,0.0,16,0,0,ERA5 - Jaipur (Winter)
0.0,44.0,9.7,967.6,1.6,0.0,17,0,0,ERA5 - Jaipur (Winter)
0.0,54.0,7.0,967.2,5.4,0.0,18,0,0,ERA5 - Jaipur (Winter)
0.0,53.0,6.7,966.8,6.4,0.0,19,0,0,ERA5 - Jaipur (Winter)
0.0,50.0,6.4,966.5,7.1,0.0,20,0,0,ERA5 - Jaipur (Winter)
0.0,51.0,5.8,966.4,7.6,0.0,21,0,0,ERA5 - Jaipur (Winter)
0.0,53.0,5.6,966.1,6.8,0.0,22,0,0,ERA5 - Jaipur (Winter)
0.0,55.0,5.2,965.9,6.9,0.0,23,0,0,ERA5 - Jaipur (Winter)
0.0,58.0,5.0,967.0,6.4,0.0,0,0,0,ERA5 - Jaipur (Winter)
0.0,60.0,4.6,967.3,6.3,0.0,1,0,0,ERA5 - Jaipur (Winter)
0.0,61.0,4.7,968.3,5.8,0.0,2,0,0,ERA5 - Jaipur (Winter)
0.0,52.0,7.9,969.8,7.7,0.0,3,0,0,ERA5 - Jaipur (Winter)
0.0,43.0,11.9,971.2,5.0,0.0,4,0,0,ERA5 - Jaipur (Winter)
0.0,36.0,14.4,971.9,7.0,0.0,5,0,0,ERA5 - Jaipur (Winter)
0.0,30.0,16.0,971.1,7.7,0.0,6,0,0,ERA5 - Jaipur (Winter)
0.0,28.0,17.1,970.4,6.1,0.0,7,0,0,ERA5 - Jaipur (Winter)
0.0,27.0,18.0,969.4,5.2,0.0,8,0,0,ERA5 - Jaipur (Winter)
0.0,26.0,18.5,968.3,4.5,0.0,9,0,0,ERA5 - Jaipur (Winter)
0.0,25.0,18.6,967.6,5.1,0.0,10,0,0,ERA5 - Jaipur (Winter)
0.0,26.0,18.2,967.4,6.1,0.0,11,0,0,ERA5 - Jaipur (Winter)
0.0,38.0,15.4,967.0,5.6,0.0,12,0,0,ERA5 - Jaipur (Winter)
0.0,43.0,13.0,967.1,7.5,0.0,13,0,0,ERA5 - Jaipur (Winter)
0.0,46.0,11.5,967.5,7.2,0.0,14,0,0,ERA5 - Jaipur (Winter)
0.0,50.0,10.1,967.7,10.6,0.0,15,0,0,ERA5 - Jaipur (Winter)
0.0,50.0,9.9,968.2,8.4,0.0,16,0,0,ERA5 - Jaipur (Winter)
0.0,53.0,9.1,968.4,6.6,0.0,17,0,0,ERA5 - Jaipur (Winter)
0.0,47.0,10.7,968.3,5.8,0.0,18,0,0,ERA5 - Jaipur (Winter)
0.0,49.0,10.4,967.9,4.4,0.0,19,0,0,ERA5 - Jaipur (Winter)
0.0,51.0,10.1,967.6,1.1,0.0,20,0,0,ERA5 - Jaipur (Winter)
0.0,64.0,6.8,966.7,5.4,0.0,21,0,0,ERA5 - Jaipur (Winter)
0.0,62.0,7.2,966.6,5.6,0.0,22,0,0,ERA5 - Jaipur (Winter)
0.0,63.0,6.9,966.7,8.9,0.0,23,0,0,ERA5 - Jaipur (Winter)
0.0,61.0,7.1,967.9,10.5,0.0,0,0,0,ERA5 - Jaipur (Winter)
0.0,62.0,7.0,968.5,10.5,0.0,1,0,0,ERA5 - Jaipur (Winter)
0.0,66.0,6.5,968.8,8.2,0.0,2,0,0,ERA5 - Jaipur (Winter)
0.0,58.0,8.9,969.9,10.0,0.0,3,0,0,ERA5 - Jaipur (Winter)
0.0,49.0,12.2,971.0,7.6,0.0,4,0,0,ERA5 - Jaipur (Winter)
0.0,40.0,15.1,971.4,9.4,0.0,5,0,0,ERA5 - Jaipur (Winter)
0.0,34.0,17.2,970.8,9.9,0.0,6,0,0,ERA5 - Jaipur (Winter)
0.0,30.0,18.6,969.8,9.8,0.0,7,0,0,ERA5 - Jaipur (Winter)
0.0,29.0,19.5,968.6,10.2,0.0,8,0,0,ERA5 - Jaipur (Winter)
0.0,29.0,19.9,967.7,10.8,0.0,9,0,0,ERA5 - Jaipur (Winter)
0.0,30.0,19.8,967.0,11.4,0.0,10,0,0,ERA5 - Jaipur (Winter)
0.0,32.0,19.1,966.9,11.4,0.0,11,0,0,ERA5 - Jaipur (Winter)
0.0,42.0,17.0,966.7,5.1,0.0,12,0,0,ERA5 - Jaipur (Winter)
0.0,48.0,14.5,966.9,7.1,0.0,13,0,0,ERA5 - Jaipur (Winter)
0.0,50.0,13.6,966.8,8.0,0.0,14,0,0,ERA5 - Jaipur (Winter)
0.0,53.0,12.5,966.7,7.8,0.0,15,0,0,ERA5 - Jaipur (Winter)
0.0,56.0,11.7,967.1,8.8,0.0,16,0,0,ERA5 - Jaipur (Winter)
0.0,62.0,10.8,967.2,9.5,0.0,17,0,0,ERA5 - Jaipur (Winter)
0.0,64.0,10.4,966.6,11.2,0.0,18,0,0,ERA5 - Jaipur (Winter)
0.0,65.0,9.9,966.2,10.7,0.0,19,0,0,ERA5 - Jaipur (Winter)
0.0,67.0,9.5,965.5,10.9,0.0,20,0,0,ERA5 - Jaipur (Winter)
0.0,71.0,9.2,965.1,11.2,0.0,21,0,0,ERA5 - Jaipur (Winter)
0.0,74.0,9.0,964.8,11.6,0.0,22,0,0,ERA5 - Jaipur (Winter)
0.0,77.0,8.7,964.6,13.5,0.0,23,0,0,ERA5 - Jaipur (Winter)
0.0,79.0,8.6,965.7,16.3,0.0,0,0,0,ERA5 - Jaipur (Winter)
0.0,78.0,8.9,966.1,14.5,0.0,1,0,0,ERA5 - Jaipur (Winter)
0.0,77.0,8.9,966.7,12.7,0.0,2,0,0,ERA5 - Jaipur (Winter)
0.0,68.0,10.7,967.6,14.5,0.0,3,0,0,ERA5 - Jaipur (Winter)
0.0,58.0,13.3,968.7,14.1,0.0,4,0,0,ERA5 - Jaipur (Winter)
0.0,51.0,15.7,969.0,15.6,0.0,5,0,0,ERA5 - Jaipur (Winter)
0.0,44.0,17.6,968.2,16.2,0.0,6,0,0,ERA5 - Jaipur (Winter)
0.0,39.0,18.8,967.3,14.5,0.0,7,0,0,ERA5 - Jaipur (Winter)
0.0,38.0,19.7,966.3,12.1,0.0,8,0,0,ERA5 - Jaipur (Winter)
0.0,38.0,20.2,965.6,9.8,0.0,9,0,0,ERA5 - Jaipur (Winter)
0.0,38.0,20.2,965.2,9.4,0.0,10,0,0,ERA5 - Jaipur (Winter)
0.0,40.0,19.7,965.1,9.7,0.0,11,0,0,ERA5 - Jaipur (Winter)
0.0,46.0,17.5,965.3,7.2,0.0,12,0,0,ERA5 - Jaipur (Winter)
0.0,54.0,14.9,965.6,7.6,0.0,13,0,0,ERA5 - Jaipur (Winter)
0.0,59.0,14.0,966.2,8.8,0.0,14,0,0,ERA5 - Jaipur (Winter)
0.0,63.0,13.3,966.5,9.7,0.0,15,0,0,ERA5 - Jaipur (Winter)
0.0,67.0,12.5,966.7,10.0,0.0,16,0,0,ERA5 - Jaipur (Winter)
0.0,69.0,11.8,966.7,9.8,0.0,17,0,0,ERA5 - Jaipur (Winter)
0.0,72.0,11.2,966.3,10.5,0.0,18,0,0,ERA5 - Jaipur (Winter)
0.0,73.0,10.8,966.1,12.2,0.0,19,0,0,ERA5 - Jaipur (Winter)
0.0,73.0,10.7,965.9,13.0,0.0,20,0,0,ERA5 - Jaipur (Winter)
0.0,74.0,10.5,965.6,12.4,0.0,21,0,0,ERA5 - Jaipur (Winter)
0.0,75.0,10.1,965.2,12.9,0.0,22,0,0,ERA5 - Jaipur (Winter)
0.0,77.0,9.8,965.1,12.7,0.0,23,0,0,ERA5 - Jaipur (Winter)
0.0,85.0,15.8,966.5,4.8,0.0,0,0,0,ERA5 - Jaipur (Pre-Monsoon Spring)
0.0,85.0,15.8,966.8,6.1,0.0,1,0,0,ERA5 - Jaipur (Pre-Monsoon Spring)
0.0,79.0,17.1,967.6,7.9,0.0,2,0,0,ERA5 - Jaipur (Pre-Monsoon Spring)
0.0,64.0,21.0,968.8,6.3,0.0,3,0,0,ERA5 - Jaipur (Pre-Monsoon Spring)
0.0,50.0,24.2,969.6,6.1,0.0,4,0,0,ERA5 - Jaipur (Pre-Monsoon Spring)
0.0,38.0,26.1,969.9,3.4,0.0,5,0,0,ERA5 - Jaipur (Pre-Monsoon Spring)
0.0,34.0,27.4,969.4,2.6,0.0,6,0,0,ERA5 - Jaipur (Pre-Monsoon Spring)
0.0,30.0,28.3,968.6,2.9,0.0,7,0,0,ERA5 - Jaipur (Pre-Monsoon Spring)
0.0,28.0,29.1,967.7,2.9,0.0,8,0,0,ERA5 - Jaipur (Pre-Monsoon Spring)
0.0,25.0,29.7,966.8,4.2,0.0,9,0,0,ERA5 - Jaipur (Pre-Monsoon Spring)
0.0,24.0,29.9,965.9,7.8,0.0,10,0,0,ERA5 - Jaipur (Pre-Monsoon Spring)
0.0,22.0,29.5,965.7,11.3,0.0,11,0,0,ERA5 - Jaipur (Pre-Monsoon Spring)
0.0,24.0,28.1,965.6,11.9,0.0,12,0,0,ERA5 - Jaipur (Pre-Monsoon Spring)
0.0,27.0,25.4,965.7,8.6,0.0,13,0,0,ERA5 - Jaipur (Pre-Monsoon Spring)
0.0,31.0,23.6,965.8,8.0,0.0,14,0,0,ERA5 - Jaipur (Pre-Monsoon Spring)
0.0,38.0,21.5,965.9,6.8,0.0,15,0,0,ERA5 - Jaipur (Pre-Monsoon Spring)
0.0,48.0,19.5,966.5,9.5,0.0,16,0,0,ERA5 - Jaipur (Pre-Monsoon Spring)
0.0,51.0,18.7,966.8,8.1,0.0,17,0,0,ERA5 - Jaipur (Pre-Monsoon Spring)
0.0,55.0,17.9,966.6,9.1,0.0,18,0,0,ERA5 - Jaipur (Pre-Monsoon Spring)
0.0,51.0,18.9,966.5,6.6,0.0,19,0,0,ERA5 - Jaipur (Pre-Monsoon Spring)
0.0,47.0,19.9,966.1,3.9,0.0,20,0,0,ERA5 - Jaipur (Pre-Monsoon Spring)
0.0,61.0,16.5,965.2,6.2,0.0,21,0,0,ERA5 - Jaipur (Pre-Monsoon Spring)
0.0,62.0,16.4,965.0,5.4,0.0,22,0,0,ERA5 - Jaipur (Pre-Monsoon Spring)
0.0,62.0,16.6,964.9,6.2,0.0,23,0,0,ERA5 - Jaipur (Pre-Monsoon Spring)
0.0,67.0,16.3,965.3,8.3,0.0,0,0,0,ERA5 - Jaipur (Pre-Monsoon Spring)
0.0,70.0,16.1,966.0,8.9,0.0,1,0,0,ERA5 - Jaipur (Pre-Monsoon Spring)
0.0,76.0,17.6,967.2,6.1,0.0,2,0,0,ERA5 - Jaipur (Pre-Monsoon Spring)
0.0,58.0,21.0,968.6,3.3,0.0,3,0,0,ERA5 - Jaipur (Pre-Monsoon Spring)
0.0,49.0,24.1,969.7,4.8,0.0,4,0,0,ERA5 - Jaipur (Pre-Monsoon Spring)
0.0,40.0,26.7,969.8,7.7,0.0,5,0,0,ERA5 - Jaipur (Pre-Monsoon Spring)
0.0,30.0,28.3,969.4,7.6,0.0,6,0,0,ERA5 - Jaipur (Pre-Monsoon Spring)
0.0,28.0,29.1,968.6,5.5,0.0,7,0,0,ERA5 - Jaipur (Pre-Monsoon Spring)
0.0,27.0,29.6,967.5,4.3,0.0,8,0,0,ERA5 - Jaipur (Pre-Monsoon Spring)
0.0,26.0,29.9,966.4,4.4,0.0,9,0,0,ERA5 - Jaipur (Pre-Monsoon Spring)
0.0,26.0,30.0,965.9,6.1,0.0,10,0,0,ERA5 - Jaipur (Pre-Monsoon Spring)
0.0,26.0,29.8,965.6,7.6,0.0,11,0,0,ERA5 - Jaipur (Pre-Monsoon Spring)
0.0,29.0,28.7,965.4,7.4,0.0,12,0,0,ERA5 - Jaipur (Pre-Monsoon Spring)
0.0,35.0,26.1,965.2,10.0,0.0,13,0,0,ERA5 - Jaipur (Pre-Monsoon Spring)
0.0,40.0,23.9,965.5,7.8,0.0,14,0,0,ERA5 - Jaipur (Pre-Monsoon Spring)
0.0,48.0,21.5,966.1,8.4,0.0,15,0,0,ERA5 - Jaipur (Pre-Monsoon Spring)
0.0,50.0,20.6,966.4,9.1,0.0,16,0,0,ERA5 - Jaipur (Pre-Monsoon Spring)
0.0,51.0,20.5,966.8,8.7,0.0,17,0,0,ERA5 - Jaipur (Pre-Monsoon Spring)
0.0,44.0,22.2,966.8,4.3,0.0,18,0,0,ERA5 - Jaipur (Pre-Monsoon Spring)
0.0,45.0,22.0,966.3,4.9,0.0,19,0,0,ERA5 - Jaipur (Pre-Monsoon Spring)
0.0,45.0,21.8,965.9,2.8,0.0,20,0,0,ERA5 - Jaipur (Pre-Monsoon Spring)
0.0,55.0,18.7,964.9,3.6,0.0,21,0,0,ERA5 - Jaipur (Pre-Monsoon Spring)
0.0,53.0,19.0,964.9,1.5,0.0,22,0,0,ERA5 - Jaipur (Pre-Monsoon Spring)
0.0,57.0,17.9,964.7,4.0,0.0,23,0,0,ERA5 - Jaipur (Pre-Monsoon Spring)
0.0,53.0,19.7,965.7,2.9,0.0,0,0,0,ERA5 - Jaipur (Pre-Monsoon Spring)
0.0,51.0,20.3,966.5,2.4,0.0,1,0,0,ERA5 - Jaipur (Pre-Monsoon Spring)
0.0,52.0,20.2,967.2,4.0,0.0,2,0,0,ERA5 - Jaipur (Pre-Monsoon Spring)
0.0,51.0,22.1,968.3,3.3,0.0,3,0,0,ERA5 - Jaipur (Pre-Monsoon Spring)
0.0,45.0,24.6,969.1,4.5,0.0,4,0,0,ERA5 - Jaipur (Pre-Monsoon Spring)
0.0,38.0,27.1,969.0,7.0,0.0,5,0,0,ERA5 - Jaipur (Pre-Monsoon Spring)
0.0,33.0,28.9,968.5,8.4,0.0,6,0,0,ERA5 - Jaipur (Pre-Monsoon Spring)
0.0,29.0,30.3,967.6,8.2,0.0,7,0,0,ERA5 - Jaipur (Pre-Monsoon Spring)
0.0,27.0,31.0,966.6,6.0,0.0,8,0,0,ERA5 - Jaipur (Pre-Monsoon Spring)
0.0,26.0,31.4,965.8,3.7,0.0,9,0,0,ERA5 - Jaipur (Pre-Monsoon Spring)
0.0,25.0,31.5,965.1,5.4,0.0,10,0,0,ERA5 - Jaipur (Pre-Monsoon Spring)
0.0,25.0,31.3,964.8,7.4,0.0,11,0,0,ERA5 - Jaipur (Pre-Monsoon Spring)
0.0,26.0,30.6,964.5,7.8,0.0,12,0,0,ERA5 - Jaipur (Pre-Monsoon Spring)
0.0,32.0,27.7,964.4,8.7,0.0,13,0,0,ERA5 - Jaipur (Pre-Monsoon Spring)
0.0,35.0,25.6,964.8,7.9,0.0,14,0,0,ERA5 - Jaipur (Pre-Monsoon Spring)
0.0,44.0,23.2,965.0,8.9,0.0,15,0,0,ERA5 - Jaipur (Pre-Monsoon Spring)
0.0,45.0,23.1,965.7,7.6,0.0,16,0,0,ERA5 - Jaipur (Pre-Monsoon Spring)
0.0,41.0,24.0,966.2,2.6,0.0,17,0,0,ERA5 - Jaipur (Pre-Monsoon Spring)
0.0,38.0,24.6,965.8,5.8,0.0,18,0,0,ERA5 - Jaipur (Pre-Monsoon Spring)
0.0,48.0,21.6,965.0,10.0,0.0,19,0,0,ERA5 - Jaipur (Pre-Monsoon Spring)
0.0,48.0,21.9,964.9,4.9,0.0,20,0,0,ERA5 - Jaipur (Pre-Monsoon Spring)
0.0,50.0,20.9,964.5,6.9,0.0,21,0,0,ERA5 - Jaipur (Pre-Monsoon Spring)
0.0,51.0,20.2,964.2,6.9,0.0,22,0,0,ERA5 - Jaipur (Pre-Monsoon Spring)
0.0,52.0,19.8,964.0,5.1,0.0,23,0,0,ERA5 - Jaipur (Pre-Monsoon Spring)
0.0,59.0,19.6,964.2,6.9,0.0,0,0,0,ERA5 - Jaipur (Pre-Monsoon Spring)
0.0,59.0,19.7,964.6,8.3,0.0,1,0,0,ERA5 - Jaipur (Pre-Monsoon Spring)
0.0,66.0,21.2,965.4,5.5,0.0,2,0,0,ERA5 - Jaipur (Pre-Monsoon Spring)
0.0,48.0,24.7,966.8,2.9,0.0,3,0,0,ERA5 - Jaipur (Pre-Monsoon Spring)
0.0,40.0,27.3,967.7,4.8,0.0,4,0,0,ERA5 - Jaipur (Pre-Monsoon Spring)
0.0,34.0,29.5,967.7,7.3,0.0,5,0,0,ERA5 - Jaipur (Pre-Monsoon Spring)
0.0,29.0,31.0,967.3,7.8,0.0,6,0,0,ERA5 - Jaipur (Pre-Monsoon Spring)
0.0,25.0,31.6,966.5,4.7,0.0,7,0,0,ERA5 - Jaipur (Pre-Monsoon Spring)
0.0,23.0,32.4,965.5,4.8,0.0,8,0,0,ERA5 - Jaipur (Pre-Monsoon Spring)
0.0,23.0,31.9,964.6,8.1,0.0,9,0,0,ERA5 - Jaipur (Pre-Monsoon Spring)
0.0,24.0,31.3,964.1,3.4,0.0,10,0,0,ERA5 - Jaipur (Pre-Monsoon Spring)
0.0,23.0,31.5,963.9,10.2,0.0,11,0,0,ERA5 - Jaipur (Pre-Monsoon Spring)
0.0,28.0,29.3,963.4,6.8,0.0,12,0,0,ERA5 - Jaipur (Pre-Monsoon Spring)
0.0,37.0,26.3,963.7,7.6,0.0,13,0,0,ERA5 - Jaipur (Pre-Monsoon Spring)
0.0,46.0,23.4,963.7,7.0,0.0,14,0,0,ERA5 - Jaipur (Pre-Monsoon Spring)
0.0,52.0,22.0,963.6,8.9,0.0,15,0,0,ERA5 - Jaipur (Pre-Monsoon Spring)
0.0,49.0,22.6,963.5,8.0,0.0,16,0,0,ERA5 - Jaipur (Pre-Monsoon Spring)
0.0,47.0,22.8,963.7,6.8,0.0,17,0,0,ERA5 - Jaipur (Pre-Monsoon Spring)
0.0,55.0,20.2,963.2,6.4,0.0,18,0,0,ERA5 - Jaipur (Pre-Monsoon Spring)
0.0,55.0,19.9,963.0,8.0,0.0,19,0,0,ERA5 - Jaipur (Pre-Monsoon Spring)
0.0,57.0,18.9,962.6,7.3,0.0,20,0,0,ERA5 - Jaipur (Pre-Monsoon Spring)
0.0,54.0,19.3,962.1,7.5,0.0,21,0,0,ERA5 - Jaipur (Pre-Monsoon Spring)
0.0,54.0,18.7,961.8,6.5,0.0,22,0,0,ERA5 - Jaipur (Pre-Monsoon Spring)
0.0,58.0,17.5,961.5,6.5,0.0,23,0,0,ERA5 - Jaipur (Pre-Monsoon Spring)
0.0,62.0,18.8,962.3,8.9,0.0,0,0,0,ERA5 - Jaipur (Pre-Monsoon Spring)
0.0,57.0,19.8,962.8,6.6,0.0,1,0,0,ERA5 - Jaipur (Pre-Monsoon Spring)
0.0,67.0,20.7,964.1,0.0,0.0,2,0,0,ERA5 - Jaipur (Pre-Monsoon Spring)
0.0,50.0,23.1,964.8,4.7,0.0,3,0,0,ERA5 - Jaipur (Pre-Monsoon Spring)
0.0,42.0,26.0,965.3,7.2,0.0,4,0,0,ERA5 - Jaipur (Pre-Monsoon Spring)
0.0,35.0,29.0,965.4,10.8,0.0,5,0,0,ERA5 - Jaipur (Pre-Monsoon Spring)
0.0,27.0,31.2,965.0,13.9,0.0,6,0,0,ERA5 - Jaipur (Pre-Monsoon Spring)
0.0,21.0,32.2,963.9,9.7,0.0,7,0,0,ERA5 - Jaipur (Pre-Monsoon Spring)
0.0,21.0,32.9,962.5,10.5,0.0,8,0,0,ERA5 - Jaipur (Pre-Monsoon Spring)
0.0,21.0,32.3,961.5,12.8,0.0,9,0,0,ERA5 - Jaipur (Pre-Monsoon Spring)
0.0,21.0,32.0,960.6,14.2,0.0,10,0,0,ERA5 - Jaipur (Pre-Monsoon Spring)
0.0,20.0,31.7,960.4,10.8,0.0,11,0,0,ERA5 - Jaipur (Pre-Monsoon Spring)
0.0,28.0,29.0,960.2,11.7,0.0,12,0,0,ERA5 - Jaipur (Pre-Monsoon Spring)
0.0,32.0,26.3,960.5,13.5,0.0,13,0,0,ERA5 - Jaipur (Pre-Monsoon Spring)
0.0,37.0,24.4,960.5,7.2,0.0,14,0,0,ERA5 - Jaipur (Pre-Monsoon Spring)
0.0,33.0,24.8,960.8,8.4,0.0,15,0,0,ERA5 - Jaipur (Pre-Monsoon Spring)
0.0,41.0,22.4,960.5,9.3,0.0,16,0,0,ERA5 - Jaipur (Pre-Monsoon Spring)
0.0,44.0,21.2,960.9,6.9,0.0,17,0,0,ERA5 - Jaipur (Pre-Monsoon Spring)
0.0,49.0,20.1,960.5,9.4,0.0,18,0,0,ERA5 - Jaipur (Pre-Monsoon Spring)
0.0,50.0,19.6,960.3,6.0,0.0,19,0,0,ERA5 - Jaipur (Pre-Monsoon Spring)
0.0,55.0,18.8,960.1,9.2,0.0,20,0,0,ERA5 - Jaipur (Pre-Monsoon Spring)
0.0,53.0,19.1,959.6,6.3,0.0,21,0,0,ERA5 - Jaipur (Pre-Monsoon Spring)
0.0,54.0,18.5,959.1,6.5,0.0,22,0,0,ERA5 - Jaipur (Pre-Monsoon Spring)
0.0,53.0,18.2,959.0,8.1,0.0,23,0,0,ERA5 - Jaipur (Pre-Monsoon Spring)
0.0,56.0,19.4,959.6,6.9,0.0,0,0,0,ERA5 - Jaipur (Pre-Monsoon Spring)
0.0,53.0,20.5,960.6,4.7,0.0,1,0,0,ERA5 - Jaipur (Pre-Monsoon Spring)
0.0,58.0,19.8,961.9,6.6,0.0,2,0,0,ERA5 - Jaipur (Pre-Monsoon Spring)
0.0,49.0,23.4,962.9,5.8,0.0,3,0,0,ERA5 - Jaipur (Pre-Monsoon Spring)
0.0,41.0,26.5,963.8,6.5,0.0,4,0,0,ERA5 - Jaipur (Pre-Monsoon Spring)
0.0,34.0,29.0,963.9,7.9,0.0,5,0,0,ERA5 - Jaipur (Pre-Monsoon Spring)
0.0,29.0,30.5,963.6,8.4,0.0,6,0,0,ERA5 - Jaipur (Pre-Monsoon Spring)
0.0,23.0,31.8,962.7,9.5,0.0,7,0,0,ERA5 - Jaipur (Pre-Monsoon Spring)
0.0,21.0,31.5,962.0,4.8,0.0,8,0,0,ERA5 - Jaipur (Pre-Monsoon Spring)
0.0,19.0,31.9,961.0,2.9,0.0,9,0,0,ERA5 - Jaipur (Pre-Monsoon Spring)
0.0,20.0,31.8,960.3,11.6,0.0,10,0,0,ERA5 - Jaipur (Pre-Monsoon Spring)
0.0,24.0,30.3,960.2,16.3,0.0,11,0,0,ERA5 - Jaipur (Pre-Monsoon Spring)
0.0,20.0,29.9,959.9,14.3,0.0,12,0,0,ERA5 - Jaipur (Pre-Monsoon Spring)
0.0,22.0,27.8,960.0,10.9,0.0,13,0,0,ERA5 - Jaipur (Pre-Monsoon Spring)
0.0,27.0,25.9,960.0,9.4,0.0,14,0,0,ERA5 - Jaipur (Pre-Monsoon Spring)
0.0,29.0,24.6,960.3,7.9,0.0,15,0,0,ERA5 - Jaipur (Pre-Monsoon Spring)
0.0,33.0,22.6,960.3,11.5,0.0,16,0,0,ERA5 - Jaipur (Pre-Monsoon Spring)
0.0,28.0,24.8,960.7,4.6,0.0,17,0,0,ERA5 - Jaipur (Pre-Monsoon Spring)
0.0,36.0,21.8,960.9,4.6,0.0,18,0,0,ERA5 - Jaipur (Pre-Monsoon Spring)
0.0,36.0,21.2,960.4,9.3,0.0,19,0,0,ERA5 - Jaipur (Pre-Monsoon Spring)
0.0,36.0,21.9,960.0,7.6,0.0,20,0,0,ERA5 - Jaipur (Pre-Monsoon Spring)
0.0,40.0,21.7,959.7,5.8,0.0,21,0,0,ERA5 - Jaipur (Pre-Monsoon Spring)
0.0,40.0,20.9,959.5,6.3,0.0,22,0,0,ERA5 - Jaipur (Pre-Monsoon Spring)
0.0,40.0,20.9,959.5,7.1,0.0,23,0,0,ERA5 - Jaipur (Pre-Monsoon Spring)
0.0,51.0,23.8,962.2,9.9,0.0,0,0,0,ERA5 - Jaipur (Post-Monsoon Autumn)
0.0,53.0,23.6,962.5,9.7,0.0,1,0,0,ERA5 - Jaipur (Post-Monsoon Autumn)
0.0,51.0,25.1,963.5,10.5,0.0,2,0,0,ERA5 - Jaipur (Post-Monsoon Autumn)
0.0,45.0,28.2,964.6,9.1,0.0,3,0,0,ERA5 - Jaipur (Post-Monsoon Autumn)
0.0,40.0,30.2,965.2,13.2,0.0,4,0,0,ERA5 - Jaipur (Post-Monsoon Autumn)
0.0,36.0,32.1,965.1,14.2,0.0,5,0,0,ERA5 - Jaipur (Post-Monsoon Autumn)
0.0,33.0,32.7,964.6,12.3,0.0,6,0,0,ERA5 - Jaipur (Post-Monsoon Autumn)
0.0,32.0,33.1,963.5,9.1,0.0,7,0,0,ERA5 - Jaipur (Post-Monsoon Autumn)
0.0,30.0,33.5,962.5,8.0,0.0,8,0,0,ERA5 - Jaipur (Post-Monsoon Autumn)
0.0,30.0,33.5,961.3,10.2,0.0,9,0,0,ERA5 - Jaipur (Post-Monsoon Autumn)
0.0,30.0,33.2,960.7,11.6,0.0,10,0,0,ERA5 - Jaipur (Post-Monsoon Autumn)
0.0,30.0,32.5,960.8,12.4,0.0,11,0,0,ERA5 - Jaipur (Post-Monsoon Autumn)
0.0,28.0,31.5,960.6,6.1,0.0,12,0,0,ERA5 - Jaipur (Post-Monsoon Autumn)
0.0,37.0,27.6,960.3,8.5,0.0,13,0,0,ERA5 - Jaipur (Post-Monsoon Autumn)
0.0,37.0,26.7,960.9,5.9,0.0,14,0,0,ERA5 - Jaipur (Post-Monsoon Autumn)
0.0,38.0,26.3,961.8,9.0,0.0,15,0,0,ERA5 - Jaipur (Post-Monsoon Autumn)
0.0,41.0,24.8,962.0,7.8,0.0,16,0,0,ERA5 - Jaipur (Post-Monsoon Autumn)
0.0,34.0,27.0,962.2,5.8,0.0,17,0,0,ERA5 - Jaipur (Post-Monsoon Autumn)
0.0,40.0,25.0,961.5,6.8,0.0,18,0,0,ERA5 - Jaipur (Post-Monsoon Autumn)
0.0,44.0,23.2,961.3,6.2,0.0,19,0,0,ERA5 - Jaipur (Post-Monsoon Autumn)
0.0,41.0,23.2,961.4,6.1,0.0,20,0,0,ERA5 - Jaipur (Post-Monsoon Autumn)
0.0,44.0,22.5,960.8,5.5,0.0,21,0,0,ERA5 - Jaipur (Post-Monsoon Autumn)
0.0,48.0,21.6,960.5,6.1,0.0,22,0,0,ERA5 - Jaipur (Post-Monsoon Autumn)
0.0,49.0,21.6,960.9,4.9,0.0,23,0,0,ERA5 - Jaipur (Post-Monsoon Autumn)
0.0,53.0,22.8,961.8,8.5,0.0,0,0,0,ERA5 - Jaipur (Post-Monsoon Autumn)
0.0,51.0,23.6,962.5,9.4,0.0,1,0,0,ERA5 - Jaipur (Post-Monsoon Autumn)
0.0,51.0,25.0,963.6,12.6,0.0,2,0,0,ERA5 - Jaipur (Post-Monsoon Autumn)
0.0,49.0,27.3,964.7,12.8,0.0,3,0,0,ERA5 - Jaipur (Post-Monsoon Autumn)
0.0,46.0,29.5,965.3,15.9,0.0,4,0,0,ERA5 - Jaipur (Post-Monsoon Autumn)
0.0,37.0,31.1,965.3,19.1,0.0,5,0,0,ERA5 - Jaipur (Post-Monsoon Autumn)
0.0,30.0,32.2,964.8,17.6,0.0,6,0,0,ERA5 - Jaipur (Post-Monsoon Autumn)
0.0,27.0,32.9,963.4,12.0,0.0,7,0,0,ERA5 - Jaipur (Post-Monsoon Autumn)
0.0,32.0,30.2,963.1,18.3,0.0,8,0,0,ERA5 - Jaipur (Post-Monsoon Autumn)
0.0,30.0,31.3,962.4,17.2,0.0,9,0,0,ERA5 - Jaipur (Post-Monsoon Autumn)
0.0,30.0,30.7,962.0,14.4,0.0,10,0,0,ERA5 - Jaipur (Post-Monsoon Autumn)
0.0,33.0,29.8,962.6,14.8,0.0,11,0,0,ERA5 - Jaipur (Post-Monsoon Autumn)
0.0,42.0,25.5,962.1,13.0,0.0,12,0,0,ERA5 - Jaipur (Post-Monsoon Autumn)
0.0,44.0,24.8,961.9,5.9,0.0,13,0,0,ERA5 - Jaipur (Post-Monsoon Autumn)
0.0,45.0,24.2,962.4,6.9,0.0,14,0,0,ERA5 - Jaipur (Post-Monsoon Autumn)
0.0,47.0,23.9,963.6,6.0,0.0,15,0,0,ERA5 - Jaipur (Post-Monsoon Autumn)
0.0,51.0,23.3,964.8,13.0,0.0,16,0,0,ERA5 - Jaipur (Post-Monsoon Autumn)
0.0,57.0,23.0,964.5,12.2,0.0,17,0,0,ERA5 - Jaipur (Post-Monsoon Autumn)
0.0,71.0,21.8,964.7,13.7,0.0,18,0,0,ERA5 - Jaipur (Post-Monsoon Autumn)
0.0,78.0,21.2,964.5,12.0,0.0,19,0,0,ERA5 - Jaipur (Post-Monsoon Autumn)
0.0,79.0,21.0,963.6,6.7,0.0,20,0,0,ERA5 - Jaipur (Post-Monsoon Autumn)
0.0,81.0,20.5,963.2,6.0,0.0,21,0,0,ERA5 - Jaipur (Post-Monsoon Autumn)
0.0,82.0,20.3,963.4,6.4,0.0,22,0,0,ERA5 - Jaipur (Post-Monsoon Autumn)
0.0,82.0,20.1,963.5,6.2,0.0,23,0,0,ERA5 - Jaipur (Post-Monsoon Autumn)
0.0,82.0,20.2,965.2,12.1,0.0,0,0,0,ERA5 - Jaipur (Post-Monsoon Autumn)
0.0,83.0,20.0,966.5,12.0,0.0,1,0,0,ERA5 - Jaipur (Post-Monsoon Autumn)
0.0,78.0,20.9,967.2,13.5,0.0,2,0,0,ERA5 - Jaipur (Post-Monsoon Autumn)
0.0,73.0,22.2,967.7,12.6,0.0,3,0,0,ERA5 - Jaipur (Post-Monsoon Autumn)
0.0,65.0,24.5,968.0,11.3,0.0,4,0,0,ERA5 - Jaipur (Post-Monsoon Autumn)
0.0,59.0,26.5,968.2,8.5,0.0,5,0,0,ERA5 - Jaipur (Post-Monsoon Autumn)
0.0,52.0,28.3,967.5,7.3,0.0,6,0,0,ERA5 - Jaipur (Post-Monsoon Autumn)
0.0,44.0,29.5,966.4,5.6,0.0,7,0,0,ERA5 - Jaipur (Post-Monsoon Autumn)
0.0,38.0,30.2,965.3,5.0,0.0,8,0,0,ERA5 - Jaipur (Post-Monsoon Autumn)
0.0,36.0,30.8,964.7,7.7,0.0,9,0,0,ERA5 - Jaipur (Post-Monsoon Autumn)
0.1,42.0,28.3,964.8,14.6,0.0,10,0,0,ERA5 - Jaipur (Post-Monsoon Autumn)
0.0,49.0,27.2,964.8,10.0,0.0,11,0,0,ERA5 - Jaipur (Post-Monsoon Autumn)
0.0,28.0,28.0,965.1,10.8,0.0,12,0,0,ERA5 - Jaipur (Post-Monsoon Autumn)
0.0,38.0,25.3,965.4,16.1,0.0,13,0,0,ERA5 - Jaipur (Post-Monsoon Autumn)
0.0,51.0,23.2,966.0,15.3,0.0,14,0,0,ERA5 - Jaipur (Post-Monsoon Autumn)
0.0,60.0,21.7,966.6,11.0,0.0,15,0,0,ERA5 - Jaipur (Post-Monsoon Autumn)
0.0,66.0,21.1,966.7,10.0,0.0,16,0,0,ERA5 - Jaipur (Post-Monsoon Autumn)
0.0,67.0,20.8,966.6,9.6,0.0,17,0,0,ERA5 - Jaipur (Post-Monsoon Autumn)
0.0,69.0,20.4,966.3,8.3,0.0,18,0,0,ERA5 - Jaipur (Post-Monsoon Autumn)
0.0,70.0,20.2,966.0,6.4,0.0,19,0,0,ERA5 - Jaipur (Post-Monsoon Autumn)
0.0,72.0,19.7,965.8,4.7,0.0,20,0,0,ERA5 - Jaipur (Post-Monsoon Autumn)
0.0,71.0,19.7,965.6,5.5,0.0,21,0,0,ERA5 - Jaipur (Post-Monsoon Autumn)
0.0,76.0,19.0,965.2,6.0,0.0,22,0,0,ERA5 - Jaipur (Post-Monsoon Autumn)
0.0,78.0,18.5,965.1,6.1,0.0,23,0,0,ERA5 - Jaipur (Post-Monsoon Autumn)
0.0,81.0,19.9,966.3,5.6,0.0,0,0,0,ERA5 - Jaipur (Post-Monsoon Autumn)
0.0,80.0,20.2,967.0,5.5,0.0,1,0,0,ERA5 - Jaipur (Post-Monsoon Autumn)
0.0,75.0,21.7,967.7,5.5,0.0,2,0,0,ERA5 - Jaipur (Post-Monsoon Autumn)
0.0,63.0,24.4,969.0,2.3,0.0,3,0,0,ERA5 - Jaipur (Post-Monsoon Autumn)
0.0,49.0,26.4,969.5,3.6,0.0,4,0,0,ERA5 - Jaipur (Post-Monsoon Autumn)
0.0,42.0,27.7,969.4,4.2,0.0,5,0,0,ERA5 - Jaipur (Post-Monsoon Autumn)
0.0,39.0,28.4,968.8,4.7,0.0,6,0,0,ERA5 - Jaipur (Post-Monsoon Autumn)
0.0,37.0,28.8,968.0,5.3,0.0,7,0,0,ERA5 - Jaipur (Post-Monsoon Autumn)
0.0,36.0,29.5,967.0,5.1,0.0,8,0,0,ERA5 - Jaipur (Post-Monsoon Autumn)
0.0,33.0,29.9,966.1,4.6,0.0,9,0,0,ERA5 - Jaipur (Post-Monsoon Autumn)
0.0,31.0,30.1,965.7,4.9,0.0,10,0,0,ERA5 - Jaipur (Post-Monsoon Autumn)
0.0,30.0,30.1,965.5,6.9,0.0,11,0,0,ERA5 - Jaipur (Post-Monsoon Autumn)
0.0,28.0,28.0,965.9,6.4,0.0,12,0,0,ERA5 - Jaipur (Post-Monsoon Autumn)
0.0,26.0,24.2,965.7,9.0,0.0,13,0,0,ERA5 - Jaipur (Post-Monsoon Autumn)
0.0,23.0,24.2,966.4,9.4,0.0,14,0,0,ERA5 - Jaipur (Post-Monsoon Autumn)
0.0,27.0,22.9,966.5,9.7,0.0,15,0,0,ERA5 - Jaipur (Post-Monsoon Autumn)
0.0,34.0,22.0,966.6,10.4,0.0,16,0,0,ERA5 - Jaipur (Post-Monsoon Autumn)
0.0,40.0,21.7,966.7,10.7,0.0,17,0,0,ERA5 - Jaipur (Post-Monsoon Autumn)
0.0,48.0,21.0,966.3,9.2,0.0,18,0,0,ERA5 - Jaipur (Post-Monsoon Autumn)
0.0,56.0,19.8,966.0,7.7,0.0,19,0,0,ERA5 - Jaipur (Post-Monsoon Autumn)
0.0,62.0,18.9,965.5,6.8,0.0,20,0,0,ERA5 - Jaipur (Post-Monsoon Autumn)
0.0,68.0,18.1,965.2,6.0,0.0,21,0,0,ERA5 - Jaipur (Post-Monsoon Autumn)
0.0,74.0,17.3,965.0,6.3,0.0,22,0,0,ERA5 - Jaipur (Post-Monsoon Autumn)
0.0,76.0,17.1,965.0,5.1,0.0,23,0,0,ERA5 - Jaipur (Post-Monsoon Autumn)
0.0,83.0,18.1,966.0,6.1,0.0,0,0,0,ERA5 - Jaipur (Post-Monsoon Autumn)
0.0,82.0,18.3,966.8,6.5,0.0,1,0,0,ERA5 - Jaipur (Post-Monsoon Autumn)
0.0,74.0,20.1,967.6,9.4,0.0,2,0,0,ERA5 - Jaipur (Post-Monsoon Autumn)
0.0,59.0,23.3,968.7,6.6,0.0,3,0,0,ERA5 - Jaipur (Post-Monsoon Autumn)
0.0,46.0,26.0,969.4,4.9,0.0,4,0,0,ERA5 - Jaipur (Post-Monsoon Autumn)
0.0,38.0,27.9,969.4,1.0,0.0,5,0,0,ERA5 - Jaipur (Post-Monsoon Autumn)
0.0,33.0,29.2,968.9,2.6,0.0,6,0,0,ERA5 - Jaipur (Post-Monsoon Autumn)
0.0,28.0,30.4,968.0,5.4,0.0,7,0,0,ERA5 - Jaipur (Post-Monsoon Autumn)
0.0,24.0,31.1,966.8,7.6,0.0,8,0,0,ERA5 - Jaipur (Post-Monsoon Autumn)
0.0,23.0,31.3,966.0,9.7,0.0,9,0,0,ERA5 - Jaipur (Post-Monsoon Autumn)
0.0,23.0,31.1,965.4,9.6,0.0,10,0,0,ERA5 - Jaipur (Post-Monsoon Autumn)
0.0,23.0,30.6,965.0,9.1,0.0,11,0,0,ERA5 - Jaipur (Post-Monsoon Autumn)
0.0,31.0,27.9,964.9,6.4,0.0,12,0,0,ERA5 - Jaipur (Post-Monsoon Autumn)
0.0,34.0,25.2,965.1,7.0,0.0,13,0,0,ERA5 - Jaipur (Post-Monsoon Autumn)
0.0,37.0,24.3,965.5,6.1,0.0,14,0,0,ERA5 - Jaipur (Post-Monsoon Autumn)
0.0,38.0,23.9,966.3,11.4,0.0,15,0,0,ERA5 - Jaipur (Post-Monsoon Autumn)
0.0,39.0,23.5,966.6,10.4,0.0,16,0,0,ERA5 - Jaipur (Post-Monsoon Autumn)
0.0,44.0,22.6,966.6,10.8,0.0,17,0,0,ERA5 - Jaipur (Post-Monsoon Autumn)
0.0,50.0,21.6,966.2,8.7,0.0,18,0,0,ERA5 - Jaipur (Post-Monsoon Autumn)
0.0,54.0,21.0,965.9,10.0,0.0,19,0,0,ERA5 - Jaipur (Post-Monsoon Autumn)
0.0,57.0,20.5,965.6,10.3,0.0,20,0,0,ERA5 - Jaipur (Post-Monsoon Autumn)
0.0,60.0,20.0,965.3,8.6,0.0,21,0,0,ERA5 - Jaipur (Post-Monsoon Autumn)
0.0,62.0,19.7,965.3,9.3,0.0,22,0,0,ERA5 - Jaipur (Post-Monsoon Autumn)
0.0,63.0,19.3,965.7,7.4,0.0,23,0,0,ERA5 - Jaipur (Post-Monsoon Autumn)
0.0,68.0,19.7,966.5,8.2,0.0,0,0,0,ERA5 - Jaipur (Post-Monsoon Autumn)
0.0,68.0,19.9,967.2,8.4,0.0,1,0,0,ERA5 - Jaipur (Post-Monsoon Autumn)
0.0,64.0,21.2,968.3,10.0,0.0,2,0,0,ERA5 - Jaipur (Post-Monsoon Autumn)
0.0,55.0,24.1,969.3,9.2,0.0,3,0,0,ERA5 - Jaipur (Post-Monsoon Autumn)
0.0,45.0,26.7,969.7,9.6,0.0,4,0,0,ERA5 - Jaipur (Post-Monsoon Autumn)
0.0,39.0,28.5,969.5,6.9,0.0,5,0,0,ERA5 - Jaipur (Post-Monsoon Autumn)
0.0,35.0,29.7,968.9,3.8,0.0,6,0,0,ERA5 - Jaipur (Post-Monsoon Autumn)
0.0,32.0,30.6,967.9,0.8,0.0,7,0,0,ERA5 - Jaipur (Post-Monsoon Autumn)
0.0,29.0,31.2,966.7,2.9,0.0,8,0,0,ERA5 - Jaipur (Post-Monsoon Autumn)
0.0,26.0,31.6,965.9,5.6,0.0,9,0,0,ERA5 - Jaipur (Post-Monsoon Autumn)
0.0,24.0,31.6,965.3,6.9,0.0,10,0,0,ERA5 - Jaipur (Post-Monsoon Autumn)
0.0,23.0,31.2,965.2,8.9,0.0,11,0,0,ERA5 - Jaipur (Post-Monsoon Autumn)
0.0,24.0,29.1,965.4,8.4,0.0,12,0,0,ERA5 - Jaipur (Post-Monsoon Autumn)
0.0,26.0,27.3,965.8,8.7,0.0,13,0,0,ERA5 - Jaipur (Post-Monsoon Autumn)
0.0,30.0,25.7,966.5,9.4,0.0,14,0,0,ERA5 - Jaipur (Post-Monsoon Autumn)
0.0,33.0,24.7,966.6,9.9,0.0,15,0,0,ERA5 - Jaipur (Post-Monsoon Autumn)
0.0,35.0,24.0,966.8,10.7,0.0,16,0,0,ERA5 - Jaipur (Post-Monsoon Autumn)
0.0,41.0,23.3,966.8,9.5,0.0,17,0,0,ERA5 - Jaipur (Post-Monsoon Autumn)
0.0,49.0,21.9,966.3,7.1,0.0,18,0,0,ERA5 - Jaipur (Post-Monsoon Autumn)
0.0,55.0,20.7,966.0,6.4,0.0,19,0,0,ERA5 - Jaipur (Post-Monsoon Autumn)
0.0,58.0,20.3,965.6,6.1,0.0,20,0,0,ERA5 - Jaipur (Post-Monsoon Autumn)
0.0,60.0,20.1,965.3,8.1,0.0,21,0,0,ERA5 - Jaipur (Post-Monsoon Autumn)
0.0,62.0,19.8,965.3,8.3,0.0,22,0,0,ERA5 - Jaipur (Post-Monsoon Autumn)
0.0,64.0,19.4,965.5,7.9,0.0,23,0,0,ERA5 - Jaipur (Post-Monsoon Autumn)
0.0,29.0,23.8,959.1,7.7,0.0,0,0,0,ERA5 - Jaipur (Mild Summer)
0.0,30.0,25.4,960.7,12.0,0.0,1,0,0,ERA5 - Jaipur (Mild Summer)
0.0,31.0,26.1,961.4,11.1,0.0,2,0,0,ERA5 - Jaipur (Mild Summer)
0.0,31.0,27.6,962.3,10.9,0.0,3,0,0,ERA5 - Jaipur (Mild Summer)
0.0,28.0,30.3,962.9,13.0,0.0,4,0,0,ERA5 - Jaipur (Mild Summer)
0.0,22.0,32.0,962.4,13.0,0.0,5,0,0,ERA5 - Jaipur (Mild Summer)
0.0,16.0,33.2,961.9,12.2,0.0,6,0,0,ERA5 - Jaipur (Mild Summer)
0.0,14.0,33.6,961.4,12.5,0.0,7,0,0,ERA5 - Jaipur (Mild Summer)
0.0,14.0,33.7,960.9,9.1,0.0,8,0,0,ERA5 - Jaipur (Mild Summer)
0.0,14.0,33.7,959.9,10.5,0.0,9,0,0,ERA5 - Jaipur (Mild Summer)
0.0,14.0,33.9,959.4,11.5,0.0,10,0,0,ERA5 - Jaipur (Mild Summer)
0.0,14.0,33.8,959.2,9.7,0.0,11,0,0,ERA5 - Jaipur (Mild Summer)
0.0,14.0,33.3,958.9,10.0,0.0,12,0,0,ERA5 - Jaipur (Mild Summer)
0.0,20.0,29.9,959.4,7.0,0.0,13,0,0,ERA5 - Jaipur (Mild Summer)
0.0,23.0,27.6,959.8,7.1,0.0,14,0,0,ERA5 - Jaipur (Mild Summer)
0.0,20.0,27.8,960.4,7.1,0.0,15,0,0,ERA5 - Jaipur (Mild Summer)
0.0,20.0,27.4,961.1,11.0,0.0,16,0,0,ERA5 - Jaipur (Mild Summer)
0.0,24.0,26.3,961.1,13.3,0.0,17,0,0,ERA5 - Jaipur (Mild Summer)
0.0,25.0,25.9,960.7,14.3,0.0,18,0,0,ERA5 - Jaipur (Mild Summer)
0.0,26.0,25.4,960.3,12.7,0.0,19,0,0,ERA5 - Jaipur (Mild Summer)
0.0,27.0,24.8,959.8,10.6,0.0,20,0,0,ERA5 - Jaipur (Mild Summer)
0.0,30.0,23.3,959.3,6.2,0.0,21,0,0,ERA5 - Jaipur (Mild Summer)
0.0,33.0,22.3,958.9,7.1,0.0,22,0,0,ERA5 - Jaipur (Mild Summer)
0.0,33.0,22.3,959.1,5.6,0.0,23,0,0,ERA5 - Jaipur (Mild Summer)
0.0,31.0,22.8,959.7,9.0,0.0,0,0,0,ERA5 - Jaipur (Mild Summer)
0.0,34.0,23.6,960.4,5.6,0.0,1,0,0,ERA5 - Jaipur (Mild Summer)
0.0,32.0,25.3,961.3,5.9,0.0,2,0,0,ERA5 - Jaipur (Mild Summer)
0.0,27.0,28.9,962.3,4.0,0.0,3,0,0,ERA5 - Jaipur (Mild Summer)
0.0,23.0,31.1,962.9,3.9,0.0,4,0,0,ERA5 - Jaipur (Mild Summer)
0.0,19.0,32.7,962.7,6.1,0.0,5,0,0,ERA5 - Jaipur (Mild Summer)
0.0,18.0,33.9,962.3,5.8,0.0,6,0,0,ERA5 - Jaipur (Mild Summer)
0.0,18.0,34.3,961.7,7.1,0.0,7,0,0,ERA5 - Jaipur (Mild Summer)
0.0,18.0,34.2,960.6,8.4,0.0,8,0,0,ERA5 - Jaipur (Mild Summer)
0.0,18.0,34.0,959.4,8.7,0.0,9,0,0,ERA5 - Jaipur (Mild Summer)
0.5,28.0,30.9,959.3,6.5,0.0,10,0,0,ERA5 - Jaipur (Mild Summer)
0.0,21.0,31.4,958.5,18.4,0.0,11,0,0,ERA5 - Jaipur (Mild Summer)
0.0,17.0,31.7,958.5,15.9,0.0,12,0,0,ERA5 - Jaipur (Mild Summer)
0.0,17.0,31.4,958.5,7.1,0.0,13,0,0,ERA5 - Jaipur (Mild Summer)
0.0,20.0,28.4,958.8,7.6,0.0,14,0,0,ERA5 - Jaipur (Mild Summer)
0.0,16.0,27.5,959.7,8.3,0.0,15,0,0,ERA5 - Jaipur (Mild Summer)
0.0,19.0,26.1,960.0,9.2,0.0,16,0,0,ERA5 - Jaipur (Mild Summer)
0.0,20.0,26.1,960.2,12.2,0.0,17,0,0,ERA5 - Jaipur (Mild Summer)
0.0,22.0,25.2,959.9,11.5,0.0,18,0,0,ERA5 - Jaipur (Mild Summer)
0.0,23.0,25.3,959.9,17.4,0.0,19,0,0,ERA5 - Jaipur (Mild Summer)
0.0,22.0,24.9,959.5,16.1,0.0,20,0,0,ERA5 - Jaipur (Mild Summer)
0.0,22.0,24.4,959.2,13.0,0.0,21,0,0,ERA5 - Jaipur (Mild Summer)
0.0,23.0,23.6,959.0,13.1,0.0,22,0,0,ERA5 - Jaipur (Mild Summer)
0.0,25.0,22.9,959.2,12.0,0.0,23,0,0,ERA5 - Jaipur (Mild Summer)
0.0,26.0,22.0,959.3,9.7,0.0,0,0,0,ERA5 - Jaipur (Mild Summer)
0.0,27.0,22.7,960.4,9.8,0.0,1,0,0,ERA5 - Jaipur (Mild Summer)
0.0,25.0,25.0,961.3,10.0,0.0,2,0,0,ERA5 - Jaipur (Mild Summer)
0.0,20.0,28.6,962.6,6.4,0.0,3,0,0,ERA5 - Jaipur (Mild Summer)
0.0,13.0,31.9,963.3,6.8,0.0,4,0,0,ERA5 - Jaipur (Mild Summer)
0.0,10.0,33.8,963.2,8.3,0.0,5,0,0,ERA5 - Jaipur (Mild Summer)
0.0,7.0,35.1,962.6,12.0,0.0,6,0,0,ERA5 - Jaipur (Mild Summer)
0.0,7.0,35.7,961.8,14.2,0.0,7,0,0,ERA5 - Jaipur (Mild Summer)
0.0,7.0,36.0,960.7,14.1,0.0,8,0,0,ERA5 - Jaipur (Mild Summer)
0.0,7.0,36.1,959.8,12.2,0.0,9,0,0,ERA5 - Jaipur (Mild Summer)
0.0,7.0,36.0,958.9,11.3,0.0,10,0,0,ERA5 - Jaipur (Mild Summer)
0.0,7.0,35.7,958.8,12.0,0.0,11,0,0,ERA5 - Jaipur (Mild Summer)
0.0,7.0,34.7,958.7,13.6,0.0,12,0,0,ERA5 - Jaipur (Mild Summer)
0.0,9.0,31.7,959.1,15.5,0.0,13,0,0,ERA5 - Jaipur (Mild Summer)
0.0,10.0,29.4,959.5,16.3,0.0,14,0,0,ERA5 - Jaipur (Mild Summer)
0.0,11.0,28.8,959.9,16.6,0.0,15,0,0,ERA5 - Jaipur (Mild Summer)
0.0,13.0,27.4,960.4,10.1,0.0,16,0,0,ERA5 - Jaipur (Mild Summer)
0.0,17.0,24.1,960.1,9.2,0.0,17,0,0,ERA5 - Jaipur (Mild Summer)
0.0,17.0,23.3,960.0,7.1,0.0,18,0,0,ERA5 - Jaipur (Mild Summer)
0.0,15.0,24.0,960.3,9.5,0.0,19,0,0,ERA5 - Jaipur (Mild Summer)
0.0,19.0,21.0,960.0,9.8,0.0,20,0,0,ERA5 - Jaipur (Mild Summer)
0.0,18.0,21.5,959.7,7.1,0.0,21,0,0,ERA5 - Jaipur (Mild Summer)
0.0,19.0,20.7,959.2,6.8,0.0,22,0,0,ERA5 - Jaipur (Mild Summer)
0.0,21.0,20.2,959.2,8.9,0.0,23,0,0,ERA5 - Jaipur (Mild Summer)
0.0,22.0,20.3,959.5,8.4,0.0,0,0,0,ERA5 - Jaipur (Mild Summer)
0.0,26.0,21.5,960.6,6.4,0.0,1,0,0,ERA5 - Jaipur (Mild Summer)
0.0,23.0,23.9,961.6,5.4,0.0,2,0,0,ERA5 - Jaipur (Mild Summer)
0.0,18.0,27.4,963.0,2.3,0.0,3,0,0,ERA5 - Jaipur (Mild Summer)
0.0,15.0,30.1,963.9,3.4,0.0,4,0,0,ERA5 - Jaipur (Mild Summer)
0.0,12.0,32.8,964.1,10.3,0.0,5,0,0,ERA5 - Jaipur (Mild Summer)
0.0,10.0,35.3,964.0,13.0,0.0,6,0,0,ERA5 - Jaipur (Mild Summer)
0.0,8.0,36.4,963.2,9.8,0.0,7,0,0,ERA5 - Jaipur (Mild Summer)
0.0,8.0,37.1,962.4,10.1,0.0,8,0,0,ERA5 - Jaipur (Mild Summer)
0.0,8.0,37.4,961.5,10.8,0.0,9,0,0,ERA5 - Jaipur (Mild Summer)
0.0,8.0,37.2,960.6,10.4,0.0,10,0,0,ERA5 - Jaipur (Mild Summer)
0.0,8.0,36.4,960.3,9.7,0.0,11,0,0,ERA5 - Jaipur (Mild Summer)
0.0,9.0,35.6,960.2,6.9,0.0,12,0,0,ERA5 - Jaipur (Mild Summer)
0.0,13.0,30.8,960.2,8.4,0.0,13,0,0,ERA5 - Jaipur (Mild Summer)
0.0,13.0,28.6,960.3,8.6,0.0,14,0,0,ERA5 - Jaipur (Mild Summer)
0.0,14.0,28.3,960.9,8.3,0.0,15,0,0,ERA5 - Jaipur (Mild Summer)
0.0,13.0,29.1,961.6,0.4,0.0,16,0,0,ERA5 - Jaipur (Mild Summer)
0.0,17.0,25.1,961.4,9.0,0.0,17,0,0,ERA5 - Jaipur (Mild Summer)
0.0,16.0,24.5,961.6,5.8,0.0,18,0,0,ERA5 - Jaipur (Mild Summer)
0.0,14.0,25.7,961.5,13.2,0.0,19,0,0,ERA5 - Jaipur (Mild Summer)
0.0,15.0,25.0,960.8,13.0,0.0,20,0,0,ERA5 - Jaipur (Mild Summer)
0.0,16.0,24.3,960.6,13.9,0.0,21,0,0,ERA5 - Jaipur (Mild Summer)
0.0,17.0,23.8,960.4,12.9,0.0,22,0,0,ERA5 - Jaipur (Mild Summer)
0.0,18.0,23.1,960.3,10.7,0.0,23,0,0,ERA5 - Jaipur (Mild Summer)
0.0,19.0,22.9,960.8,9.7,0.0,0,0,0,ERA5 - Jaipur (Mild Summer)
0.0,24.0,23.3,961.0,9.6,0.0,1,0,0,ERA5 - Jaipur (Mild Summer)
0.0,21.0,26.2,962.2,10.5,0.0,2,0,0,ERA5 - Jaipur (Mild Summer)
0.0,18.0,29.6,963.4,7.2,0.0,3,0,0,ERA5 - Jaipur (Mild Summer)
0.0,16.0,32.5,963.9,11.1,0.0,4,0,0,ERA5 - Jaipur (Mild Summer)
0.0,14.0,34.3,964.1,11.8,0.0,5,0,0,ERA5 - Jaipur (Mild Summer)
0.0,11.0,35.7,964.0,8.8,0.0,6,0,0,ERA5 - Jaipur (Mild Summer)
0.0,9.0,36.2,963.7,6.1,0.0,7,0,0,ERA5 - Jaipur (Mild Summer)
0.0,9.0,36.4,962.7,3.3,0.0,8,0,0,ERA5 - Jaipur (Mild Summer)
0.0,8.0,37.7,961.8,4.8,0.0,9,0,0,ERA5 - Jaipur (Mild Summer)
0.0,9.0,36.7,960.8,8.4,0.0,10,0,0,ERA5 - Jaipur (Mild Summer)
0.0,9.0,35.9,960.4,12.2,0.0,11,0,0,ERA5 - Jaipur (Mild Summer)
0.0,9.0,35.2,960.1,4.7,0.0,12,0,0,ERA5 - Jaipur (Mild Summer)
0.0,9.0,33.4,960.1,10.8,0.0,13,0,0,ERA5 - Jaipur (Mild Summer)
0.0,12.0,30.0,960.2,7.2,0.0,14,0,0,ERA5 - Jaipur (Mild Summer)
0.0,15.0,27.7,960.5,7.0,0.0,15,0,0,ERA5 - Jaipur (Mild Summer)
0.0,15.0,27.1,961.1,3.6,0.0,16,0,0,ERA5 - Jaipur (Mild Summer)
0.0,14.0,27.1,961.2,6.6,0.0,17,0,0,ERA5 - Jaipur (Mild Summer)
0.0,12.0,26.8,961.4,15.6,0.0,18,0,0,ERA5 - Jaipur (Mild Summer)
0.0,12.0,26.4,961.3,16.0,0.0,19,0,0,ERA5 - Jaipur (Mild Summer)
0.0,13.0,25.6,961.1,13.8,0.0,20,0,0,ERA5 - Jaipur (Mild Summer)
0.0,14.0,25.1,960.8,14.6,0.0,21,0,0,ERA5 - Jaipur (Mild Summer)
0.0,15.0,24.4,960.7,13.9,0.0,22,0,0,ERA5 - Jaipur (Mild Summer)
0.0,17.0,23.9,960.7,13.0,0.0,23,0,0,ERA5 - Jaipur (Mild Summer)
0.0,17.0,23.5,960.8,11.9,0.0,0,0,0,ERA5 - Jaipur (Mild Summer)
0.0,24.0,24.5,961.7,10.9,0.0,1,0,0,ERA5 - Jaipur (Mild Summer)
0.0,22.0,26.6,962.8,9.1,0.0,2,0,0,ERA5 - Jaipur (Mild Summer)
0.0,20.0,29.0,963.8,7.7,0.0,3,0,0,ERA5 - Jaipur (Mild Summer)
0.0,16.0,31.7,964.1,11.0,0.0,4,0,0,ERA5 - Jaipur (Mild Summer)
0.0,13.0,34.3,964.0,12.7,0.0,5,0,0,ERA5 - Jaipur (Mild Summer)
0.0,14.0,35.4,963.8,14.0,0.0,6,0,0,ERA5 - Jaipur (Mild Summer)
0.0,12.0,36.0,963.1,8.0,0.0,7,0,0,ERA5 - Jaipur (Mild Summer)
0.0,15.0,35.1,962.5,24.2,0.0,8,0,0,ERA5 - Jaipur (Mild Summer)
0.0,16.0,34.5,962.0,18.0,0.0,9,0,0,ERA5 - Jaipur (Mild Summer)
0.0,18.0,34.3,961.6,15.7,0.0,10,0,0,ERA5 - Jaipur (Mild Summer)
0.0,19.0,33.2,961.1,13.0,0.0,11,0,0,ERA5 - Jaipur (Mild Summer)
0.0,18.0,33.2,960.9,6.7,0.0,12,0,0,ERA5 - Jaipur (Mild Summer)
0.0,18.0,31.4,960.6,7.6,0.0,13,0,0,ERA5 - Jaipur (Mild Summer)
0.1,26.0,29.2,961.3,6.0,0.0,14,0,0,ERA5 - Jaipur (Mild Summer)
0.0,21.0,30.8,962.2,5.6,0.0,15,0,0,ERA5 - Jaipur (Mild Summer)
0.0,24.0,28.2,962.1,12.3,0.0,16,0,0,ERA5 - Jaipur (Mild Summer)
0.0,29.0,26.5,962.3,11.2,0.0,17,0,0,ERA5 - Jaipur (Mild Summer)
0.0,34.0,24.4,962.0,7.8,0.0,18,0,0,ERA5 - Jaipur (Mild Summer)
0.0,37.0,23.5,961.8,9.2,0.0,19,0,0,ERA5 - Jaipur (Mild Summer)
0.0,39.0,23.2,961.1,8.4,0.0,20,0,0,ERA5 - Jaipur (Mild Summer)
0.0,42.0,22.5,960.7,8.0,0.0,21,0,0,ERA5 - Jaipur (Mild Summer)
0.0,45.0,21.5,960.6,9.0,0.0,22,0,0,ERA5 - Jaipur (Mild Summer)
0.0,47.0,21.1,960.7,10.0,0.0,23,0,0,ERA5 - Jaipur (Mild Summer)
0.0,95.0,12.9,1006.9,6.7,0.0,0,0,0,ERA5 - Guwahati (Winter)
0.0,95.0,12.8,1007.3,7.1,0.0,1,0,0,ERA5 - Guwahati (Winter)
0.0,88.0,14.3,1008.6,7.8,0.0,2,0,0,ERA5 - Guwahati (Winter)
0.0,80.0,16.1,1009.4,7.6,0.0,3,0,0,ERA5 - Guwahati (Winter)
0.0,72.0,18.0,1009.4,8.0,0.0,4,0,0,ERA5 - Guwahati (Winter)
0.0,66.0,19.6,1008.6,6.6,0.0,5,0,0,ERA5 - Guwahati (Winter)
0.0,62.0,20.7,1007.2,6.3,0.0,6,0,0,ERA5 - Guwahati (Winter)
0.1,58.0,21.4,1005.8,7.0,0.0,7,0,0,ERA5 - Guwahati (Winter)
0.0,56.0,21.8,1004.7,7.0,0.0,8,0,0,ERA5 - Guwahati (Winter)
0.0,58.0,21.4,1004.4,7.8,0.0,9,0,0,ERA5 - Guwahati (Winter)
0.0,61.0,20.7,1004.5,7.1,0.0,10,0,0,ERA5 - Guwahati (Winter)
0.0,70.0,18.9,1004.9,5.2,0.0,11,0,0,ERA5 - Guwahati (Winter)
0.0,80.0,17.0,1005.7,5.2,0.0,12,0,0,ERA5 - Guwahati (Winter)
0.0,82.0,16.5,1006.5,5.2,0.0,13,0,0,ERA5 - Guwahati (Winter)
0.0,88.0,15.1,1007.1,6.7,0.0,14,0,0,ERA5 - Guwahati (Winter)
0.0,90.0,14.4,1007.5,4.6,0.0,15,0,0,ERA5 - Guwahati (Winter)
0.0,93.0,13.7,1007.8,4.3,0.0,16,0,0,ERA5 - Guwahati (Winter)
0.1,92.0,13.7,1008.1,3.6,0.0,17,0,0,ERA5 - Guwahati (Winter)
0.1,92.0,14.6,1008.3,6.5,0.0,18,0,0,ERA5 - Guwahati (Winter)
0.1,95.0,13.5,1007.9,3.7,0.0,19,0,0,ERA5 - Guwahati (Winter)
0.0,90.0,14.3,1007.5,3.1,0.0,20,0,0,ERA5 - Guwahati (Winter)
0.1,90.0,13.8,1007.2,1.6,0.0,21,0,0,ERA5 - Guwahati (Winter)
0.0,94.0,11.2,1007.0,3.8,0.0,22,0,0,ERA5 - Guwahati (Winter)
0.0,92.0,11.0,1007.2,3.2,0.0,23,0,0,ERA5 - Guwahati (Winter)
0.0,84.0,12.3,1008.1,4.0,0.0,0,0,0,ERA5 - Guwahati (Winter)
0.0,91.0,11.3,1009.4,2.2,0.0,1,0,0,ERA5 - Guwahati (Winter)
0.0,84.0,12.9,1010.5,2.4,0.0,2,0,0,ERA5 - Guwahati (Winter)
0.0,74.0,15.1,1011.5,2.6,0.0,3,0,0,ERA5 - Guwahati (Winter)
0.0,69.0,17.4,1011.5,3.9,0.0,4,0,0,ERA5 - Guwahati (Winter)
0.0,66.0,18.8,1010.5,5.1,0.0,5,0,0,ERA5 - Guwahati (Winter)
0.0,59.0,20.0,1009.2,5.0,0.0,6,0,0,ERA5 - Guwahati (Winter)
0.0,53.0,20.9,1008.0,5.9,0.0,7,0,0,ERA5 - Guwahati (Winter)
0.0,51.0,21.1,1007.0,6.4,0.0,8,0,0,ERA5 - Guwahati (Winter)
0.0,52.0,21.0,1006.5,7.2,0.0,9,0,0,ERA5 - Guwahati (Winter)
0.0,54.0,20.4,1006.3,6.9,0.0,10,0,0,ERA5 - Guwahati (Winter)
0.0,70.0,18.3,1006.3,4.3,0.0,11,0,0,ERA5 - Guwahati (Winter)
0.0,74.0,16.4,1007.2,7.2,0.0,12,0,0,ERA5 - Guwahati (Winter)
0.0,71.0,16.6,1008.1,8.0,0.0,13,0,0,ERA5 - Guwahati (Winter)
0.0,73.0,15.7,1009.1,7.7,0.0,14,0,0,ERA5 - Guwahati (Winter)
0.0,75.0,15.3,1009.7,6.4,0.0,15,0,0,ERA5 - Guwahati (Winter)
0.0,79.0,14.6,1010.0,5.6,0.0,16,0,0,ERA5 - Guwahati (Winter)
0.0,85.0,13.8,1010.0,6.0,0.0,17,0,0,ERA5 - Guwahati (Winter)
0.0,83.0,14.1,1009.7,5.8,0.0,18,0,0,ERA5 - Guwahati (Winter)
0.0,82.0,13.9,1009.3,6.1,0.0,19,0,0,ERA5 - Guwahati (Winter)
0.0,84.0,13.5,1009.0,5.7,0.0,20,0,0,ERA5 - Guwahati (Winter)
0.0,83.0,13.7,1008.5,6.4,0.0,21,0,0,ERA5 - Guwahati (Winter)
0.0,87.0,13.0,1008.4,6.2,0.0,22,0,0,ERA5 - Guwahati (Winter)
0.0,91.0,12.2,1008.6,4.8,0.0,23,0,0,ERA5 - Guwahati (Winter)
0.0,85.0,13.8,1008.9,4.1,0.0,0,0,0,ERA5 - Guwahati (Winter)
0.1,87.0,13.5,1010.1,2.0,0.0,1,0,0,ERA5 - Guwahati (Winter)
0.0,87.0,14.2,1011.2,1.1,0.0,2,0,0,ERA5 - Guwahati (Winter)
0.0,79.0,16.0,1011.9,0.4,0.0,3,0,0,ERA5 - Guwahati (Winter)
0.0,72.0,17.6,1012.1,2.7,0.0,4,0,0,ERA5 - Guwahati (Winter)
0.0,62.0,19.1,1011.2,4.6,0.0,5,0,0,ERA5 - Guwahati (Winter)
0.0,54.0,20.2,1009.8,4.5,0.0,6,0,0,ERA5 - Guwahati (Winter)
0.0,49.0,20.7,1008.7,5.2,0.0,7,0,0,ERA5 - Guwahati (Winter)
0.0,47.0,20.8,1007.5,6.9,0.0,8,0,0,ERA5 - Guwahati (Winter)
0.0,47.0,20.5,1007.0,6.4,0.0,9,0,0,ERA5 - Guwahati (Winter)
0.0,48.0,20.3,1006.7,3.1,0.0,10,0,0,ERA5 - Guwahati (Winter)
0.0,67.0,17.9,1007.1,5.2,0.0,11,0,0,ERA5 - Guwahati (Winter)
0.0,56.0,18.2,1007.8,2.8,0.0,12,0,0,ERA5 - Guwahati (Winter)
0.0,70.0,15.5,1008.8,4.6,0.0,13,0,0,ERA5 - Guwahati (Winter)
0.0,67.0,15.8,1009.6,6.7,0.0,14,0,0,ERA5 - Guwahati (Winter)
0.0,70.0,15.0,1010.4,7.9,0.0,15,0,0,ERA5 - Guwahati (Winter)
0.0,74.0,14.3,1010.9,8.4,0.0,16,0,0,ERA5 - Guwahati (Winter)
0.0,75.0,14.3,1011.0,8.4,0.0,17,0,0,ERA5 - Guwahati (Winter)
0.0,77.0,14.0,1010.6,6.9,0.0,18,0,0,ERA5 - Guwahati (Winter)
0.0,81.0,13.0,1010.5,5.9,0.0,19,0,0,ERA5 - Guwahati (Winter)
0.0,85.0,11.9,1010.2,5.0,0.0,20,0,0,ERA5 - Guwahati (Winter)
0.0,85.0,10.9,1009.9,4.5,0.0,21,0,0,ERA5 - Guwahati (Winter)
0.0,80.0,10.5,1010.0,3.4,0.0,22,0,0,ERA5 - Guwahati (Winter)
0.0,76.0,9.7,1010.2,3.2,0.0,23,0,0,ERA5 - Guwahati (Winter)
0.0,76.0,10.3,1011.3,6.2,0.0,0,0,0,ERA5 - Guwahati (Winter)
0.0,74.0,11.0,1012.2,4.9,0.0,1,0,0,ERA5 - Guwahati (Winter)
0.0,68.0,13.0,1013.1,4.6,0.0,2,0,0,ERA5 - Guwahati (Winter)
0.0,63.0,15.6,1014.1,2.9,0.0,3,0,0,ERA5 - Guwahati (Winter)
0.0,58.0,17.3,1014.5,3.1,0.0,4,0,0,ERA5 - Guwahati (Winter)
0.0,54.0,18.7,1013.7,4.4,0.0,5,0,0,ERA5 - Guwahati (Winter)
0.0,52.0,19.6,1012.3,5.2,0.0,6,0,0,ERA5 - Guwahati (Winter)
0.0,50.0,20.4,1010.9,5.1,0.0,7,0,0,ERA5 - Guwahati (Winter)
0.0,49.0,20.6,1009.7,7.2,0.0,8,0,0,ERA5 - Guwahati (Winter)
0.0,50.0,20.5,1009.0,6.9,0.0,9,0,0,ERA5 - Guwahati (Winter)
0.0,51.0,19.9,1008.7,5.9,0.0,10,0,0,ERA5 - Guwahati (Winter)
0.0,66.0,17.3,1008.9,5.3,0.0,11,0,0,ERA5 - Guwahati (Winter)
0.0,61.0,17.7,1010.2,6.8,0.0,12,0,0,ERA5 - Guwahati (Winter)
0.0,63.0,17.0,1011.3,4.4,0.0,13,0,0,ERA5 - Guwahati (Winter)
0.0,78.0,13.6,1012.2,5.6,0.0,14,0,0,ERA5 - Guwahati (Winter)
0.0,79.0,12.9,1013.0,3.3,0.0,15,0,0,ERA5 - Guwahati (Winter)
0.0,79.0,13.1,1013.4,3.3,0.0,16,0,0,ERA5 - Guwahati (Winter)
0.0,79.0,12.9,1013.3,4.4,0.0,17,0,0,ERA5 - Guwahati (Winter)
0.0,84.0,11.9,1013.0,4.7,0.0,18,0,0,ERA5 - Guwahati (Winter)
0.0,87.0,11.4,1012.6,5.6,0.0,19,0,0,ERA5 - Guwahati (Winter)
0.0,88.0,11.0,1011.7,4.8,0.0,20,0,0,ERA5 - Guwahati (Winter)
0.0,91.0,10.1,1011.2,3.8,0.0,21,0,0,ERA5 - Guwahati (Winter)
0.0,91.0,9.9,1010.9,4.3,0.0,22,0,0,ERA5 - Guwahati (Winter)
0.0,92.0,9.6,1011.0,5.0,0.0,23,0,0,ERA5 - Guwahati (Winter)
0.0,90.0,9.6,1012.2,5.1,0.0,0,0,0,ERA5 - Guwahati (Winter)
0.0,89.0,9.6,1012.8,4.4,0.0,1,0,0,ERA5 - Guwahati (Winter)
0.0,79.0,12.1,1013.9,4.3,0.0,2,0,0,ERA5 - Guwahati (Winter)
0.0,65.0,15.7,1014.3,1.5,0.0,3,0,0,ERA5 - Guwahati (Winter)
0.0,62.0,17.5,1014.5,1.5,0.0,4,0,0,ERA5 - Guwahati (Winter)
0.0,58.0,19.1,1013.4,3.6,0.0,5,0,0,ERA5 - Guwahati (Winter)
0.0,54.0,20.4,1012.2,5.0,0.0,6,0,0,ERA5 - Guwahati (Winter)
0.0,50.0,21.4,1010.5,5.3,0.0,7,0,0,ERA5 - Guwahati (Winter)
0.0,49.0,21.8,1009.2,6.1,0.0,8,0,0,ERA5 - Guwahati (Winter)
0.0,48.0,21.7,1008.6,5.3,0.0,9,0,0,ERA5 - Guwahati (Winter)
0.0,49.0,21.1,1008.6,5.2,0.0,10,0,0,ERA5 - Guwahati (Winter)
0.0,69.0,17.9,1008.8,6.5,0.0,11,0,0,ERA5 - Guwahati (Winter)
0.0,56.0,18.6,1009.3,5.3,0.0,12,0,0,ERA5 - Guwahati (Winter)
0.0,72.0,15.4,1009.8,4.7,0.0,13,0,0,ERA5 - Guwahati (Winter)
0.0,75.0,14.8,1010.6,4.6,0.0,14,0,0,ERA5 - Guwahati (Winter)
0.0,79.0,14.0,1011.1,4.6,0.0,15,0,0,ERA5 - Guwahati (Winter)
0.0,83.0,13.1,1011.3,4.2,0.0,16,0,0,ERA5 - Guwahati (Winter)
0.0,84.0,13.0,1011.5,5.1,0.0,17,0,0,ERA5 - Guwahati (Winter)
0.0,88.0,12.1,1011.2,5.3,0.0,18,0,0,ERA5 - Guwahati (Winter)
0.0,92.0,11.3,1010.8,3.4,0.0,19,0,0,ERA5 - Guwahati (Winter)
0.0,94.0,10.8,1010.2,3.1,0.0,20,0,0,ERA5 - Guwahati (Winter)
0.0,95.0,10.1,1009.6,3.8,0.0,21,0,0,ERA5 - Guwahati (Winter)
0.0,94.0,9.8,1009.3,5.8,0.0,22,0,0,ERA5 - Guwahati (Winter)
0.0,90.0,9.9,1009.5,6.9,0.0,23,0,0,ERA5 - Guwahati (Winter)
0.0,86.0,10.3,1010.4,6.6,0.0,0,0,0,ERA5 - Guwahati (Winter)
0.0,85.0,10.3,1011.2,6.1,0.0,1,0,0,ERA5 - Guwahati (Winter)
0.0,75.0,12.8,1012.5,6.9,0.0,2,0,0,ERA5 - Guwahati (Winter)
0.0,65.0,16.4,1013.5,2.0,0.0,3,0,0,ERA5 - Guwahati (Winter)
0.0,60.0,18.5,1013.6,1.1,0.0,4,0,0,ERA5 - Guwahati (Winter)
0.0,55.0,20.1,1012.8,4.1,0.0,5,0,0,ERA5 - Guwahati (Winter)
0.0,51.0,21.4,1011.5,5.4,0.0,6,0,0,ERA5 - Guwahati (Winter)
0.0,47.0,22.3,1010.1,6.5,0.0,7,0,0,ERA5 - Guwahati (Winter)
0.0,43.0,22.7,1008.8,6.8,0.0,8,0,0,ERA5 - Guwahati (Winter)
0.0,42.0,22.6,1008.1,7.1,0.0,9,0,0,ERA5 - Guwahati (Winter)
0.0,44.0,21.9,1008.1,5.5,0.0,10,0,0,ERA5 - Guwahati (Winter)
0.0,64.0,18.7,1008.3,6.3,0.0,11,0,0,ERA5 - Guwahati (Winter)
0.0,49.0,19.8,1008.9,4.3,0.0,12,0,0,ERA5 - Guwahati (Winter)
0.0,56.0,18.0,1009.3,2.3,0.0,13,0,0,ERA5 - Guwahati (Winter)
0.0,65.0,15.8,1010.1,4.3,0.0,14,0,0,ERA5 - Guwahati (Winter)
0.0,70.0,14.9,1010.6,5.0,0.0,15,0,0,ERA5 - Guwahati (Winter)
0.0,74.0,14.2,1010.5,5.4,0.0,16,0,0,ERA5 - Guwahati (Winter)
0.0,76.0,13.9,1010.4,5.4,0.0,17,0,0,ERA5 - Guwahati (Winter)
0.0,81.0,13.0,1010.1,5.0,0.0,18,0,0,ERA5 - Guwahati (Winter)
0.0,86.0,12.2,1009.6,5.2,0.0,19,0,0,ERA5 - Guwahati (Winter)
0.0,87.0,12.0,1009.2,5.8,0.0,20,0,0,ERA5 - Guwahati (Winter)
0.0,85.0,11.8,1008.7,5.4,0.0,21,0,0,ERA5 - Guwahati (Winter)
0.0,83.0,11.4,1008.4,5.0,0.0,22,0,0,ERA5 - Guwahati (Winter)
0.0,82.0,10.9,1008.4,5.0,0.0,23,0,0,ERA5 - Guwahati (Winter)
0.0,62.0,19.0,1008.6,6.4,0.0,0,0,0,ERA5 - Guwahati (Pre-Monsoon Spring)
0.0,68.0,18.7,1009.3,3.9,0.0,1,0,0,ERA5 - Guwahati (Pre-Monsoon Spring)
0.0,59.0,20.8,1010.4,5.5,0.0,2,0,0,ERA5 - Guwahati (Pre-Monsoon Spring)
0.0,52.0,23.5,1010.6,4.8,0.0,3,0,0,ERA5 - Guwahati (Pre-Monsoon Spring)
0.0,44.0,26.3,1010.4,1.6,0.0,4,0,0,ERA5 - Guwahati (Pre-Monsoon Spring)
0.0,40.0,28.2,1009.6,3.6,0.0,5,0,0,ERA5 - Guwahati (Pre-Monsoon Spring)
0.0,39.0,29.4,1008.4,6.4,0.0,6,0,0,ERA5 - Guwahati (Pre-Monsoon Spring)
0.0,39.0,29.9,1007.0,8.2,0.0,7,0,0,ERA5 - Guwahati (Pre-Monsoon Spring)
0.0,40.0,29.9,1005.9,8.0,0.0,8,0,0,ERA5 - Guwahati (Pre-Monsoon Spring)
0.0,41.0,29.7,1004.9,8.2,0.0,9,0,0,ERA5 - Guwahati (Pre-Monsoon Spring)
0.0,43.0,29.1,1004.7,7.1,0.0,10,0,0,ERA5 - Guwahati (Pre-Monsoon Spring)
0.0,52.0,26.8,1004.5,4.9,0.0,11,0,0,ERA5 - Guwahati (Pre-Monsoon Spring)
0.0,53.0,24.2,1005.1,9.4,0.0,12,0,0,ERA5 - Guwahati (Pre-Monsoon Spring)
0.0,45.0,24.1,1005.9,6.6,0.0,13,0,0,ERA5 - Guwahati (Pre-Monsoon Spring)
0.0,54.0,21.8,1007.1,4.7,0.0,14,0,0,ERA5 - Guwahati (Pre-Monsoon Spring)
0.0,55.0,21.9,1007.9,8.6,0.0,15,0,0,ERA5 - Guwahati (Pre-Monsoon Spring)
0.0,60.0,21.2,1008.3,4.9,0.0,16,0,0,ERA5 - Guwahati (Pre-Monsoon Spring)
0.0,61.0,20.7,1008.4,4.3,0.0,17,0,0,ERA5 - Guwahati (Pre-Monsoon Spring)
0.0,62.0,19.3,1008.2,5.8,0.0,18,0,0,ERA5 - Guwahati (Pre-Monsoon Spring)
0.0,57.0,19.6,1007.9,9.5,0.0,19,0,0,ERA5 - Guwahati (Pre-Monsoon Spring)
0.0,54.0,19.7,1007.3,9.2,0.0,20,0,0,ERA5 - Guwahati (Pre-Monsoon Spring)
0.0,62.0,18.0,1006.8,6.6,0.0,21,0,0,ERA5 - Guwahati (Pre-Monsoon Spring)
0.0,58.0,18.0,1006.7,4.3,0.0,22,0,0,ERA5 - Guwahati (Pre-Monsoon Spring)
0.0,55.0,18.1,1007.0,4.0,0.0,23,0,0,ERA5 - Guwahati (Pre-Monsoon Spring)
0.0,63.0,18.0,1008.4,5.5,0.0,0,0,0,ERA5 - Guwahati (Pre-Monsoon Spring)
0.0,58.0,19.4,1009.3,2.6,0.0,1,0,0,ERA5 - Guwahati (Pre-Monsoon Spring)
0.0,57.0,21.2,1010.4,3.9,0.0,2,0,0,ERA5 - Guwahati (Pre-Monsoon Spring)
0.0,47.0,24.1,1010.8,3.8,0.0,3,0,0,ERA5 - Guwahati (Pre-Monsoon Spring)
0.0,42.0,26.2,1010.5,5.0,0.0,4,0,0,ERA5 - Guwahati (Pre-Monsoon Spring)
0.0,39.0,28.3,1010.0,5.6,0.0,5,0,0,ERA5 - Guwahati (Pre-Monsoon Spring)
0.0,38.0,29.7,1008.8,6.4,0.0,6,0,0,ERA5 - Guwahati (Pre-Monsoon Spring)
0.0,38.0,30.6,1007.3,6.0,0.0,7,0,0,ERA5 - Guwahati (Pre-Monsoon Spring)
0.0,38.0,31.0,1006.0,5.7,0.0,8,0,0,ERA5 - Guwahati (Pre-Monsoon Spring)
0.0,39.0,30.6,1005.3,8.6,0.0,9,0,0,ERA5 - Guwahati (Pre-Monsoon Spring)
0.0,40.0,30.0,1005.2,7.1,0.0,10,0,0,ERA5 - Guwahati (Pre-Monsoon Spring)
0.0,54.0,27.4,1005.3,4.5,0.0,11,0,0,ERA5 - Guwahati (Pre-Monsoon Spring)
0.0,57.0,24.2,1005.6,9.7,0.0,12,0,0,ERA5 - Guwahati (Pre-Monsoon Spring)
0.0,56.0,24.0,1006.4,8.1,0.0,13,0,0,ERA5 - Guwahati (Pre-Monsoon Spring)
0.0,56.0,23.5,1007.6,8.9,0.0,14,0,0,ERA5 - Guwahati (Pre-Monsoon Spring)
0.0,57.0,23.0,1008.5,8.2,0.0,15,0,0,ERA5 - Guwahati (Pre-Monsoon Spring)
0.0,56.0,22.7,1009.1,7.4,0.0,16,0,0,ERA5 - Guwahati (Pre-Monsoon Spring)
0.0,57.0,21.8,1008.9,6.2,0.0,17,0,0,ERA5 - Guwahati (Pre-Monsoon Spring)
0.0,53.0,21.8,1008.8,7.9,0.0,18,0,0,ERA5 - Guwahati (Pre-Monsoon Spring)
0.0,52.0,21.5,1008.1,7.7,0.0,19,0,0,ERA5 - Guwahati (Pre-Monsoon Spring)
0.0,52.0,21.1,1007.3,6.8,0.0,20,0,0,ERA5 - Guwahati (Pre-Monsoon Spring)
0.0,54.0,20.1,1006.9,6.3,0.0,21,0,0,ERA5 - Guwahati (Pre-Monsoon Spring)
0.0,61.0,18.6,1006.8,7.3,0.0,22,0,0,ERA5 - Guwahati (Pre-Monsoon Spring)
0.0,62.0,18.2,1007.2,5.4,0.0,23,0,0,ERA5 - Guwahati (Pre-Monsoon Spring)
0.0,57.0,19.9,1008.9,0.7,0.0,0,0,0,ERA5 - Guwahati (Pre-Monsoon Spring)
0.0,61.0,19.4,1010.1,2.2,0.0,1,0,0,ERA5 - Guwahati (Pre-Monsoon Spring)
0.0,59.0,21.5,1010.9,5.2,0.0,2,0,0,ERA5 - Guwahati (Pre-Monsoon Spring)
0.0,49.0,24.6,1011.0,4.3,0.0,3,0,0,ERA5 - Guwahati (Pre-Monsoon Spring)
0.0,46.0,27.0,1010.3,1.8,0.0,4,0,0,ERA5 - Guwahati (Pre-Monsoon Spring)
0.0,44.0,28.8,1009.6,4.0,0.0,5,0,0,ERA5 - Guwahati (Pre-Monsoon Spring)
0.0,43.0,30.0,1008.2,5.2,0.0,6,0,0,ERA5 - Guwahati (Pre-Monsoon Spring)
0.0,36.0,31.0,1006.4,6.2,0.0,7,0,0,ERA5 - Guwahati (Pre-Monsoon Spring)
0.0,29.0,31.8,1005.1,8.8,0.0,8,0,0,ERA5 - Guwahati (Pre-Monsoon Spring)
0.0,42.0,30.3,1004.6,12.6,0.0,9,0,0,ERA5 - Guwahati (Pre-Monsoon Spring)
0.0,44.0,29.7,1004.9,7.3,0.0,10,0,0,ERA5 - Guwahati (Pre-Monsoon Spring)
0.0,48.0,27.9,1005.5,5.8,0.0,11,0,0,ERA5 - Guwahati (Pre-Monsoon Spring)
0.0,60.0,24.3,1005.9,9.7,0.0,12,0,0,ERA5 - Guwahati (Pre-Monsoon Spring)
0.0,57.0,24.0,1006.2,6.8,0.0,13,0,0,ERA5 - Guwahati (Pre-Monsoon Spring)
0.0,60.0,23.0,1007.0,7.4,0.0,14,0,0,ERA5 - Guwahati (Pre-Monsoon Spring)
0.0,51.0,24.0,1008.0,7.4,0.0,15,0,0,ERA5 - Guwahati (Pre-Monsoon Spring)
0.0,60.0,20.9,1008.5,5.1,0.0,16,0,0,ERA5 - Guwahati (Pre-Monsoon Spring)
0.0,61.0,20.7,1008.6,9.3,0.0,17,0,0,ERA5 - Guwahati (Pre-Monsoon Spring)
0.0,59.0,20.9,1008.2,8.8,0.0,18,0,0,ERA5 - Guwahati (Pre-Monsoon Spring)
0.0,61.0,20.3,1007.8,5.9,0.0,19,0,0,ERA5 - Guwahati (Pre-Monsoon Spring)
0.0,61.0,19.8,1007.0,6.2,0.0,20,0,0,ERA5 - Guwahati (Pre-Monsoon Spring)
0.0,60.0,19.5,1006.5,6.6,0.0,21,0,0,ERA5 - Guwahati (Pre-Monsoon Spring)
0.0,66.0,17.9,1006.4,6.0,0.0,22,0,0,ERA5 - Guwahati (Pre-Monsoon Spring)
0.0,65.0,17.5,1007.1,3.8,0.0,23,0,0,ERA5 - Guwahati (Pre-Monsoon Spring)
0.0,69.0,17.8,1008.0,3.8,0.0,0,0,0,ERA5 - Guwahati (Pre-Monsoon Spring)
0.0,64.0,19.5,1008.6,6.4,0.0,1,0,0,ERA5 - Guwahati (Pre-Monsoon Spring)
0.0,59.0,21.9,1009.2,5.4,0.0,2,0,0,ERA5 - Guwahati (Pre-Monsoon Spring)
0.0,53.0,24.7,1009.4,4.0,0.0,3,0,0,ERA5 - Guwahati (Pre-Monsoon Spring)
0.0,52.0,26.8,1008.8,5.1,0.0,4,0,0,ERA5 - Guwahati (Pre-Monsoon Spring)
0.0,48.0,28.5,1007.8,6.6,0.0,5,0,0,ERA5 - Guwahati (Pre-Monsoon Spring)
0.0,42.0,30.1,1006.2,7.2,0.0,6,0,0,ERA5 - Guwahati (Pre-Monsoon Spring)
0.0,37.0,31.4,1004.5,7.7,0.0,7,0,0,ERA5 - Guwahati (Pre-Monsoon Spring)
0.0,30.0,32.3,1003.3,7.0,0.0,8,0,0,ERA5 - Guwahati (Pre-Monsoon Spring)
0.0,32.0,32.1,1002.4,9.0,0.0,9,0,0,ERA5 - Guwahati (Pre-Monsoon Spring)
0.0,39.0,30.7,1002.3,7.3,0.0,10,0,0,ERA5 - Guwahati (Pre-Monsoon Spring)
0.0,53.0,28.3,1002.5,5.2,0.0,11,0,0,ERA5 - Guwahati (Pre-Monsoon Spring)
0.0,44.0,29.1,1002.0,2.4,0.0,12,0,0,ERA5 - Guwahati (Pre-Monsoon Spring)
0.0,47.0,27.7,1002.7,1.3,0.0,13,0,0,ERA5 - Guwahati (Pre-Monsoon Spring)
0.0,57.0,24.2,1003.5,5.5,0.0,14,0,0,ERA5 - Guwahati (Pre-Monsoon Spring)
0.0,56.0,23.7,1004.4,6.1,0.0,15,0,0,ERA5 - Guwahati (Pre-Monsoon Spring)
0.0,53.0,23.8,1004.9,8.1,0.0,16,0,0,ERA5 - Guwahati (Pre-Monsoon Spring)
0.0,58.0,23.1,1004.7,7.4,0.0,17,0,0,ERA5 - Guwahati (Pre-Monsoon Spring)
0.0,58.0,23.1,1004.6,8.3,0.0,18,0,0,ERA5 - Guwahati (Pre-Monsoon Spring)
0.0,57.0,22.7,1004.2,7.6,0.0,19,0,0,ERA5 - Guwahati (Pre-Monsoon Spring)
0.0,55.0,22.4,1003.7,7.4,0.0,20,0,0,ERA5 - Guwahati (Pre-Monsoon Spring)
0.0,56.0,21.8,1003.3,7.1,0.0,21,0,0,ERA5 - Guwahati (Pre-Monsoon Spring)
0.0,65.0,20.0,1003.3,8.0,0.0,22,0,0,ERA5 - Guwahati (Pre-Monsoon Spring)
0.0,65.0,19.7,1003.6,6.1,0.0,23,0,0,ERA5 - Guwahati (Pre-Monsoon Spring)
0.0,64.0,20.8,1004.4,4.8,0.0,0,0,0,ERA5 - Guwahati (Pre-Monsoon Spring)
0.0,79.0,20.9,1005.5,3.0,0.0,1,0,0,ERA5 - Guwahati (Pre-Monsoon Spring)
0.0,61.0,23.1,1005.9,2.5,0.0,2,0,0,ERA5 - Guwahati (Pre-Monsoon Spring)
0.0,53.0,25.7,1006.1,1.5,0.0,3,0,0,ERA5 - Guwahati (Pre-Monsoon Spring)
0.0,49.0,27.7,1005.8,4.3,0.0,4,0,0,ERA5 - Guwahati (Pre-Monsoon Spring)
0.0,45.0,29.4,1004.9,5.9,0.0,5,0,0,ERA5 - Guwahati (Pre-Monsoon Spring)
0.0,40.0,30.7,1003.6,10.0,0.0,6,0,0,ERA5 - Guwahati (Pre-Monsoon Spring)
0.0,37.0,31.2,1002.0,13.2,0.0,7,0,0,ERA5 - Guwahati (Pre-Monsoon Spring)
0.0,32.0,31.8,1000.5,15.7,0.0,8,0,0,ERA5 - Guwahati (Pre-Monsoon Spring)
0.0,27.0,31.4,999.6,16.6,0.0,9,0,0,ERA5 - Guwahati (Pre-Monsoon Spring)
0.0,33.0,30.2,999.3,14.7,0.0,10,0,0,ERA5 - Guwahati (Pre-Monsoon Spring)
0.0,35.0,29.0,1000.1,13.7,0.0,11,0,0,ERA5 - Guwahati (Pre-Monsoon Spring)
0.0,42.0,26.9,1000.9,9.0,0.0,12,0,0,ERA5 - Guwahati (Pre-Monsoon Spring)
0.0,52.0,25.3,1001.9,9.8,0.0,13,0,0,ERA5 - Guwahati (Pre-Monsoon Spring)
0.0,58.0,24.2,1002.8,6.8,0.0,14,0,0,ERA5 - Guwahati (Pre-Monsoon Spring)
0.0,63.0,22.7,1003.3,4.6,0.0,15,0,0,ERA5 - Guwahati (Pre-Monsoon Spring)
0.0,63.0,22.7,1003.9,4.2,0.0,16,0,0,ERA5 - Guwahati (Pre-Monsoon Spring)
0.0,66.0,21.3,1003.7,3.2,0.0,17,0,0,ERA5 - Guwahati (Pre-Monsoon Spring)
0.0,67.0,20.4,1003.2,4.4,0.0,18,0,0,ERA5 - Guwahati (Pre-Monsoon Spring)
0.0,70.0,19.7,1002.9,4.8,0.0,19,0,0,ERA5 - Guwahati (Pre-Monsoon Spring)
0.0,71.0,19.6,1002.5,5.4,0.0,20,0,0,ERA5 - Guwahati (Pre-Monsoon Spring)
0.0,71.0,19.5,1002.4,5.2,0.0,21,0,0,ERA5 - Guwahati (Pre-Monsoon Spring)
0.0,70.0,19.3,1002.5,6.2,0.0,22,0,0,ERA5 - Guwahati (Pre-Monsoon Spring)
0.0,68.0,19.0,1003.0,6.2,0.0,23,0,0,ERA5 - Guwahati (Pre-Monsoon Spring)
0.0,77.0,19.1,1003.5,5.8,0.0,0,0,0,ERA5 - Guwahati (Pre-Monsoon Spring)
0.0,77.0,20.5,1005.1,0.5,0.0,1,0,0,ERA5 - Guwahati (Pre-Monsoon Spring)
0.0,72.0,21.6,1006.1,4.3,0.0,2,0,0,ERA5 - Guwahati (Pre-Monsoon Spring)
0.0,69.0,22.7,1006.8,3.4,0.0,3,0,0,ERA5 - Guwahati (Pre-Monsoon Spring)
0.4,67.0,23.1,1006.8,0.7,0.0,4,0,0,ERA5 - Guwahati (Pre-Monsoon Spring)
5.3,77.0,20.8,1008.2,9.0,0.0,5,0,0,ERA5 - Guwahati (Pre-Monsoon Spring)
0.0,75.0,21.8,1005.9,9.2,0.0,6,0,0,ERA5 - Guwahati (Pre-Monsoon Spring)
0.0,59.0,23.5,1004.3,6.8,0.0,7,0,0,ERA5 - Guwahati (Pre-Monsoon Spring)
1.3,65.0,23.2,1003.3,14.0,0.0,8,0,0,ERA5 - Guwahati (Pre-Monsoon Spring)
0.0,68.0,22.7,1002.9,12.0,0.0,9,0,0,ERA5 - Guwahati (Pre-Monsoon Spring)
1.6,80.0,20.4,1002.8,1.6,0.0,10,0,0,ERA5 - Guwahati (Pre-Monsoon Spring)
0.0,81.0,20.7,1002.9,2.1,0.0,11,0,0,ERA5 - Guwahati (Pre-Monsoon Spring)
0.0,84.0,19.8,1002.1,4.0,0.0,12,0,0,ERA5 - Guwahati (Pre-Monsoon Spring)
0.0,79.0,20.2,1003.2,3.8,0.0,13,0,0,ERA5 - Guwahati (Pre-Monsoon Spring)
0.0,86.0,18.7,1004.1,2.3,0.0,14,0,0,ERA5 - Guwahati (Pre-Monsoon Spring)
0.1,83.0,19.6,1006.2,11.6,0.0,15,0,0,ERA5 - Guwahati (Pre-Monsoon Spring)
0.0,87.0,19.1,1006.8,7.4,0.0,16,0,0,ERA5 - Guwahati (Pre-Monsoon Spring)
2.1,87.0,18.5,1007.1,2.3,0.0,17,0,0,ERA5 - Guwahati (Pre-Monsoon Spring)
0.3,94.0,17.8,1006.7,4.6,0.0,18,0,0,ERA5 - Guwahati (Pre-Monsoon Spring)
0.0,90.0,18.2,1006.2,0.8,0.0,19,0,0,ERA5 - Guwahati (Pre-Monsoon Spring)
0.0,90.0,18.0,1005.4,3.1,0.0,20,0,0,ERA5 - Guwahati (Pre-Monsoon Spring)
0.0,96.0,16.3,1005.1,5.4,0.0,21,0,0,ERA5 - Guwahati (Pre-Monsoon Spring)
0.0,95.0,16.7,1005.4,5.9,0.0,22,0,0,ERA5 - Guwahati (Pre-Monsoon Spring)
0.0,96.0,16.5,1006.1,5.2,0.0,23,0,0,ERA5 - Guwahati (Pre-Monsoon Spring)
0.0,95.0,21.4,1005.2,4.7,0.0,0,0,0,ERA5 - Guwahati (Post-Monsoon Autumn)
0.0,94.0,22.8,1006.2,2.4,0.0,1,0,0,ERA5 - Guwahati (Post-Monsoon Autumn)
1.5,89.0,23.7,1007.3,2.8,0.0,2,0,0,ERA5 - Guwahati (Post-Monsoon Autumn)
0.1,81.0,25.6,1007.5,0.5,0.0,3,0,0,ERA5 - Guwahati (Post-Monsoon Autumn)
0.0,79.0,26.8,1007.1,3.5,0.0,4,0,0,ERA5 - Guwahati (Post-Monsoon Autumn)
0.0,78.0,27.8,1006.1,3.1,0.0,5,0,0,ERA5 - Guwahati (Post-Monsoon Autumn)
0.0,75.0,28.5,1004.9,4.7,0.0,6,0,0,ERA5 - Guwahati (Post-Monsoon Autumn)
0.0,68.0,29.1,1003.6,5.1,0.0,7,0,0,ERA5 - Guwahati (Post-Monsoon Autumn)
0.0,64.0,29.3,1002.2,6.4,0.0,8,0,0,ERA5 - Guwahati (Post-Monsoon Autumn)
0.0,65.0,28.9,1001.5,7.1,0.0,9,0,0,ERA5 - Guwahati (Post-Monsoon Autumn)
0.0,68.0,28.4,1001.5,6.2,0.0,10,0,0,ERA5 - Guwahati (Post-Monsoon Autumn)
0.0,80.0,27.0,1002.1,3.6,0.0,11,0,0,ERA5 - Guwahati (Post-Monsoon Autumn)
0.0,86.0,25.5,1002.8,7.2,0.0,12,0,0,ERA5 - Guwahati (Post-Monsoon Autumn)
0.0,86.0,25.2,1003.5,4.7,0.0,13,0,0,ERA5 - Guwahati (Post-Monsoon Autumn)
0.0,90.0,24.0,1004.4,3.9,0.0,14,0,0,ERA5 - Guwahati (Post-Monsoon Autumn)
0.0,89.0,23.7,1005.2,4.5,0.0,15,0,0,ERA5 - Guwahati (Post-Monsoon Autumn)
0.0,90.0,23.2,1005.4,4.0,0.0,16,0,0,ERA5 - Guwahati (Post-Monsoon Autumn)
0.0,90.0,22.7,1005.1,3.3,0.0,17,0,0,ERA5 - Guwahati (Post-Monsoon Autumn)
0.0,92.0,21.9,1004.9,4.0,0.0,18,0,0,ERA5 - Guwahati (Post-Monsoon Autumn)
0.0,92.0,21.5,1004.8,3.5,0.0,19,0,0,ERA5 - Guwahati (Post-Monsoon Autumn)
0.0,91.0,21.2,1004.7,2.9,0.0,20,0,0,ERA5 - Guwahati (Post-Monsoon Autumn)
0.5,93.0,20.6,1005.1,2.6,0.0,21,0,0,ERA5 - Guwahati (Post-Monsoon Autumn)
0.1,94.0,20.7,1005.1,3.3,0.0,22,0,0,ERA5 - Guwahati (Post-Monsoon Autumn)
0.0,96.0,20.2,1005.6,2.9,0.0,23,0,0,ERA5 - Guwahati (Post-Monsoon Autumn)
0.0,93.0,21.2,1006.7,3.4,0.0,0,0,0,ERA5 - Guwahati (Post-Monsoon Autumn)
0.0,89.0,23.1,1007.6,1.5,0.0,1,0,0,ERA5 - Guwahati (Post-Monsoon Autumn)
0.0,82.0,25.1,1008.6,1.1,0.0,2,0,0,ERA5 - Guwahati (Post-Monsoon Autumn)
0.0,81.0,26.5,1008.8,3.4,0.0,3,0,0,ERA5 - Guwahati (Post-Monsoon Autumn)
0.0,79.0,27.7,1008.3,5.4,0.0,4,0,0,ERA5 - Guwahati (Post-Monsoon Autumn)
0.0,76.0,28.6,1007.6,6.9,0.0,5,0,0,ERA5 - Guwahati (Post-Monsoon Autumn)
0.0,71.0,29.3,1006.3,7.5,0.0,6,0,0,ERA5 - Guwahati (Post-Monsoon Autumn)
0.0,65.0,29.8,1004.9,6.4,0.0,7,0,0,ERA5 - Guwahati (Post-Monsoon Autumn)
0.0,62.0,30.0,1003.8,4.3,0.0,8,0,0,ERA5 - Guwahati (Post-Monsoon Autumn)
0.0,60.0,29.9,1003.1,5.3,0.0,9,0,0,ERA5 - Guwahati (Post-Monsoon Autumn)
0.0,65.0,29.2,1003.1,5.1,0.0,10,0,0,ERA5 - Guwahati (Post-Monsoon Autumn)
0.0,77.0,27.6,1003.3,4.3,0.0,11,0,0,ERA5 - Guwahati (Post-Monsoon Autumn)
0.0,68.0,28.2,1004.3,2.4,0.0,12,0,0,ERA5 - Guwahati (Post-Monsoon Autumn)
0.0,86.0,25.2,1005.0,5.8,0.0,13,0,0,ERA5 - Guwahati (Post-Monsoon Autumn)
0.0,86.0,24.6,1005.8,4.1,0.0,14,0,0,ERA5 - Guwahati (Post-Monsoon Autumn)
0.0,85.0,24.4,1006.2,7.0,0.0,15,0,0,ERA5 - Guwahati (Post-Monsoon Autumn)
0.0,89.0,23.8,1006.1,3.6,0.0,16,0,0,ERA5 - Guwahati (Post-Monsoon Autumn)
0.0,90.0,23.3,1006.0,4.0,0.0,17,0,0,ERA5 - Guwahati (Post-Monsoon Autumn)
0.0,92.0,22.6,1005.6,4.0,0.0,18,0,0,ERA5 - Guwahati (Post-Monsoon Autumn)
0.0,93.0,22.1,1005.3,4.0,0.0,19,0,0,ERA5 - Guwahati (Post-Monsoon Autumn)
0.0,92.0,21.8,1005.1,3.7,0.0,20,0,0,ERA5 - Guwahati (Post-Monsoon Autumn)
0.0,92.0,21.4,1005.1,4.0,0.0,21,0,0,ERA5 - Guwahati (Post-Monsoon Autumn)
0.0,93.0,20.9,1005.5,4.5,0.0,22,0,0,ERA5 - Guwahati (Post-Monsoon Autumn)
0.0,93.0,20.7,1006.0,4.0,0.0,23,0,0,ERA5 - Guwahati (Post-Monsoon Autumn)
0.0,93.0,21.3,1007.2,4.1,0.0,0,0,0,ERA5 - Guwahati (Post-Monsoon Autumn)
0.0,87.0,23.2,1007.9,1.9,0.0,1,0,0,ERA5 - Guwahati (Post-Monsoon Autumn)
0.0,82.0,25.4,1009.1,0.8,0.0,2,0,0,ERA5 - Guwahati (Post-Monsoon Autumn)
0.0,80.0,26.8,1009.2,1.1,0.0,3,0,0,ERA5 - Guwahati (Post-Monsoon Autumn)
0.0,79.0,28.1,1008.7,3.3,0.0,4,0,0,ERA5 - Guwahati (Post-Monsoon Autumn)
0.0,76.0,29.0,1007.7,4.3,0.0,5,0,0,ERA5 - Guwahati (Post-Monsoon Autumn)
0.0,73.0,29.6,1006.1,3.4,0.0,6,0,0,ERA5 - Guwahati (Post-Monsoon Autumn)
0.0,71.0,30.0,1004.7,2.5,0.0,7,0,0,ERA5 - Guwahati (Post-Monsoon Autumn)
0.0,68.0,30.3,1003.7,4.2,0.0,8,0,0,ERA5 - Guwahati (Post-Monsoon Autumn)
0.3,71.0,29.6,1003.2,6.1,0.0,9,0,0,ERA5 - Guwahati (Post-Monsoon Autumn)
1.7,80.0,26.7,1003.8,9.2,0.0,10,0,0,ERA5 - Guwahati (Post-Monsoon Autumn)
0.0,86.0,26.1,1004.1,3.0,0.0,11,0,0,ERA5 - Guwahati (Post-Monsoon Autumn)
0.0,89.0,23.6,1005.1,9.7,0.0,12,0,0,ERA5 - Guwahati (Post-Monsoon Autumn)
0.0,89.0,23.8,1005.6,4.8,0.0,13,0,0,ERA5 - Guwahati (Post-Monsoon Autumn)
0.0,88.0,24.0,1006.2,4.4,0.0,14,0,0,ERA5 - Guwahati (Post-Monsoon Autumn)
0.0,91.0,23.3,1006.4,5.5,0.0,15,0,0,ERA5 - Guwahati (Post-Monsoon Autumn)
0.0,91.0,23.0,1006.5,4.2,0.0,16,0,0,ERA5 - Guwahati (Post-Monsoon Autumn)
0.0,93.0,22.3,1006.4,5.2,0.0,17,0,0,ERA5 - Guwahati (Post-Monsoon Autumn)
0.0,93.0,22.1,1006.4,4.1,0.0,18,0,0,ERA5 - Guwahati (Post-Monsoon Autumn)
0.0,94.0,21.6,1006.0,4.4,0.0,19,0,0,ERA5 - Guwahati (Post-Monsoon Autumn)
0.0,96.0,21.0,1006.0,3.5,0.0,20,0,0,ERA5 - Guwahati (Post-Monsoon Autumn)
0.0,95.0,20.7,1005.9,3.7,0.0,21,0,0,ERA5 - Guwahati (Post-Monsoon Autumn)
0.0,95.0,20.5,1006.0,3.7,0.0,22,0,0,ERA5 - Guwahati (Post-Monsoon Autumn)
0.0,94.0,20.3,1006.4,4.3,0.0,23,0,0,ERA5 - Guwahati (Post-Monsoon Autumn)
0.0,95.0,20.3,1007.4,4.9,0.0,0,0,0,ERA5 - Guwahati (Post-Monsoon Autumn)
0.0,87.0,23.0,1007.8,4.5,0.0,1,0,0,ERA5 - Guwahati (Post-Monsoon Autumn)
0.0,79.0,25.3,1009.1,1.9,0.0,2,0,0,ERA5 - Guwahati (Post-Monsoon Autumn)
0.0,75.0,26.9,1009.3,2.3,0.0,3,0,0,ERA5 - Guwahati (Post-Monsoon Autumn)
0.0,72.0,28.1,1009.0,3.4,0.0,4,0,0,ERA5 - Guwahati (Post-Monsoon Autumn)
0.1,71.0,28.9,1008.2,3.5,0.0,5,0,0,ERA5 - Guwahati (Post-Monsoon Autumn)
0.1,69.0,29.4,1006.8,3.2,0.0,6,0,0,ERA5 - Guwahati (Post-Monsoon Autumn)
0.1,66.0,29.7,1005.4,4.4,0.0,7,0,0,ERA5 - Guwahati (Post-Monsoon Autumn)
0.0,67.0,29.6,1004.6,5.9,0.0,8,0,0,ERA5 - Guwahati (Post-Monsoon Autumn)
0.3,67.0,28.9,1004.2,4.0,0.0,9,0,0,ERA5 - Guwahati (Post-Monsoon Autumn)
0.3,71.0,27.9,1004.0,3.4,0.0,10,0,0,ERA5 - Guwahati (Post-Monsoon Autumn)
0.0,78.0,26.8,1004.3,2.2,0.0,11,0,0,ERA5 - Guwahati (Post-Monsoon Autumn)
0.0,93.0,25.0,1004.9,4.1,0.0,12,0,0,ERA5 - Guwahati (Post-Monsoon Autumn)
0.0,94.0,24.4,1005.7,5.1,0.0,13,0,0,ERA5 - Guwahati (Post-Monsoon Autumn)
0.0,92.0,24.1,1006.7,4.7,0.0,14,0,0,ERA5 - Guwahati (Post-Monsoon Autumn)
0.0,90.0,23.9,1006.9,5.4,0.0,15,0,0,ERA5 - Guwahati (Post-Monsoon Autumn)
0.0,90.0,23.1,1007.0,5.0,0.0,16,0,0,ERA5 - Guwahati (Post-Monsoon Autumn)
0.0,93.0,22.2,1006.9,5.4,0.0,17,0,0,ERA5 - Guwahati (Post-Monsoon Autumn)
0.0,93.0,21.9,1006.7,4.7,0.0,18,0,0,ERA5 - Guwahati (Post-Monsoon Autumn)
0.0,93.0,21.6,1006.4,4.3,0.0,19,0,0,ERA5 - Guwahati (Post-Monsoon Autumn)
0.0,93.0,21.1,1006.2,4.7,0.0,20,0,0,ERA5 - Guwahati (Post-Monsoon Autumn)
0.0,94.0,20.4,1006.2,4.8,0.0,21,0,0,ERA5 - Guwahati (Post-Monsoon Autumn)
0.0,93.0,20.2,1006.5,4.2,0.0,22,0,0,ERA5 - Guwahati (Post-Monsoon Autumn)
0.0,92.0,20.0,1007.0,3.9,0.0,23,0,0,ERA5 - Guwahati (Post-Monsoon Autumn)
0.0,95.0,21.0,1008.1,8.2,0.0,0,0,0,ERA5 - Guwahati (Post-Monsoon Autumn)
0.0,90.0,22.4,1008.6,6.6,0.0,1,0,0,ERA5 - Guwahati (Post-Monsoon Autumn)
0.0,83.0,24.7,1009.4,2.1,0.0,2,0,0,ERA5 - Guwahati (Post-Monsoon Autumn)
0.0,81.0,25.8,1010.0,5.6,0.0,3,0,0,ERA5 - Guwahati (Post-Monsoon Autumn)
0.5,78.0,26.5,1010.0,3.5,0.0,4,0,0,ERA5 - Guwahati (Post-Monsoon Autumn)
0.0,76.0,27.4,1009.1,3.9,0.0,5,0,0,ERA5 - Guwahati (Post-Monsoon Autumn)
0.0,71.0,28.3,1007.7,2.5,0.0,6,0,0,ERA5 - Guwahati (Post-Monsoon Autumn)
0.0,68.0,28.7,1006.8,2.5,0.0,7,0,0,ERA5 - Guwahati (Post-Monsoon Autumn)
0.1,67.0,28.8,1005.8,2.1,0.0,8,0,0,ERA5 - Guwahati (Post-Monsoon Autumn)
0.0,66.0,28.9,1005.2,3.4,0.0,9,0,0,ERA5 - Guwahati (Post-Monsoon Autumn)
0.0,68.0,28.1,1004.9,4.3,0.0,10,0,0,ERA5 - Guwahati (Post-Monsoon Autumn)
0.0,81.0,26.4,1005.0,4.4,0.0,11,0,0,ERA5 - Guwahati (Post-Monsoon Autumn)
0.0,75.0,26.4,1005.9,5.2,0.0,12,0,0,ERA5 - Guwahati (Post-Monsoon Autumn)
0.0,74.0,26.4,1006.3,3.0,0.0,13,0,0,ERA5 - Guwahati (Post-Monsoon Autumn)
0.9,86.0,24.0,1007.6,6.5,0.0,14,0,0,ERA5 - Guwahati (Post-Monsoon Autumn)
0.1,94.0,22.7,1008.0,3.9,0.0,15,0,0,ERA5 - Guwahati (Post-Monsoon Autumn)
0.0,96.0,22.5,1008.4,4.0,0.0,16,0,0,ERA5 - Guwahati (Post-Monsoon Autumn)
0.0,95.0,22.1,1008.3,3.8,0.0,17,0,0,ERA5 - Guwahati (Post-Monsoon Autumn)
0.0,96.0,21.6,1008.1,2.9,0.0,18,0,0,ERA5 - Guwahati (Post-Monsoon Autumn)
0.0,96.0,21.0,1008.0,3.3,0.0,19,0,0,ERA5 - Guwahati (Post-Monsoon Autumn)
0.0,96.0,20.7,1007.5,3.4,0.0,20,0,0,ERA5 - Guwahati (Post-Monsoon Autumn)
0.0,95.0,20.3,1007.5,3.3,0.0,21,0,0,ERA5 - Guwahati (Post-Monsoon Autumn)
0.0,95.0,20.1,1007.8,4.0,0.0,22,0,0,ERA5 - Guwahati (Post-Monsoon Autumn)
0.0,96.0,19.7,1008.2,3.1,0.0,23,0,0,ERA5 - Guwahati (Post-Monsoon Autumn)
0.0,96.0,20.9,1009.1,5.4,0.0,0,0,0,ERA5 - Guwahati (Post-Monsoon Autumn)
0.0,92.0,22.1,1009.8,3.2,0.0,1,0,0,ERA5 - Guwahati (Post-Monsoon Autumn)
0.0,87.0,23.5,1010.7,6.6,0.0,2,0,0,ERA5 - Guwahati (Post-Monsoon Autumn)
0.0,82.0,25.0,1011.0,8.3,0.0,3,0,0,ERA5 - Guwahati (Post-Monsoon Autumn)
0.0,78.0,26.6,1010.4,7.3,0.0,4,0,0,ERA5 - Guwahati (Post-Monsoon Autumn)
0.0,71.0,27.9,1009.4,8.7,0.0,5,0,0,ERA5 - Guwahati (Post-Monsoon Autumn)
0.0,65.0,28.7,1008.1,9.2,0.0,6,0,0,ERA5 - Guwahati (Post-Monsoon Autumn)
0.0,62.0,29.3,1006.8,8.7,0.0,7,0,0,ERA5 - Guwahati (Post-Monsoon Autumn)
0.0,61.0,29.4,1005.8,7.2,0.0,8,0,0,ERA5 - Guwahati (Post-Monsoon Autumn)
0.0,62.0,29.1,1005.2,7.0,0.0,9,0,0,ERA5 - Guwahati (Post-Monsoon Autumn)
0.0,67.0,28.2,1005.0,4.7,0.0,10,0,0,ERA5 - Guwahati (Post-Monsoon Autumn)
0.0,81.0,26.2,1005.4,4.3,0.0,11,0,0,ERA5 - Guwahati (Post-Monsoon Autumn)
0.0,83.0,24.7,1005.9,7.6,0.0,12,0,0,ERA5 - Guwahati (Post-Monsoon Autumn)
0.0,86.0,23.8,1006.9,5.4,0.0,13,0,0,ERA5 - Guwahati (Post-Monsoon Autumn)
0.0,91.0,22.7,1007.8,4.3,0.0,14,0,0,ERA5 - Guwahati (Post-Monsoon Autumn)
0.0,93.0,22.2,1008.3,2.5,0.0,15,0,0,ERA5 - Guwahati (Post-Monsoon Autumn)
0.0,95.0,21.7,1008.6,2.5,0.0,16,0,0,ERA5 - Guwahati (Post-Monsoon Autumn)
0.0,95.0,21.3,1008.8,2.5,0.0,17,0,0,ERA5 - Guwahati (Post-Monsoon Autumn)
0.0,95.0,21.1,1008.7,4.0,0.0,18,0,0,ERA5 - Guwahati (Post-Monsoon Autumn)
0.0,95.0,20.6,1008.5,4.7,0.0,19,0,0,ERA5 - Guwahati (Post-Monsoon Autumn)
0.0,94.0,20.2,1008.1,5.4,0.0,20,0,0,ERA5 - Guwahati (Post-Monsoon Autumn)
0.0,92.0,20.0,1007.8,5.8,0.0,21,0,0,ERA5 - Guwahati (Post-Monsoon Autumn)
0.0,90.0,19.9,1007.6,5.8,0.0,22,0,0,ERA5 - Guwahati (Post-Monsoon Autumn)
0.0,89.0,19.9,1007.8,4.0,0.0,23,0,0,ERA5 - Guwahati (Post-Monsoon Autumn)
3.5,96.0,20.5,1001.1,10.0,0.0,0,0,0,ERA5 - Guwahati (Mild Summer)
1.6,98.0,20.8,1002.0,6.3,0.0,1,0,0,ERA5 - Guwahati (Mild Summer)
0.2,95.0,21.0,1003.3,3.6,0.0,2,0,0,ERA5 - Guwahati (Mild Summer)
0.1,92.0,21.4,1003.7,5.8,0.0,3,0,0,ERA5 - Guwahati (Mild Summer)
0.0,87.0,23.3,1003.2,5.0,0.0,4,0,0,ERA5 - Guwahati (Mild Summer)
0.0,79.0,24.9,1002.4,5.4,0.0,5,0,0,ERA5 - Guwahati (Mild Summer)
0.0,75.0,26.1,1001.2,3.4,0.0,6,0,0,ERA5 - Guwahati (Mild Summer)
0.0,69.0,27.8,999.6,6.8,0.0,7,0,0,ERA5 - Guwahati (Mild Summer)
0.0,65.0,28.9,998.0,7.4,0.0,8,0,0,ERA5 - Guwahati (Mild Summer)
0.0,63.0,29.1,997.2,7.0,0.0,9,0,0,ERA5 - Guwahati (Mild Summer)
0.0,64.0,28.8,997.0,6.3,0.0,10,0,0,ERA5 - Guwahati (Mild Summer)
0.0,72.0,28.1,997.2,3.3,0.0,11,0,0,ERA5 - Guwahati (Mild Summer)
0.0,78.0,26.1,997.7,6.2,0.0,12,0,0,ERA5 - Guwahati (Mild Summer)
0.4,78.0,25.2,998.9,9.5,0.0,13,0,0,ERA5 - Guwahati (Mild Summer)
0.6,83.0,24.1,999.4,5.3,0.0,14,0,0,ERA5 - Guwahati (Mild Summer)
0.0,86.0,23.4,1000.3,8.6,0.0,15,0,0,ERA5 - Guwahati (Mild Summer)
0.1,88.0,23.0,1001.3,6.9,0.0,16,0,0,ERA5 - Guwahati (Mild Summer)
0.0,90.0,22.4,1001.1,7.9,0.0,17,0,0,ERA5 - Guwahati (Mild Summer)
0.0,93.0,21.7,1000.8,7.9,0.0,18,0,0,ERA5 - Guwahati (Mild Summer)
0.0,95.0,21.0,1000.0,7.0,0.0,19,0,0,ERA5 - Guwahati (Mild Summer)
0.0,97.0,20.5,999.7,6.5,0.0,20,0,0,ERA5 - Guwahati (Mild Summer)
0.0,98.0,20.1,999.2,5.4,0.0,21,0,0,ERA5 - Guwahati (Mild Summer)
0.0,98.0,19.9,999.1,5.5,0.0,22,0,0,ERA5 - Guwahati (Mild Summer)
0.0,98.0,19.7,999.4,6.3,0.0,23,0,0,ERA5 - Guwahati (Mild Summer)
0.0,99.0,19.8,1000.2,6.4,0.0,0,0,0,ERA5 - Guwahati (Mild Summer)
0.0,95.0,22.5,1000.3,3.3,0.0,1,0,0,ERA5 - Guwahati (Mild Summer)
0.0,82.0,24.0,1001.0,3.0,0.0,2,0,0,ERA5 - Guwahati (Mild Summer)
0.0,81.0,25.0,1001.6,5.8,0.0,3,0,0,ERA5 - Guwahati (Mild Summer)
0.0,77.0,26.6,1001.3,1.8,0.0,4,0,0,ERA5 - Guwahati (Mild Summer)
0.0,72.0,28.3,1000.6,7.3,0.0,5,0,0,ERA5 - Guwahati (Mild Summer)
0.0,69.0,29.3,999.7,7.2,0.0,6,0,0,ERA5 - Guwahati (Mild Summer)
0.0,63.0,30.4,998.2,5.0,0.0,7,0,0,ERA5 - Guwahati (Mild Summer)
0.0,62.0,30.9,996.8,3.6,0.0,8,0,0,ERA5 - Guwahati (Mild Summer)
0.0,61.0,31.5,995.7,4.9,0.0,9,0,0,ERA5 - Guwahati (Mild Summer)
0.0,64.0,30.9,994.9,7.9,0.0,10,0,0,ERA5 - Guwahati (Mild Summer)
0.0,69.0,29.8,995.2,8.0,0.0,11,0,0,ERA5 - Guwahati (Mild Summer)
0.0,75.0,27.8,995.7,7.9,0.0,12,0,0,ERA5 - Guwahati (Mild Summer)
0.0,87.0,25.6,997.0,7.0,0.0,13,0,0,ERA5 - Guwahati (Mild Summer)
0.0,80.0,26.7,998.3,3.4,0.0,14,0,0,ERA5 - Guwahati (Mild Summer)
0.0,87.0,24.5,999.1,2.2,0.0,15,0,0,ERA5 - Guwahati (Mild Summer)
0.0,86.0,23.3,999.2,3.2,0.0,16,0,0,ERA5 - Guwahati (Mild Summer)
0.0,87.0,22.0,998.9,3.6,0.0,17,0,0,ERA5 - Guwahati (Mild Summer)
0.0,85.0,21.3,998.6,2.6,0.0,18,0,0,ERA5 - Guwahati (Mild Summer)
0.0,81.0,21.0,998.0,2.9,0.0,19,0,0,ERA5 - Guwahati (Mild Summer)
0.0,79.0,20.5,997.6,2.2,0.0,20,0,0,ERA5 - Guwahati (Mild Summer)
0.0,79.0,20.0,997.4,2.9,0.0,21,0,0,ERA5 - Guwahati (Mild Summer)
0.0,80.0,19.6,997.8,1.4,0.0,22,0,0,ERA5 - Guwahati (Mild Summer)
0.0,78.0,19.7,998.4,1.4,0.0,23,0,0,ERA5 - Guwahati (Mild Summer)
0.0,80.0,20.2,999.3,2.2,0.0,0,0,0,ERA5 - Guwahati (Mild Summer)
0.0,82.0,23.5,999.8,6.5,0.0,1,0,0,ERA5 - Guwahati (Mild Summer)
0.0,79.0,25.1,1000.5,1.5,0.0,2,0,0,ERA5 - Guwahati (Mild Summer)
0.0,70.0,27.3,1000.8,4.0,0.0,3,0,0,ERA5 - Guwahati (Mild Summer)
0.0,62.0,29.6,1000.8,10.5,0.0,4,0,0,ERA5 - Guwahati (Mild Summer)
0.0,55.0,30.7,1000.7,11.6,0.0,5,0,0,ERA5 - Guwahati (Mild Summer)
0.0,53.0,32.4,999.5,10.6,0.0,6,0,0,ERA5 - Guwahati (Mild Summer)
0.0,52.0,33.3,998.0,11.9,0.0,7,0,0,ERA5 - Guwahati (Mild Summer)
0.0,53.0,33.1,996.8,13.1,0.0,8,0,0,ERA5 - Guwahati (Mild Summer)
0.0,46.0,33.9,996.2,9.9,0.0,9,0,0,ERA5 - Guwahati (Mild Summer)
0.0,35.0,33.5,996.0,16.0,0.0,10,0,0,ERA5 - Guwahati (Mild Summer)
0.0,34.0,32.2,996.4,17.1,0.0,11,0,0,ERA5 - Guwahati (Mild Summer)
0.0,36.0,31.0,997.1,15.1,0.0,12,0,0,ERA5 - Guwahati (Mild Summer)
0.0,32.0,29.9,998.0,8.8,0.0,13,0,0,ERA5 - Guwahati (Mild Summer)
0.0,40.0,28.2,999.0,7.1,0.0,14,0,0,ERA5 - Guwahati (Mild Summer)
0.0,46.0,26.8,1000.2,6.0,0.0,15,0,0,ERA5 - Guwahati (Mild Summer)
0.0,56.0,25.6,1000.5,5.6,0.0,16,0,0,ERA5 - Guwahati (Mild Summer)
0.0,63.0,25.6,1000.5,7.1,0.0,17,0,0,ERA5 - Guwahati (Mild Summer)
0.0,65.0,25.3,1000.7,8.0,0.0,18,0,0,ERA5 - Guwahati (Mild Summer)
0.0,64.0,25.3,1000.5,7.4,0.0,19,0,0,ERA5 - Guwahati (Mild Summer)
0.0,64.0,24.5,1000.1,9.4,0.0,20,0,0,ERA5 - Guwahati (Mild Summer)
0.0,51.0,26.8,1000.3,4.9,0.0,21,0,0,ERA5 - Guwahati (Mild Summer)
0.0,73.0,23.7,1000.9,5.5,0.0,22,0,0,ERA5 - Guwahati (Mild Summer)
0.0,79.0,22.4,1001.8,4.3,0.0,23,0,0,ERA5 - Guwahati (Mild Summer)
0.0,81.0,22.0,1003.0,5.7,0.0,0,0,0,ERA5 - Guwahati (Mild Summer)
0.0,75.0,24.4,1003.4,5.9,0.0,1,0,0,ERA5 - Guwahati (Mild Summer)
0.0,70.0,25.7,1004.6,7.0,0.0,2,0,0,ERA5 - Guwahati (Mild Summer)
0.0,66.0,26.9,1005.0,6.5,0.0,3,0,0,ERA5 - Guwahati (Mild Summer)
0.0,60.0,28.9,1005.0,7.7,0.0,4,0,0,ERA5 - Guwahati (Mild Summer)
0.0,56.0,30.2,1004.7,8.6,0.0,5,0,0,ERA5 - Guwahati (Mild Summer)
0.0,52.0,31.2,1004.0,6.8,0.0,6,0,0,ERA5 - Guwahati (Mild Summer)
0.0,52.0,30.8,1003.1,8.2,0.0,7,0,0,ERA5 - Guwahati (Mild Summer)
0.0,49.0,31.2,1002.3,8.3,0.0,8,0,0,ERA5 - Guwahati (Mild Summer)
0.0,54.0,30.6,1001.6,5.5,0.0,9,0,0,ERA5 - Guwahati (Mild Summer)
0.0,57.0,30.5,1001.1,4.6,0.0,10,0,0,ERA5 - Guwahati (Mild Summer)
0.0,67.0,29.1,1001.0,4.3,0.0,11,0,0,ERA5 - Guwahati (Mild Summer)
0.0,74.0,26.9,1001.8,6.0,0.0,12,0,0,ERA5 - Guwahati (Mild Summer)
0.0,63.0,27.9,1002.7,5.5,0.0,13,0,0,ERA5 - Guwahati (Mild Summer)
0.0,64.0,27.2,1003.5,5.5,0.0,14,0,0,ERA5 - Guwahati (Mild Summer)
0.0,77.0,24.2,1004.3,4.6,0.0,15,0,0,ERA5 - Guwahati (Mild Summer)
0.0,77.0,24.3,1005.0,5.4,0.0,16,0,0,ERA5 - Guwahati (Mild Summer)
0.0,83.0,23.1,1005.1,6.2,0.0,17,0,0,ERA5 - Guwahati (Mild Summer)
0.0,87.0,22.6,1004.7,6.6,0.0,18,0,0,ERA5 - Guwahati (Mild Summer)
0.0,88.0,21.8,1004.0,6.3,0.0,19,0,0,ERA5 - Guwahati (Mild Summer)
0.0,82.0,21.0,1003.1,7.9,0.0,20,0,0,ERA5 - Guwahati (Mild Summer)
0.0,72.0,20.2,1002.7,6.1,0.0,21,0,0,ERA5 - Guwahati (Mild Summer)
0.0,67.0,19.5,1002.7,7.6,0.0,22,0,0,ERA5 - Guwahati (Mild Summer)
0.0,76.0,18.8,1003.6,3.9,0.0,23,0,0,ERA5 - Guwahati (Mild Summer)
0.0,71.0,19.4,1004.9,4.3,0.0,0,0,0,ERA5 - Guwahati (Mild Summer)
0.0,79.0,22.4,1005.8,4.2,0.0,1,0,0,ERA5 - Guwahati (Mild Summer)
0.0,83.0,24.0,1006.8,5.2,0.0,2,0,0,ERA5 - Guwahati (Mild Summer)
0.0,78.0,26.1,1007.3,4.3,0.0,3,0,0,ERA5 - Guwahati (Mild Summer)
0.0,70.0,28.2,1006.9,3.4,0.0,4,0,0,ERA5 - Guwahati (Mild Summer)
0.0,64.0,29.9,1006.3,1.4,0.0,5,0,0,ERA5 - Guwahati (Mild Summer)
0.0,59.0,30.8,1005.5,1.9,0.0,6,0,0,ERA5 - Guwahati (Mild Summer)
0.0,54.0,31.8,1004.2,4.5,0.0,7,0,0,ERA5 - Guwahati (Mild Summer)
0.0,52.0,32.1,1003.0,5.5,0.0,8,0,0,ERA5 - Guwahati (Mild Summer)
0.0,51.0,32.1,1002.0,3.8,0.0,9,0,0,ERA5 - Guwahati (Mild Summer)
0.0,47.0,32.0,1001.4,8.5,0.0,10,0,0,ERA5 - Guwahati (Mild Summer)
0.0,62.0,29.8,1001.2,4.6,0.0,11,0,0,ERA5 - Guwahati (Mild Summer)
0.0,73.0,27.4,1001.7,6.2,0.0,12,0,0,ERA5 - Guwahati (Mild Summer)
0.0,54.0,24.9,1001.9,5.3,0.0,13,0,0,ERA5 - Guwahati (Mild Summer)
0.0,41.0,24.6,1003.2,6.9,0.0,14,0,0,ERA5 - Guwahati (Mild Summer)
0.0,39.0,24.4,1004.0,6.2,0.0,15,0,0,ERA5 - Guwahati (Mild Summer)
0.0,49.0,22.0,1004.4,5.5,0.0,16,0,0,ERA5 - Guwahati (Mild Summer)
0.0,47.0,21.4,1004.5,6.1,0.0,17,0,0,ERA5 - Guwahati (Mild Summer)
0.0,53.0,20.2,1004.3,5.8,0.0,18,0,0,ERA5 - Guwahati (Mild Summer)
0.0,56.0,20.0,1004.2,2.6,0.0,19,0,0,ERA5 - Guwahati (Mild Summer)
0.0,54.0,18.9,1004.3,4.1,0.0,20,0,0,ERA5 - Guwahati (Mild Summer)
0.0,50.0,19.7,1004.1,6.6,0.0,21,0,0,ERA5 - Guwahati (Mild Summer)
0.0,56.0,19.4,1003.9,6.4,0.0,22,0,0,ERA5 - Guwahati (Mild Summer)
0.0,67.0,19.6,1004.5,7.1,0.0,23,0,0,ERA5 - Guwahati (Mild Summer)
0.0,80.0,19.7,1005.5,6.4,0.0,0,0,0,ERA5 - Guwahati (Mild Summer)
0.0,73.0,21.6,1007.5,6.4,0.0,1,0,0,ERA5 - Guwahati (Mild Summer)
0.0,67.0,23.0,1007.8,8.9,0.0,2,0,0,ERA5 - Guwahati (Mild Summer)
0.0,59.0,25.4,1007.8,8.0,0.0,3,0,0,ERA5 - Guwahati (Mild Summer)
0.0,56.0,27.2,1007.5,8.6,0.0,4,0,0,ERA5 - Guwahati (Mild Summer)
0.0,53.0,28.7,1006.7,10.7,0.0,5,0,0,ERA5 - Guwahati (Mild Summer)
0.0,50.0,30.4,1005.6,9.4,0.0,6,0,0,ERA5 - Guwahati (Mild Summer)
0.0,47.0,31.7,1004.5,8.6,0.0,7,0,0,ERA5 - Guwahati (Mild Summer)
0.0,44.0,32.2,1003.2,7.9,0.0,8,0,0,ERA5 - Guwahati (Mild Summer)
0.0,44.0,32.1,1002.7,6.8,0.0,9,0,0,ERA5 - Guwahati (Mild Summer)
0.0,38.0,30.8,1002.7,9.4,0.0,10,0,0,ERA5 - Guwahati (Mild Summer)
0.0,60.0,28.8,1002.1,4.3,0.0,11,0,0,ERA5 - Guwahati (Mild Summer)
0.0,60.0,26.1,1002.3,6.4,0.0,12,0,0,ERA5 - Guwahati (Mild Summer)
0.0,67.0,25.6,1003.8,4.8,0.0,13,0,0,ERA5 - Guwahati (Mild Summer)
0.0,66.0,24.5,1005.5,6.4,0.0,14,0,0,ERA5 - Guwahati (Mild Summer)
0.0,71.0,23.1,1006.1,3.7,0.0,15,0,0,ERA5 - Guwahati (Mild Summer)
0.0,78.0,21.5,1006.5,6.0,0.0,16,0,0,ERA5 - Guwahati (Mild Summer)
0.0,72.0,21.6,1006.5,5.4,0.0,17,0,0,ERA5 - Guwahati (Mild Summer)
0.0,75.0,20.4,1006.5,4.8,0.0,18,0,0,ERA5 - Guwahati (Mild Summer)
0.0,72.0,19.9,1006.2,4.1,0.0,19,0,0,ERA5 - Guwahati (Mild Summer)
0.0,70.0,19.7,1005.7,5.4,0.0,20,0,0,ERA5 - Guwahati (Mild Summer)
0.0,74.0,19.0,1005.7,4.9,0.0,21,0,0,ERA5 - Guwahati (Mild Summer)
0.0,73.0,19.1,1005.8,5.1,0.0,22,0,0,ERA5 - Guwahati (Mild Summer)
0.0,75.0,18.8,1006.0,5.1,0.0,23,0,0,ERA5 - Guwahati (Mild Summer)
0.0,98.0,17.9,1006.7,5.8,0.0,0,0,0,ERA5 - Bhubaneswar (Winter)
0.0,97.0,17.8,1007.5,5.4,0.0,1,0,0,ERA5 - Bhubaneswar (Winter)
0.0,90.0,19.7,1008.2,3.3,0.0,2,0,0,ERA5 - Bhubaneswar (Winter)
0.0,76.0,22.7,1009.1,3.8,0.0,3,0,0,ERA5 - Bhubaneswar (Winter)
0.0,64.0,25.2,1009.5,5.4,0.0,4,0,0,ERA5 - Bhubaneswar (Winter)
0.0,55.0,26.9,1008.9,6.3,0.0,5,0,0,ERA5 - Bhubaneswar (Winter)
0.0,48.0,28.3,1007.8,5.2,0.0,6,0,0,ERA5 - Bhubaneswar (Winter)
0.0,42.0,29.4,1006.4,4.1,0.0,7,0,0,ERA5 - Bhubaneswar (Winter)
0.0,38.0,30.1,1005.3,4.3,0.0,8,0,0,ERA5 - Bhubaneswar (Winter)
0.0,35.0,30.2,1004.5,4.1,0.0,9,0,0,ERA5 - Bhubaneswar (Winter)
0.0,33.0,30.2,1004.1,3.8,0.0,10,0,0,ERA5 - Bhubaneswar (Winter)
0.0,43.0,29.5,1004.2,2.5,0.0,11,0,0,ERA5 - Bhubaneswar (Winter)
0.0,44.0,25.8,1005.3,6.6,0.0,12,0,0,ERA5 - Bhubaneswar (Winter)
0.0,64.0,24.3,1006.0,6.4,0.0,13,0,0,ERA5 - Bhubaneswar (Winter)
0.0,74.0,23.3,1007.1,7.4,0.0,14,0,0,ERA5 - Bhubaneswar (Winter)
0.0,79.0,22.3,1007.8,7.7,0.0,15,0,0,ERA5 - Bhubaneswar (Winter)
0.0,85.0,21.7,1007.8,9.0,0.0,16,0,0,ERA5 - Bhubaneswar (Winter)
0.0,93.0,21.3,1007.7,10.0,0.0,17,0,0,ERA5 - Bhubaneswar (Winter)
0.0,95.0,21.1,1007.2,9.0,0.0,18,0,0,ERA5 - Bhubaneswar (Winter)
0.0,96.0,20.5,1007.0,6.9,0.0,19,0,0,ERA5 - Bhubaneswar (Winter)
0.0,97.0,19.7,1006.8,5.8,0.0,20,0,0,ERA5 - Bhubaneswar (Winter)
0.0,98.0,18.5,1006.7,8.3,0.0,21,0,0,ERA5 - Bhubaneswar (Winter)
0.0,97.0,18.2,1006.6,8.4,0.0,22,0,0,ERA5 - Bhubaneswar (Winter)
0.0,98.0,17.7,1006.9,7.3,0.0,23,0,0,ERA5 - Bhubaneswar (Winter)
0.0,98.0,17.8,1007.9,3.8,0.0,0,0,0,ERA5 - Bhubaneswar (Winter)
0.0,98.0,18.0,1008.8,3.1,0.0,1,0,0,ERA5 - Bhubaneswar (Winter)
0.0,91.0,20.1,1009.8,5.2,0.0,2,0,0,ERA5 - Bhubaneswar (Winter)
0.0,80.0,22.6,1010.7,9.1,0.0,3,0,0,ERA5 - Bhubaneswar (Winter)
0.0,73.0,23.8,1011.1,11.0,0.0,4,0,0,ERA5 - Bhubaneswar (Winter)
0.0,67.0,25.2,1010.7,10.2,0.0,5,0,0,ERA5 - Bhubaneswar (Winter)
0.0,62.0,26.5,1009.6,8.9,0.0,6,0,0,ERA5 - Bhubaneswar (Winter)
0.0,58.0,27.6,1008.4,7.7,0.0,7,0,0,ERA5 - Bhubaneswar (Winter)
0.0,54.0,28.3,1007.2,4.9,0.0,8,0,0,ERA5 - Bhubaneswar (Winter)
0.0,51.0,28.7,1006.5,4.4,0.0,9,0,0,ERA5 - Bhubaneswar (Winter)
0.0,50.0,28.3,1006.2,6.9,0.0,10,0,0,ERA5 - Bhubaneswar (Winter)
0.0,50.0,27.7,1006.3,8.8,0.0,11,0,0,ERA5 - Bhubaneswar (Winter)
0.0,58.0,25.6,1007.0,7.7,0.0,12,0,0,ERA5 - Bhubaneswar (Winter)
0.0,78.0,23.4,1007.8,15.6,0.0,13,0,0,ERA5 - Bhubaneswar (Winter)
0.0,87.0,22.2,1009.1,9.2,0.0,14,0,0,ERA5 - Bhubaneswar (Winter)
0.0,90.0,21.7,1009.5,7.7,0.0,15,0,0,ERA5 - Bhubaneswar (Winter)
0.0,94.0,21.1,1009.7,8.3,0.0,16,0,0,ERA5 - Bhubaneswar (Winter)
0.0,97.0,20.6,1009.8,7.6,0.0,17,0,0,ERA5 - Bhubaneswar (Winter)
0.0,99.0,19.8,1009.5,7.1,0.0,18,0,0,ERA5 - Bhubaneswar (Winter)
0.0,100.0,19.2,1009.2,4.5,0.0,19,0,0,ERA5 - Bhubaneswar (Winter)
0.0,100.0,19.6,1008.5,2.6,0.0,20,0,0,ERA5 - Bhubaneswar (Winter)
0.0,100.0,18.8,1007.9,2.8,0.0,21,0,0,ERA5 - Bhubaneswar (Winter)
0.0,100.0,18.5,1007.5,2.8,0.0,22,0,0,ERA5 - Bhubaneswar (Winter)
0.0,100.0,18.6,1007.5,3.8,0.0,23,0,0,ERA5 - Bhubaneswar (Winter)
0.0,100.0,17.4,1008.2,5.7,0.0,0,0,0,ERA5 - Bhubaneswar (Winter)
0.0,100.0,17.5,1009.2,5.6,0.0,1,0,0,ERA5 - Bhubaneswar (Winter)
0.0,98.0,18.2,1010.0,6.9,0.0,2,0,0,ERA5 - Bhubaneswar (Winter)
0.0,89.0,20.6,1010.9,5.2,0.0,3,0,0,ERA5 - Bhubaneswar (Winter)
0.0,76.0,23.4,1011.2,4.7,0.0,4,0,0,ERA5 - Bhubaneswar (Winter)
0.0,68.0,25.3,1010.9,3.4,0.0,5,0,0,ERA5 - Bhubaneswar (Winter)
0.1,61.0,26.8,1010.0,3.6,0.0,6,0,0,ERA5 - Bhubaneswar (Winter)
0.0,55.0,27.8,1008.8,5.1,0.0,7,0,0,ERA5 - Bhubaneswar (Winter)
0.0,49.0,28.7,1007.6,4.9,0.0,8,0,0,ERA5 - Bhubaneswar (Winter)
0.0,46.0,29.2,1006.9,4.1,0.0,9,0,0,ERA5 - Bhubaneswar (Winter)
0.0,44.0,29.2,1006.8,6.5,0.0,10,0,0,ERA5 - Bhubaneswar (Winter)
0.0,60.0,26.6,1007.1,17.3,0.0,11,0,0,ERA5 - Bhubaneswar (Winter)
0.0,76.0,24.2,1008.2,13.5,0.0,12,0,0,ERA5 - Bhubaneswar (Winter)
0.0,79.0,23.3,1008.8,10.8,0.0,13,0,0,ERA5 - Bhubaneswar (Winter)
0.0,84.0,22.6,1009.9,7.4,0.0,14,0,0,ERA5 - Bhubaneswar (Winter)
0.0,87.0,22.1,1010.3,9.7,0.0,15,0,0,ERA5 - Bhubaneswar (Winter)
0.0,90.0,21.6,1010.5,6.6,0.0,16,0,0,ERA5 - Bhubaneswar (Winter)
0.0,92.0,21.3,1010.5,6.9,0.0,17,0,0,ERA5 - Bhubaneswar (Winter)
0.0,92.0,21.1,1010.2,6.6,0.0,18,0,0,ERA5 - Bhubaneswar (Winter)
0.0,92.0,20.5,1010.0,5.1,0.0,19,0,0,ERA5 - Bhubaneswar (Winter)
0.0,96.0,20.2,1009.8,5.7,0.0,20,0,0,ERA5 - Bhubaneswar (Winter)
0.0,99.0,19.5,1009.5,3.9,0.0,21,0,0,ERA5 - Bhubaneswar (Winter)
0.0,99.0,19.3,1009.2,5.6,0.0,22,0,0,ERA5 - Bhubaneswar (Winter)
0.0,100.0,18.9,1009.3,5.6,0.0,23,0,0,ERA5 - Bhubaneswar (Winter)
0.0,98.0,19.7,1009.8,3.1,0.0,0,0,0,ERA5 - Bhubaneswar (Winter)
0.0,98.0,20.1,1010.8,3.4,0.0,1,0,0,ERA5 - Bhubaneswar (Winter)
0.0,94.0,21.2,1011.5,3.9,0.0,2,0,0,ERA5 - Bhubaneswar (Winter)
0.0,85.0,23.5,1012.6,2.2,0.0,3,0,0,ERA5 - Bhubaneswar (Winter)
0.0,71.0,25.9,1013.1,7.1,0.0,4,0,0,ERA5 - Bhubaneswar (Winter)
0.1,63.0,27.2,1012.7,6.9,0.0,5,0,0,ERA5 - Bhubaneswar (Winter)
0.2,59.0,27.8,1011.7,5.4,0.0,6,0,0,ERA5 - Bhubaneswar (Winter)
0.2,56.0,28.3,1010.5,1.8,0.0,7,0,0,ERA5 - Bhubaneswar (Winter)
0.0,53.0,28.7,1009.3,2.5,0.0,8,0,0,ERA5 - Bhubaneswar (Winter)
0.0,51.0,28.8,1008.4,4.3,0.0,9,0,0,ERA5 - Bhubaneswar (Winter)
0.0,52.0,28.5,1008.2,6.4,0.0,10,0,0,ERA5 - Bhubaneswar (Winter)
0.0,61.0,26.6,1008.6,13.9,0.0,11,0,0,ERA5 - Bhubaneswar (Winter)
0.0,74.0,24.4,1009.3,11.8,0.0,12,0,0,ERA5 - Bhubaneswar (Winter)
0.0,80.0,23.4,1010.3,8.2,0.0,13,0,0,ERA5 - Bhubaneswar (Winter)
0.0,87.0,22.4,1011.3,10.6,0.0,14,0,0,ERA5 - Bhubaneswar (Winter)
0.0,91.0,21.8,1012.2,9.1,0.0,15,0,0,ERA5 - Bhubaneswar (Winter)
0.0,95.0,21.1,1012.5,7.6,0.0,16,0,0,ERA5 - Bhubaneswar (Winter)
0.0,97.0,20.6,1012.4,5.2,0.0,17,0,0,ERA5 - Bhubaneswar (Winter)
0.0,98.0,20.2,1012.1,5.4,0.0,18,0,0,ERA5 - Bhubaneswar (Winter)
0.1,98.0,20.2,1011.5,5.5,0.0,19,0,0,ERA5 - Bhubaneswar (Winter)
0.8,97.0,20.0,1011.2,9.4,0.0,20,0,0,ERA5 - Bhubaneswar (Winter)
0.5,96.0,19.5,1010.6,10.0,0.0,21,0,0,ERA5 - Bhubaneswar (Winter)
0.1,98.0,19.6,1010.0,5.9,0.0,22,0,0,ERA5 - Bhubaneswar (Winter)
0.0,99.0,18.7,1010.1,5.6,0.0,23,0,0,ERA5 - Bhubaneswar (Winter)
0.0,100.0,18.5,1011.0,6.6,0.0,0,0,0,ERA5 - Bhubaneswar (Winter)
0.0,100.0,18.5,1011.9,6.7,0.0,1,0,0,ERA5 - Bhubaneswar (Winter)
0.0,95.0,19.6,1012.8,8.9,0.0,2,0,0,ERA5 - Bhubaneswar (Winter)
0.0,85.0,21.9,1013.9,8.9,0.0,3,0,0,ERA5 - Bhubaneswar (Winter)
0.0,74.0,24.0,1014.2,8.7,0.0,4,0,0,ERA5 - Bhubaneswar (Winter)
0.1,69.0,25.1,1013.7,7.1,0.0,5,0,0,ERA5 - Bhubaneswar (Winter)
0.1,64.0,26.1,1012.7,8.3,0.0,6,0,0,ERA5 - Bhubaneswar (Winter)
0.0,58.0,27.1,1011.1,8.5,0.0,7,0,0,ERA5 - Bhubaneswar (Winter)
0.0,54.0,27.9,1009.7,8.8,0.0,8,0,0,ERA5 - Bhubaneswar (Winter)
0.0,53.0,28.2,1009.0,9.0,0.0,9,0,0,ERA5 - Bhubaneswar (Winter)
0.0,52.0,28.0,1008.9,7.7,0.0,10,0,0,ERA5 - Bhubaneswar (Winter)
0.0,54.0,27.0,1009.2,9.1,0.0,11,0,0,ERA5 - Bhubaneswar (Winter)
0.0,61.0,25.2,1009.4,8.4,0.0,12,0,0,ERA5 - Bhubaneswar (Winter)
0.0,77.0,23.0,1010.3,17.1,0.0,13,0,0,ERA5 - Bhubaneswar (Winter)
0.0,84.0,21.7,1011.4,10.8,0.0,14,0,0,ERA5 - Bhubaneswar (Winter)
0.0,88.0,20.9,1011.8,9.1,0.0,15,0,0,ERA5 - Bhubaneswar (Winter)
0.0,93.0,20.3,1012.2,7.2,0.0,16,0,0,ERA5 - Bhubaneswar (Winter)
0.0,96.0,19.8,1012.3,5.8,0.0,17,0,0,ERA5 - Bhubaneswar (Winter)
0.0,98.0,19.2,1011.8,5.5,0.0,18,0,0,ERA5 - Bhubaneswar (Winter)
0.0,99.0,18.6,1011.2,4.0,0.0,19,0,0,ERA5 - Bhubaneswar (Winter)
0.0,100.0,18.6,1010.5,4.7,0.0,20,0,0,ERA5 - Bhubaneswar (Winter)
0.0,100.0,18.2,1009.8,4.0,0.0,21,0,0,ERA5 - Bhubaneswar (Winter)
0.0,100.0,17.8,1009.6,3.4,0.0,22,0,0,ERA5 - Bhubaneswar (Winter)
0.0,100.0,17.4,1009.7,4.0,0.0,23,0,0,ERA5 - Bhubaneswar (Winter)
0.0,100.0,17.6,1010.5,6.8,0.0,0,0,0,ERA5 - Bhubaneswar (Winter)
0.0,100.0,17.8,1011.7,7.2,0.0,1,0,0,ERA5 - Bhubaneswar (Winter)
0.0,98.0,18.5,1012.7,9.0,0.0,2,0,0,ERA5 - Bhubaneswar (Winter)
0.0,86.0,20.9,1013.6,6.4,0.0,3,0,0,ERA5 - Bhubaneswar (Winter)
0.0,74.0,23.3,1013.9,5.8,0.0,4,0,0,ERA5 - Bhubaneswar (Winter)
0.0,64.0,25.1,1013.7,3.5,0.0,5,0,0,ERA5 - Bhubaneswar (Winter)
0.0,55.0,26.7,1012.7,1.8,0.0,6,0,0,ERA5 - Bhubaneswar (Winter)
0.0,50.0,27.9,1011.2,3.1,0.0,7,0,0,ERA5 - Bhubaneswar (Winter)
0.0,45.0,28.8,1009.9,2.6,0.0,8,0,0,ERA5 - Bhubaneswar (Winter)
0.0,41.0,29.0,1009.0,2.1,0.0,9,0,0,ERA5 - Bhubaneswar (Winter)
0.0,43.0,28.4,1008.7,2.5,0.0,10,0,0,ERA5 - Bhubaneswar (Winter)
0.0,45.0,27.8,1008.8,5.8,0.0,11,0,0,ERA5 - Bhubaneswar (Winter)
0.0,62.0,24.9,1008.8,5.4,0.0,12,0,0,ERA5 - Bhubaneswar (Winter)
0.0,70.0,23.5,1009.7,9.4,0.0,13,0,0,ERA5 - Bhubaneswar (Winter)
0.0,81.0,21.8,1010.6,7.9,0.0,14,0,0,ERA5 - Bhubaneswar (Winter)
0.0,87.0,20.8,1011.5,7.3,0.0,15,0,0,ERA5 - Bhubaneswar (Winter)
0.0,94.0,19.7,1011.8,6.1,0.0,16,0,0,ERA5 - Bhubaneswar (Winter)
0.0,94.0,19.4,1011.8,6.6,0.0,17,0,0,ERA5 - Bhubaneswar (Winter)
0.0,95.0,19.3,1011.6,5.8,0.0,18,0,0,ERA5 - Bhubaneswar (Winter)
0.0,95.0,19.5,1011.1,2.6,0.0,19,0,0,ERA5 - Bhubaneswar (Winter)
0.0,99.0,18.0,1010.6,3.4,0.0,20,0,0,ERA5 - Bhubaneswar (Winter)
0.0,100.0,17.9,1010.0,4.2,0.0,21,0,0,ERA5 - Bhubaneswar (Winter)
0.0,100.0,17.3,1009.6,4.7,0.0,22,0,0,ERA5 - Bhubaneswar (Winter)
0.0,100.0,17.1,1009.6,3.4,0.0,23,0,0,ERA5 - Bhubaneswar (Winter)
0.0,87.0,23.8,1008.5,5.9,0.0,0,0,0,ERA5 - Bhubaneswar (Pre-Monsoon Spring)
0.0,86.0,24.0,1009.0,5.4,0.0,1,0,0,ERA5 - Bhubaneswar (Pre-Monsoon Spring)
0.0,78.0,25.5,1009.9,6.2,0.0,2,0,0,ERA5 - Bhubaneswar (Pre-Monsoon Spring)
0.0,64.0,28.0,1010.5,6.2,0.0,3,0,0,ERA5 - Bhubaneswar (Pre-Monsoon Spring)
0.0,58.0,28.8,1010.7,6.5,0.0,4,0,0,ERA5 - Bhubaneswar (Pre-Monsoon Spring)
0.0,47.0,30.3,1010.5,6.9,0.0,5,0,0,ERA5 - Bhubaneswar (Pre-Monsoon Spring)
0.0,42.0,31.2,1009.6,6.9,0.0,6,0,0,ERA5 - Bhubaneswar (Pre-Monsoon Spring)
0.0,38.0,32.0,1008.5,8.1,0.0,7,0,0,ERA5 - Bhubaneswar (Pre-Monsoon Spring)
0.0,36.0,32.6,1007.6,9.1,0.0,8,0,0,ERA5 - Bhubaneswar (Pre-Monsoon Spring)
0.0,34.0,32.9,1006.5,8.2,0.0,9,0,0,ERA5 - Bhubaneswar (Pre-Monsoon Spring)
0.0,33.0,33.0,1006.2,5.5,0.0,10,0,0,ERA5 - Bhubaneswar (Pre-Monsoon Spring)
0.0,32.0,32.0,1007.1,8.3,0.0,11,0,0,ERA5 - Bhubaneswar (Pre-Monsoon Spring)
0.0,35.0,31.3,1007.2,11.5,0.0,12,0,0,ERA5 - Bhubaneswar (Pre-Monsoon Spring)
0.0,40.0,29.1,1007.8,10.5,0.0,13,0,0,ERA5 - Bhubaneswar (Pre-Monsoon Spring)
0.0,45.0,27.9,1008.7,8.5,0.0,14,0,0,ERA5 - Bhubaneswar (Pre-Monsoon Spring)
0.0,53.0,26.9,1009.3,7.6,0.0,15,0,0,ERA5 - Bhubaneswar (Pre-Monsoon Spring)
0.0,61.0,25.9,1009.7,4.8,0.0,16,0,0,ERA5 - Bhubaneswar (Pre-Monsoon Spring)
0.0,68.0,25.0,1009.8,6.3,0.0,17,0,0,ERA5 - Bhubaneswar (Pre-Monsoon Spring)
0.0,71.0,24.7,1009.6,5.5,0.0,18,0,0,ERA5 - Bhubaneswar (Pre-Monsoon Spring)
0.0,75.0,24.2,1009.1,5.2,0.0,19,0,0,ERA5 - Bhubaneswar (Pre-Monsoon Spring)
0.0,77.0,24.0,1008.2,4.3,0.0,20,0,0,ERA5 - Bhubaneswar (Pre-Monsoon Spring)
0.0,82.0,23.0,1007.6,4.4,0.0,21,0,0,ERA5 - Bhubaneswar (Pre-Monsoon Spring)
0.0,85.0,22.2,1007.3,5.2,0.0,22,0,0,ERA5 - Bhubaneswar (Pre-Monsoon Spring)
0.0,84.0,22.1,1007.4,4.1,0.0,23,0,0,ERA5 - Bhubaneswar (Pre-Monsoon Spring)
0.0,84.0,22.3,1008.6,5.4,0.0,0,0,0,ERA5 - Bhubaneswar (Pre-Monsoon Spring)
0.0,80.0,23.1,1009.4,7.2,0.0,1,0,0,ERA5 - Bhubaneswar (Pre-Monsoon Spring)
0.0,68.0,26.0,1010.3,6.1,0.0,2,0,0,ERA5 - Bhubaneswar (Pre-Monsoon Spring)
0.0,51.0,29.1,1011.0,5.2,0.0,3,0,0,ERA5 - Bhubaneswar (Pre-Monsoon Spring)
0.0,39.0,31.5,1011.1,3.1,0.0,4,0,0,ERA5 - Bhubaneswar (Pre-Monsoon Spring)
0.0,33.0,33.2,1010.8,2.5,0.0,5,0,0,ERA5 - Bhubaneswar (Pre-Monsoon Spring)
0.0,28.0,34.7,1009.7,3.4,0.0,6,0,0,ERA5 - Bhubaneswar (Pre-Monsoon Spring)
0.0,24.0,35.5,1008.4,5.5,0.0,7,0,0,ERA5 - Bhubaneswar (Pre-Monsoon Spring)
0.0,22.0,36.0,1007.4,9.7,0.0,8,0,0,ERA5 - Bhubaneswar (Pre-Monsoon Spring)
0.0,21.0,35.9,1006.4,12.1,0.0,9,0,0,ERA5 - Bhubaneswar (Pre-Monsoon Spring)
0.0,21.0,35.8,1005.7,13.5,0.0,10,0,0,ERA5 - Bhubaneswar (Pre-Monsoon Spring)
0.0,28.0,33.5,1006.7,15.9,0.0,11,0,0,ERA5 - Bhubaneswar (Pre-Monsoon Spring)
0.0,34.0,31.5,1006.9,17.6,0.0,12,0,0,ERA5 - Bhubaneswar (Pre-Monsoon Spring)
0.0,41.0,29.2,1007.6,9.4,0.0,13,0,0,ERA5 - Bhubaneswar (Pre-Monsoon Spring)
0.0,50.0,27.5,1008.5,6.4,0.0,14,0,0,ERA5 - Bhubaneswar (Pre-Monsoon Spring)
0.0,62.0,25.5,1009.4,6.5,0.0,15,0,0,ERA5 - Bhubaneswar (Pre-Monsoon Spring)
0.0,70.0,24.5,1010.1,7.2,0.0,16,0,0,ERA5 - Bhubaneswar (Pre-Monsoon Spring)
0.0,76.0,23.8,1010.1,6.9,0.0,17,0,0,ERA5 - Bhubaneswar (Pre-Monsoon Spring)
0.0,82.0,23.1,1009.4,7.8,0.0,18,0,0,ERA5 - Bhubaneswar (Pre-Monsoon Spring)
0.0,85.0,22.7,1008.9,6.5,0.0,19,0,0,ERA5 - Bhubaneswar (Pre-Monsoon Spring)
0.0,89.0,22.2,1008.3,4.7,0.0,20,0,0,ERA5 - Bhubaneswar (Pre-Monsoon Spring)
0.0,91.0,21.8,1007.8,5.1,0.0,21,0,0,ERA5 - Bhubaneswar (Pre-Monsoon Spring)
0.0,92.0,21.6,1007.4,6.2,0.0,22,0,0,ERA5 - Bhubaneswar (Pre-Monsoon Spring)
0.0,94.0,20.9,1007.5,7.3,0.0,23,0,0,ERA5 - Bhubaneswar (Pre-Monsoon Spring)
0.0,94.0,21.2,1008.5,5.6,0.0,0,0,0,ERA5 - Bhubaneswar (Pre-Monsoon Spring)
0.0,92.0,21.9,1009.3,2.9,0.0,1,0,0,ERA5 - Bhubaneswar (Pre-Monsoon Spring)
0.0,73.0,25.2,1010.1,3.0,0.0,2,0,0,ERA5 - Bhubaneswar (Pre-Monsoon Spring)
0.0,52.0,28.6,1010.7,4.1,0.0,3,0,0,ERA5 - Bhubaneswar (Pre-Monsoon Spring)
0.0,37.0,31.2,1010.8,3.8,0.0,4,0,0,ERA5 - Bhubaneswar (Pre-Monsoon Spring)
0.0,31.0,33.0,1010.5,2.3,0.0,5,0,0,ERA5 - Bhubaneswar (Pre-Monsoon Spring)
0.0,27.0,34.4,1009.5,1.1,0.0,6,0,0,ERA5 - Bhubaneswar (Pre-Monsoon Spring)
0.0,23.0,35.6,1008.1,0.8,0.0,7,0,0,ERA5 - Bhubaneswar (Pre-Monsoon Spring)
0.0,21.0,36.1,1006.9,2.5,0.0,8,0,0,ERA5 - Bhubaneswar (Pre-Monsoon Spring)
0.0,21.0,36.2,1005.7,6.0,0.0,9,0,0,ERA5 - Bhubaneswar (Pre-Monsoon Spring)
0.0,22.0,35.9,1005.2,9.4,0.0,10,0,0,ERA5 - Bhubaneswar (Pre-Monsoon Spring)
0.0,22.0,35.2,1005.3,11.2,0.0,11,0,0,ERA5 - Bhubaneswar (Pre-Monsoon Spring)
0.0,36.0,31.7,1005.7,19.0,0.0,12,0,0,ERA5 - Bhubaneswar (Pre-Monsoon Spring)
0.0,45.0,28.8,1006.6,10.5,0.0,13,0,0,ERA5 - Bhubaneswar (Pre-Monsoon Spring)
0.0,53.0,27.6,1007.3,9.4,0.0,14,0,0,ERA5 - Bhubaneswar (Pre-Monsoon Spring)
0.0,61.0,26.4,1008.0,8.9,0.0,15,0,0,ERA5 - Bhubaneswar (Pre-Monsoon Spring)
0.0,67.0,25.7,1008.2,10.7,0.0,16,0,0,ERA5 - Bhubaneswar (Pre-Monsoon Spring)
0.0,73.0,24.9,1008.1,10.1,0.0,17,0,0,ERA5 - Bhubaneswar (Pre-Monsoon Spring)
0.0,78.0,23.8,1008.2,5.6,0.0,18,0,0,ERA5 - Bhubaneswar (Pre-Monsoon Spring)
0.0,82.0,23.0,1008.0,7.6,0.0,19,0,0,ERA5 - Bhubaneswar (Pre-Monsoon Spring)
0.0,83.0,22.6,1007.6,5.2,0.0,20,0,0,ERA5 - Bhubaneswar (Pre-Monsoon Spring)
0.0,82.0,22.5,1007.3,4.8,0.0,21,0,0,ERA5 - Bhubaneswar (Pre-Monsoon Spring)
0.0,83.0,22.2,1007.3,5.7,0.0,22,0,0,ERA5 - Bhubaneswar (Pre-Monsoon Spring)
0.0,90.0,21.0,1007.2,5.0,0.0,23,0,0,ERA5 - Bhubaneswar (Pre-Monsoon Spring)
0.0,93.0,21.1,1007.3,3.3,0.0,0,0,0,ERA5 - Bhubaneswar (Pre-Monsoon Spring)
0.0,94.0,21.6,1008.1,2.6,0.0,1,0,0,ERA5 - Bhubaneswar (Pre-Monsoon Spring)
0.0,73.0,25.0,1008.9,4.0,0.0,2,0,0,ERA5 - Bhubaneswar (Pre-Monsoon Spring)
0.0,51.0,28.8,1009.3,6.3,0.0,3,0,0,ERA5 - Bhubaneswar (Pre-Monsoon Spring)
0.0,37.0,31.8,1009.3,7.9,0.0,4,0,0,ERA5 - Bhubaneswar (Pre-Monsoon Spring)
0.0,29.0,33.8,1008.9,6.2,0.0,5,0,0,ERA5 - Bhubaneswar (Pre-Monsoon Spring)
0.0,25.0,35.1,1008.0,4.5,0.0,6,0,0,ERA5 - Bhubaneswar (Pre-Monsoon Spring)
0.0,22.0,36.1,1006.5,4.1,0.0,7,0,0,ERA5 - Bhubaneswar (Pre-Monsoon Spring)
0.0,20.0,36.7,1005.1,4.7,0.0,8,0,0,ERA5 - Bhubaneswar (Pre-Monsoon Spring)
0.0,19.0,37.0,1004.1,6.9,0.0,9,0,0,ERA5 - Bhubaneswar (Pre-Monsoon Spring)
0.0,19.0,36.9,1003.4,9.7,0.0,10,0,0,ERA5 - Bhubaneswar (Pre-Monsoon Spring)
0.0,19.0,36.3,1003.2,11.8,0.0,11,0,0,ERA5 - Bhubaneswar (Pre-Monsoon Spring)
0.0,31.0,31.6,1003.9,19.8,0.0,12,0,0,ERA5 - Bhubaneswar (Pre-Monsoon Spring)
0.0,42.0,29.3,1004.7,10.5,0.0,13,0,0,ERA5 - Bhubaneswar (Pre-Monsoon Spring)
0.0,53.0,27.8,1005.3,12.3,0.0,14,0,0,ERA5 - Bhubaneswar (Pre-Monsoon Spring)
0.0,61.0,26.6,1005.7,9.6,0.0,15,0,0,ERA5 - Bhubaneswar (Pre-Monsoon Spring)
0.0,66.0,25.6,1006.6,7.3,0.0,16,0,0,ERA5 - Bhubaneswar (Pre-Monsoon Spring)
0.0,69.0,25.1,1006.9,9.3,0.0,17,0,0,ERA5 - Bhubaneswar (Pre-Monsoon Spring)
0.0,75.0,24.6,1006.8,8.4,0.0,18,0,0,ERA5 - Bhubaneswar (Pre-Monsoon Spring)
0.0,80.0,24.3,1006.5,8.8,0.0,19,0,0,ERA5 - Bhubaneswar (Pre-Monsoon Spring)
0.0,85.0,23.9,1005.9,8.8,0.0,20,0,0,ERA5 - Bhubaneswar (Pre-Monsoon Spring)
0.0,89.0,23.4,1005.3,7.1,0.0,21,0,0,ERA5 - Bhubaneswar (Pre-Monsoon Spring)
0.0,92.0,23.1,1004.9,7.1,0.0,22,0,0,ERA5 - Bhubaneswar (Pre-Monsoon Spring)
0.0,94.0,22.6,1005.0,7.2,0.0,23,0,0,ERA5 - Bhubaneswar (Pre-Monsoon Spring)
0.0,98.0,22.9,1005.6,5.5,0.0,0,0,0,ERA5 - Bhubaneswar (Pre-Monsoon Spring)
0.0,98.0,23.2,1006.5,6.5,0.0,1,0,0,ERA5 - Bhubaneswar (Pre-Monsoon Spring)
0.0,88.0,25.5,1007.3,7.1,0.0,2,0,0,ERA5 - Bhubaneswar (Pre-Monsoon Spring)
0.0,70.0,28.5,1007.8,11.8,0.0,3,0,0,ERA5 - Bhubaneswar (Pre-Monsoon Spring)
0.0,48.0,31.6,1007.6,13.5,0.0,4,0,0,ERA5 - Bhubaneswar (Pre-Monsoon Spring)
0.0,38.0,33.5,1007.0,13.2,0.0,5,0,0,ERA5 - Bhubaneswar (Pre-Monsoon Spring)
0.0,31.0,34.8,1005.9,12.5,0.0,6,0,0,ERA5 - Bhubaneswar (Pre-Monsoon Spring)
0.0,25.0,35.6,1004.6,11.5,0.0,7,0,0,ERA5 - Bhubaneswar (Pre-Monsoon Spring)
0.0,22.0,36.0,1003.4,12.0,0.0,8,0,0,ERA5 - Bhubaneswar (Pre-Monsoon Spring)
0.0,21.0,36.0,1002.4,15.8,0.0,9,0,0,ERA5 - Bhubaneswar (Pre-Monsoon Spring)
0.0,22.0,34.6,1002.1,18.4,0.0,10,0,0,ERA5 - Bhubaneswar (Pre-Monsoon Spring)
0.0,28.0,33.1,1002.3,18.8,0.0,11,0,0,ERA5 - Bhubaneswar (Pre-Monsoon Spring)
0.0,33.0,31.8,1002.2,19.9,0.0,12,0,0,ERA5 - Bhubaneswar (Pre-Monsoon Spring)
0.0,45.0,29.4,1002.7,15.5,0.0,13,0,0,ERA5 - Bhubaneswar (Pre-Monsoon Spring)
0.0,53.0,27.5,1003.5,12.9,0.0,14,0,0,ERA5 - Bhubaneswar (Pre-Monsoon Spring)
0.0,66.0,26.3,1004.2,10.1,0.0,15,0,0,ERA5 - Bhubaneswar (Pre-Monsoon Spring)
0.0,77.0,25.4,1004.8,11.6,0.0,16,0,0,ERA5 - Bhubaneswar (Pre-Monsoon Spring)
0.0,79.0,25.1,1004.7,13.7,0.0,17,0,0,ERA5 - Bhubaneswar (Pre-Monsoon Spring)
0.0,83.0,24.8,1004.4,13.8,0.0,18,0,0,ERA5 - Bhubaneswar (Pre-Monsoon Spring)
0.0,88.0,24.3,1004.0,13.8,0.0,19,0,0,ERA5 - Bhubaneswar (Pre-Monsoon Spring)
0.0,93.0,23.9,1003.6,13.6,0.0,20,0,0,ERA5 - Bhubaneswar (Pre-Monsoon Spring)
0.0,95.0,23.6,1003.1,11.0,0.0,21,0,0,ERA5 - Bhubaneswar (Pre-Monsoon Spring)
0.0,96.0,23.5,1003.2,9.3,0.0,22,0,0,ERA5 - Bhubaneswar (Pre-Monsoon Spring)
0.0,97.0,23.1,1003.5,6.7,0.0,23,0,0,ERA5 - Bhubaneswar (Pre-Monsoon Spring)
0.0,97.0,23.7,1004.5,9.5,0.0,0,0,0,ERA5 - Bhubaneswar (Pre-Monsoon Spring)
0.0,97.0,24.0,1005.6,10.4,0.0,1,0,0,ERA5 - Bhubaneswar (Pre-Monsoon Spring)
0.0,84.0,26.3,1006.3,13.8,0.0,2,0,0,ERA5 - Bhubaneswar (Pre-Monsoon Spring)
0.0,74.0,28.2,1007.2,10.2,0.0,3,0,0,ERA5 - Bhubaneswar (Pre-Monsoon Spring)
0.0,61.0,30.2,1007.3,8.2,0.0,4,0,0,ERA5 - Bhubaneswar (Pre-Monsoon Spring)
0.0,48.0,32.6,1006.7,9.2,0.0,5,0,0,ERA5 - Bhubaneswar (Pre-Monsoon Spring)
0.0,38.0,34.2,1005.8,7.5,0.0,6,0,0,ERA5 - Bhubaneswar (Pre-Monsoon Spring)
0.2,37.0,33.7,1004.8,12.1,0.0,7,0,0,ERA5 - Bhubaneswar (Pre-Monsoon Spring)
0.0,28.0,34.4,1003.6,8.5,0.0,8,0,0,ERA5 - Bhubaneswar (Pre-Monsoon Spring)
0.0,30.0,33.9,1003.1,3.3,0.0,9,0,0,ERA5 - Bhubaneswar (Pre-Monsoon Spring)
0.0,32.0,33.5,1002.7,5.9,0.0,10,0,0,ERA5 - Bhubaneswar (Pre-Monsoon Spring)
0.0,36.0,32.4,1002.8,6.6,0.0,11,0,0,ERA5 - Bhubaneswar (Pre-Monsoon Spring)
0.0,50.0,29.7,1003.3,3.3,0.0,12,0,0,ERA5 - Bhubaneswar (Pre-Monsoon Spring)
0.0,59.0,27.5,1003.6,5.5,0.0,13,0,0,ERA5 - Bhubaneswar (Pre-Monsoon Spring)
0.0,58.0,27.0,1004.4,8.2,0.0,14,0,0,ERA5 - Bhubaneswar (Pre-Monsoon Spring)
0.0,71.0,26.1,1005.0,10.1,0.0,15,0,0,ERA5 - Bhubaneswar (Pre-Monsoon Spring)
0.0,91.0,25.4,1005.7,12.6,0.0,16,0,0,ERA5 - Bhubaneswar (Pre-Monsoon Spring)
0.0,95.0,25.2,1006.0,10.1,0.0,17,0,0,ERA5 - Bhubaneswar (Pre-Monsoon Spring)
0.0,95.0,24.9,1005.9,10.0,0.0,18,0,0,ERA5 - Bhubaneswar (Pre-Monsoon Spring)
0.0,96.0,24.7,1005.6,10.2,0.0,19,0,0,ERA5 - Bhubaneswar (Pre-Monsoon Spring)
0.0,96.0,24.5,1005.1,9.0,0.0,20,0,0,ERA5 - Bhubaneswar (Pre-Monsoon Spring)
0.0,97.0,24.2,1004.5,8.0,0.0,21,0,0,ERA5 - Bhubaneswar (Pre-Monsoon Spring)
0.0,97.0,24.2,1004.4,8.1,0.0,22,0,0,ERA5 - Bhubaneswar (Pre-Monsoon Spring)
0.0,97.0,23.9,1004.5,7.1,0.0,23,0,0,ERA5 - Bhubaneswar (Pre-Monsoon Spring)
0.0,91.0,24.0,1005.7,7.6,0.0,0,0,0,ERA5 - Bhubaneswar (Post-Monsoon Autumn)
0.0,85.0,25.3,1006.3,8.8,0.0,1,0,0,ERA5 - Bhubaneswar (Post-Monsoon Autumn)
0.0,81.0,27.6,1007.5,4.7,0.0,2,0,0,ERA5 - Bhubaneswar (Post-Monsoon Autumn)
0.0,72.0,29.6,1008.0,4.6,0.0,3,0,0,ERA5 - Bhubaneswar (Post-Monsoon Autumn)
0.0,64.0,31.1,1007.8,4.1,0.0,4,0,0,ERA5 - Bhubaneswar (Post-Monsoon Autumn)
0.0,57.0,32.4,1007.1,5.2,0.0,5,0,0,ERA5 - Bhubaneswar (Post-Monsoon Autumn)
0.0,43.0,33.5,1006.1,7.0,0.0,6,0,0,ERA5 - Bhubaneswar (Post-Monsoon Autumn)
0.0,40.0,33.8,1004.8,7.1,0.0,7,0,0,ERA5 - Bhubaneswar (Post-Monsoon Autumn)
0.0,39.0,34.0,1003.5,7.3,0.0,8,0,0,ERA5 - Bhubaneswar (Post-Monsoon Autumn)
0.0,39.0,33.8,1002.6,8.6,0.0,9,0,0,ERA5 - Bhubaneswar (Post-Monsoon Autumn)
0.0,44.0,33.3,1002.4,6.4,0.0,10,0,0,ERA5 - Bhubaneswar (Post-Monsoon Autumn)
0.0,64.0,31.4,1002.4,4.0,0.0,11,0,0,ERA5 - Bhubaneswar (Post-Monsoon Autumn)
0.0,66.0,28.8,1003.1,8.4,0.0,12,0,0,ERA5 - Bhubaneswar (Post-Monsoon Autumn)
0.0,72.0,27.4,1003.6,8.6,0.0,13,0,0,ERA5 - Bhubaneswar (Post-Monsoon Autumn)
0.0,76.0,26.4,1004.6,8.2,0.0,14,0,0,ERA5 - Bhubaneswar (Post-Monsoon Autumn)
0.0,75.0,26.5,1005.5,5.4,0.0,15,0,0,ERA5 - Bhubaneswar (Post-Monsoon Autumn)
0.0,83.0,24.9,1005.8,5.9,0.0,16,0,0,ERA5 - Bhubaneswar (Post-Monsoon Autumn)
0.0,86.0,24.2,1005.8,6.9,0.0,17,0,0,ERA5 - Bhubaneswar (Post-Monsoon Autumn)
0.0,82.0,24.3,1005.6,6.4,0.0,18,0,0,ERA5 - Bhubaneswar (Post-Monsoon Autumn)
0.0,81.0,24.1,1005.3,6.1,0.0,19,0,0,ERA5 - Bhubaneswar (Post-Monsoon Autumn)
0.0,81.0,24.0,1005.2,6.9,0.0,20,0,0,ERA5 - Bhubaneswar (Post-Monsoon Autumn)
0.0,83.0,23.9,1005.0,7.4,0.0,21,0,0,ERA5 - Bhubaneswar (Post-Monsoon Autumn)
0.0,87.0,23.5,1004.8,6.3,0.0,22,0,0,ERA5 - Bhubaneswar (Post-Monsoon Autumn)
0.0,90.0,22.9,1005.0,5.4,0.0,23,0,0,ERA5 - Bhubaneswar (Post-Monsoon Autumn)
0.0,85.0,23.2,1005.6,4.6,0.0,0,0,0,ERA5 - Bhubaneswar (Post-Monsoon Autumn)
0.0,85.0,24.5,1006.8,7.6,0.0,1,0,0,ERA5 - Bhubaneswar (Post-Monsoon Autumn)
0.0,81.0,27.0,1007.5,5.4,0.0,2,0,0,ERA5 - Bhubaneswar (Post-Monsoon Autumn)
0.0,70.0,29.5,1007.7,5.1,0.0,3,0,0,ERA5 - Bhubaneswar (Post-Monsoon Autumn)
0.0,60.0,31.3,1007.7,3.6,0.0,4,0,0,ERA5 - Bhubaneswar (Post-Monsoon Autumn)
0.0,50.0,32.5,1007.2,5.2,0.0,5,0,0,ERA5 - Bhubaneswar (Post-Monsoon Autumn)
0.0,44.0,33.1,1006.3,8.0,0.0,6,0,0,ERA5 - Bhubaneswar (Post-Monsoon Autumn)
0.0,43.0,33.4,1005.4,8.9,0.0,7,0,0,ERA5 - Bhubaneswar (Post-Monsoon Autumn)
0.0,42.0,33.5,1004.4,8.2,0.0,8,0,0,ERA5 - Bhubaneswar (Post-Monsoon Autumn)
0.0,41.0,33.4,1003.7,7.2,0.0,9,0,0,ERA5 - Bhubaneswar (Post-Monsoon Autumn)
0.0,44.0,32.9,1003.7,6.3,0.0,10,0,0,ERA5 - Bhubaneswar (Post-Monsoon Autumn)
0.0,58.0,31.0,1003.8,4.7,0.0,11,0,0,ERA5 - Bhubaneswar (Post-Monsoon Autumn)
0.0,66.0,29.0,1004.4,7.6,0.0,12,0,0,ERA5 - Bhubaneswar (Post-Monsoon Autumn)
0.0,67.0,27.9,1004.6,6.8,0.0,13,0,0,ERA5 - Bhubaneswar (Post-Monsoon Autumn)
0.0,73.0,27.0,1005.8,7.9,0.0,14,0,0,ERA5 - Bhubaneswar (Post-Monsoon Autumn)
0.0,82.0,25.8,1006.4,5.8,0.0,15,0,0,ERA5 - Bhubaneswar (Post-Monsoon Autumn)
0.0,82.0,25.5,1006.5,5.7,0.0,16,0,0,ERA5 - Bhubaneswar (Post-Monsoon Autumn)
0.0,84.0,25.1,1006.7,5.9,0.0,17,0,0,ERA5 - Bhubaneswar (Post-Monsoon Autumn)
0.0,87.0,24.8,1006.8,5.1,0.0,18,0,0,ERA5 - Bhubaneswar (Post-Monsoon Autumn)
0.0,89.0,24.5,1006.3,4.2,0.0,19,0,0,ERA5 - Bhubaneswar (Post-Monsoon Autumn)
0.0,93.0,23.9,1005.9,5.7,0.0,20,0,0,ERA5 - Bhubaneswar (Post-Monsoon Autumn)
0.0,87.0,24.8,1005.7,4.0,0.0,21,0,0,ERA5 - Bhubaneswar (Post-Monsoon Autumn)
0.0,89.0,24.4,1005.8,3.2,0.0,22,0,0,ERA5 - Bhubaneswar (Post-Monsoon Autumn)
0.0,94.0,23.5,1006.1,3.3,0.0,23,0,0,ERA5 - Bhubaneswar (Post-Monsoon Autumn)
0.0,95.0,23.8,1007.2,4.4,0.0,0,0,0,ERA5 - Bhubaneswar (Post-Monsoon Autumn)
0.0,92.0,25.1,1008.3,4.7,0.0,1,0,0,ERA5 - Bhubaneswar (Post-Monsoon Autumn)
0.0,86.0,27.2,1008.9,0.8,0.0,2,0,0,ERA5 - Bhubaneswar (Post-Monsoon Autumn)
0.0,79.0,29.1,1009.3,1.1,0.0,3,0,0,ERA5 - Bhubaneswar (Post-Monsoon Autumn)
0.0,67.0,30.7,1009.1,2.0,0.0,4,0,0,ERA5 - Bhubaneswar (Post-Monsoon Autumn)
0.0,59.0,31.6,1008.4,5.3,0.0,5,0,0,ERA5 - Bhubaneswar (Post-Monsoon Autumn)
0.1,54.0,31.4,1007.6,8.7,0.0,6,0,0,ERA5 - Bhubaneswar (Post-Monsoon Autumn)
0.1,68.0,29.3,1006.8,12.9,0.0,7,0,0,ERA5 - Bhubaneswar (Post-Monsoon Autumn)
0.0,62.0,30.3,1005.7,2.3,0.0,8,0,0,ERA5 - Bhubaneswar (Post-Monsoon Autumn)
0.0,57.0,30.7,1005.2,2.6,0.0,9,0,0,ERA5 - Bhubaneswar (Post-Monsoon Autumn)
0.0,59.0,30.6,1005.1,4.3,0.0,10,0,0,ERA5 - Bhubaneswar (Post-Monsoon Autumn)
0.0,66.0,29.8,1005.5,4.0,0.0,11,0,0,ERA5 - Bhubaneswar (Post-Monsoon Autumn)
0.0,80.0,28.0,1005.4,4.6,0.0,12,0,0,ERA5 - Bhubaneswar (Post-Monsoon Autumn)
0.0,83.0,27.3,1005.6,5.0,0.0,13,0,0,ERA5 - Bhubaneswar (Post-Monsoon Autumn)
0.0,85.0,26.8,1006.2,5.6,0.0,14,0,0,ERA5 - Bhubaneswar (Post-Monsoon Autumn)
0.0,87.0,26.1,1007.0,5.4,0.0,15,0,0,ERA5 - Bhubaneswar (Post-Monsoon Autumn)
0.0,90.0,25.4,1007.4,5.4,0.0,16,0,0,ERA5 - Bhubaneswar (Post-Monsoon Autumn)
0.0,92.0,24.8,1007.5,6.6,0.0,17,0,0,ERA5 - Bhubaneswar (Post-Monsoon Autumn)
0.0,92.0,24.6,1007.1,5.2,0.0,18,0,0,ERA5 - Bhubaneswar (Post-Monsoon Autumn)
0.0,91.0,24.6,1006.9,4.0,0.0,19,0,0,ERA5 - Bhubaneswar (Post-Monsoon Autumn)
0.0,92.0,24.2,1006.4,4.0,0.0,20,0,0,ERA5 - Bhubaneswar (Post-Monsoon Autumn)
0.0,94.0,23.7,1006.2,4.8,0.0,21,0,0,ERA5 - Bhubaneswar (Post-Monsoon Autumn)
0.0,95.0,23.5,1006.2,3.6,0.0,22,0,0,ERA5 - Bhubaneswar (Post-Monsoon Autumn)
0.0,95.0,23.5,1006.5,5.7,0.0,23,0,0,ERA5 - Bhubaneswar (Post-Monsoon Autumn)
0.0,97.0,24.0,1007.7,6.7,0.0,0,0,0,ERA5 - Bhubaneswar (Post-Monsoon Autumn)
0.0,93.0,25.4,1008.5,7.2,0.0,1,0,0,ERA5 - Bhubaneswar (Post-Monsoon Autumn)
0.0,86.0,27.5,1008.9,4.7,0.0,2,0,0,ERA5 - Bhubaneswar (Post-Monsoon Autumn)
0.0,76.0,29.3,1009.5,4.7,0.0,3,0,0,ERA5 - Bhubaneswar (Post-Monsoon Autumn)
0.0,65.0,30.5,1009.7,5.4,0.0,4,0,0,ERA5 - Bhubaneswar (Post-Monsoon Autumn)
0.0,59.0,31.4,1009.1,5.9,0.0,5,0,0,ERA5 - Bhubaneswar (Post-Monsoon Autumn)
0.0,56.0,31.8,1007.8,7.4,0.0,6,0,0,ERA5 - Bhubaneswar (Post-Monsoon Autumn)
0.0,53.0,32.3,1007.0,8.0,0.0,7,0,0,ERA5 - Bhubaneswar (Post-Monsoon Autumn)
0.0,51.0,32.5,1006.2,9.4,0.0,8,0,0,ERA5 - Bhubaneswar (Post-Monsoon Autumn)
0.0,50.0,32.2,1005.4,9.5,0.0,9,0,0,ERA5 - Bhubaneswar (Post-Monsoon Autumn)
0.0,52.0,31.6,1005.1,7.4,0.0,10,0,0,ERA5 - Bhubaneswar (Post-Monsoon Autumn)
0.0,62.0,30.9,1005.4,3.7,0.0,11,0,0,ERA5 - Bhubaneswar (Post-Monsoon Autumn)
0.0,64.0,28.9,1006.2,8.8,0.0,12,0,0,ERA5 - Bhubaneswar (Post-Monsoon Autumn)
0.0,72.0,27.5,1007.0,9.4,0.0,13,0,0,ERA5 - Bhubaneswar (Post-Monsoon Autumn)
0.0,79.0,26.5,1007.5,4.7,0.0,14,0,0,ERA5 - Bhubaneswar (Post-Monsoon Autumn)
0.0,78.0,26.5,1008.0,4.5,0.0,15,0,0,ERA5 - Bhubaneswar (Post-Monsoon Autumn)
0.0,86.0,25.3,1008.3,1.8,0.0,16,0,0,ERA5 - Bhubaneswar (Post-Monsoon Autumn)
0.0,89.0,24.9,1008.2,2.4,0.0,17,0,0,ERA5 - Bhubaneswar (Post-Monsoon Autumn)
0.0,91.0,24.5,1008.0,5.1,0.0,18,0,0,ERA5 - Bhubaneswar (Post-Monsoon Autumn)
0.0,91.0,24.5,1007.4,5.2,0.0,19,0,0,ERA5 - Bhubaneswar (Post-Monsoon Autumn)
0.0,91.0,24.4,1007.0,4.3,0.0,20,0,0,ERA5 - Bhubaneswar (Post-Monsoon Autumn)
0.0,92.0,24.1,1006.7,3.6,0.0,21,0,0,ERA5 - Bhubaneswar (Post-Monsoon Autumn)
0.0,91.0,24.2,1006.7,4.1,0.0,22,0,0,ERA5 - Bhubaneswar (Post-Monsoon Autumn)
0.0,93.0,24.0,1007.1,4.4,0.0,23,0,0,ERA5 - Bhubaneswar (Post-Monsoon Autumn)
0.0,95.0,24.4,1007.6,5.8,0.0,0,0,0,ERA5 - Bhubaneswar (Post-Monsoon Autumn)
0.0,90.0,25.7,1008.6,8.9,0.0,1,0,0,ERA5 - Bhubaneswar (Post-Monsoon Autumn)
0.0,85.0,27.4,1009.4,8.6,0.0,2,0,0,ERA5 - Bhubaneswar (Post-Monsoon Autumn)
0.0,78.0,28.9,1010.0,9.6,0.0,3,0,0,ERA5 - Bhubaneswar (Post-Monsoon Autumn)
0.0,69.0,30.1,1010.1,10.3,0.0,4,0,0,ERA5 - Bhubaneswar (Post-Monsoon Autumn)
0.0,65.0,30.8,1009.6,11.5,0.0,5,0,0,ERA5 - Bhubaneswar (Post-Monsoon Autumn)
0.0,62.0,31.4,1008.8,11.7,0.0,6,0,0,ERA5 - Bhubaneswar (Post-Monsoon Autumn)
0.0,60.0,31.3,1007.7,12.7,0.0,7,0,0,ERA5 - Bhubaneswar (Post-Monsoon Autumn)
0.0,60.0,31.4,1006.8,10.0,0.0,8,0,0,ERA5 - Bhubaneswar (Post-Monsoon Autumn)
0.1,59.0,31.0,1006.1,10.5,0.0,9,0,0,ERA5 - Bhubaneswar (Post-Monsoon Autumn)
0.1,65.0,29.8,1006.0,4.7,0.0,10,0,0,ERA5 - Bhubaneswar (Post-Monsoon Autumn)
0.4,69.0,29.0,1006.4,6.1,0.0,11,0,0,ERA5 - Bhubaneswar (Post-Monsoon Autumn)
0.1,64.0,28.5,1006.5,7.7,0.0,12,0,0,ERA5 - Bhubaneswar (Post-Monsoon Autumn)
0.0,69.0,27.3,1006.9,5.4,0.0,13,0,0,ERA5 - Bhubaneswar (Post-Monsoon Autumn)
0.0,72.0,26.5,1007.9,6.2,0.0,14,0,0,ERA5 - Bhubaneswar (Post-Monsoon Autumn)
0.0,79.0,25.4,1008.6,5.4,0.0,15,0,0,ERA5 - Bhubaneswar (Post-Monsoon Autumn)
0.0,85.0,24.6,1008.9,6.1,0.0,16,0,0,ERA5 - Bhubaneswar (Post-Monsoon Autumn)
0.0,90.0,23.8,1008.9,6.7,0.0,17,0,0,ERA5 - Bhubaneswar (Post-Monsoon Autumn)
0.0,90.0,23.7,1008.7,7.3,0.0,18,0,0,ERA5 - Bhubaneswar (Post-Monsoon Autumn)
0.0,89.0,23.7,1008.1,5.2,0.0,19,0,0,ERA5 - Bhubaneswar (Post-Monsoon Autumn)
0.0,92.0,22.8,1007.6,4.3,0.0,20,0,0,ERA5 - Bhubaneswar (Post-Monsoon Autumn)
0.0,92.0,23.0,1007.3,3.4,0.0,21,0,0,ERA5 - Bhubaneswar (Post-Monsoon Autumn)
0.0,94.0,22.5,1007.4,4.0,0.0,22,0,0,ERA5 - Bhubaneswar (Post-Monsoon Autumn)
0.0,95.0,22.5,1007.8,5.6,0.0,23,0,0,ERA5 - Bhubaneswar (Post-Monsoon Autumn)
0.0,93.0,23.5,1008.4,8.7,0.0,0,0,0,ERA5 - Bhubaneswar (Post-Monsoon Autumn)
0.0,87.0,24.8,1009.4,10.1,0.0,1,0,0,ERA5 - Bhubaneswar (Post-Monsoon Autumn)
0.0,79.0,26.9,1010.1,8.3,0.0,2,0,0,ERA5 - Bhubaneswar (Post-Monsoon Autumn)
0.0,70.0,28.7,1010.7,10.2,0.0,3,0,0,ERA5 - Bhubaneswar (Post-Monsoon Autumn)
0.0,61.0,30.1,1010.5,13.3,0.0,4,0,0,ERA5 - Bhubaneswar (Post-Monsoon Autumn)
0.0,54.0,31.1,1009.7,14.6,0.0,5,0,0,ERA5 - Bhubaneswar (Post-Monsoon Autumn)
0.0,51.0,31.6,1008.7,14.8,0.0,6,0,0,ERA5 - Bhubaneswar (Post-Monsoon Autumn)
0.0,47.0,32.0,1007.5,14.6,0.0,7,0,0,ERA5 - Bhubaneswar (Post-Monsoon Autumn)
0.0,47.0,31.9,1006.7,13.5,0.0,8,0,0,ERA5 - Bhubaneswar (Post-Monsoon Autumn)
0.0,47.0,31.8,1005.9,12.7,0.0,9,0,0,ERA5 - Bhubaneswar (Post-Monsoon Autumn)
0.0,49.0,31.3,1005.8,12.2,0.0,10,0,0,ERA5 - Bhubaneswar (Post-Monsoon Autumn)
0.0,58.0,29.9,1006.3,8.2,0.0,11,0,0,ERA5 - Bhubaneswar (Post-Monsoon Autumn)
0.0,64.0,27.9,1006.7,7.7,0.0,12,0,0,ERA5 - Bhubaneswar (Post-Monsoon Autumn)
0.0,66.0,27.2,1007.7,8.1,0.0,13,0,0,ERA5 - Bhubaneswar (Post-Monsoon Autumn)
0.0,69.0,26.5,1008.6,8.5,0.0,14,0,0,ERA5 - Bhubaneswar (Post-Monsoon Autumn)
0.0,73.0,25.8,1009.2,7.6,0.0,15,0,0,ERA5 - Bhubaneswar (Post-Monsoon Autumn)
0.0,78.0,25.0,1009.4,6.1,0.0,16,0,0,ERA5 - Bhubaneswar (Post-Monsoon Autumn)
0.0,85.0,24.1,1009.2,8.0,0.0,17,0,0,ERA5 - Bhubaneswar (Post-Monsoon Autumn)
0.0,86.0,23.8,1008.9,7.5,0.0,18,0,0,ERA5 - Bhubaneswar (Post-Monsoon Autumn)
0.0,88.0,23.4,1008.4,5.4,0.0,19,0,0,ERA5 - Bhubaneswar (Post-Monsoon Autumn)
0.0,86.0,23.5,1008.0,5.5,0.0,20,0,0,ERA5 - Bhubaneswar (Post-Monsoon Autumn)
0.0,88.0,23.2,1007.5,6.8,0.0,21,0,0,ERA5 - Bhubaneswar (Post-Monsoon Autumn)
0.0,88.0,23.2,1007.4,7.2,0.0,22,0,0,ERA5 - Bhubaneswar (Post-Monsoon Autumn)
0.0,89.0,23.0,1007.5,7.6,0.0,23,0,0,ERA5 - Bhubaneswar (Post-Monsoon Autumn)
0.0,89.0,25.9,1000.6,6.2,0.0,0,0,0,ERA5 - Bhubaneswar (Mild Summer)
0.0,90.0,27.8,1001.4,3.6,0.0,1,0,0,ERA5 - Bhubaneswar (Mild Summer)
0.0,81.0,30.1,1002.1,3.0,0.0,2,0,0,ERA5 - Bhubaneswar (Mild Summer)
0.0,70.0,32.7,1002.8,0.5,0.0,3,0,0,ERA5 - Bhubaneswar (Mild Summer)
0.0,59.0,35.1,1002.7,2.7,0.0,4,0,0,ERA5 - Bhubaneswar (Mild Summer)
0.0,51.0,37.1,1002.2,5.9,0.0,5,0,0,ERA5 - Bhubaneswar (Mild Summer)
0.0,42.0,38.9,1001.4,7.6,0.0,6,0,0,ERA5 - Bhubaneswar (Mild Summer)
0.0,34.0,40.2,1000.1,7.8,0.0,7,0,0,ERA5 - Bhubaneswar (Mild Summer)
0.0,25.0,40.8,999.0,7.2,0.0,8,0,0,ERA5 - Bhubaneswar (Mild Summer)
0.0,22.0,41.2,998.0,1.6,0.0,9,0,0,ERA5 - Bhubaneswar (Mild Summer)
0.0,23.0,40.9,997.4,6.5,0.0,10,0,0,ERA5 - Bhubaneswar (Mild Summer)
0.0,47.0,36.8,997.6,19.5,0.0,11,0,0,ERA5 - Bhubaneswar (Mild Summer)
0.0,51.0,35.0,998.0,14.5,0.0,12,0,0,ERA5 - Bhubaneswar (Mild Summer)
0.0,65.0,31.9,999.6,14.2,0.0,13,0,0,ERA5 - Bhubaneswar (Mild Summer)
0.0,74.0,30.3,1000.2,12.6,0.0,14,0,0,ERA5 - Bhubaneswar (Mild Summer)
0.0,79.0,29.2,1001.3,11.7,0.0,15,0,0,ERA5 - Bhubaneswar (Mild Summer)
0.0,80.0,28.7,1001.7,11.2,0.0,16,0,0,ERA5 - Bhubaneswar (Mild Summer)
0.0,81.0,28.4,1001.6,12.2,0.0,17,0,0,ERA5 - Bhubaneswar (Mild Summer)
0.0,82.0,28.0,1000.7,15.8,0.0,18,0,0,ERA5 - Bhubaneswar (Mild Summer)
0.0,81.0,27.9,999.9,16.9,0.0,19,0,0,ERA5 - Bhubaneswar (Mild Summer)
0.0,77.0,27.9,999.3,15.0,0.0,20,0,0,ERA5 - Bhubaneswar (Mild Summer)
0.0,76.0,27.5,999.1,9.4,0.0,21,0,0,ERA5 - Bhubaneswar (Mild Summer)
0.0,84.0,26.0,999.2,8.3,0.0,22,0,0,ERA5 - Bhubaneswar (Mild Summer)
0.0,84.0,26.0,999.8,6.1,0.0,23,0,0,ERA5 - Bhubaneswar (Mild Summer)
0.0,85.0,25.7,1000.5,5.2,0.0,0,0,0,ERA5 - Bhubaneswar (Mild Summer)
0.0,89.0,27.7,1001.1,6.1,0.0,1,0,0,ERA5 - Bhubaneswar (Mild Summer)
0.0,79.0,30.0,1002.0,7.2,0.0,2,0,0,ERA5 - Bhubaneswar (Mild Summer)
0.0,71.0,32.2,1002.7,10.0,0.0,3,0,0,ERA5 - Bhubaneswar (Mild Summer)
0.0,65.0,34.4,1002.4,9.9,0.0,4,0,0,ERA5 - Bhubaneswar (Mild Summer)
0.0,60.0,36.3,1002.1,6.8,0.0,5,0,0,ERA5 - Bhubaneswar (Mild Summer)
0.0,54.0,38.1,1001.3,9.1,0.0,6,0,0,ERA5 - Bhubaneswar (Mild Summer)
0.0,46.0,39.3,1000.0,12.7,0.0,7,0,0,ERA5 - Bhubaneswar (Mild Summer)
0.0,41.0,39.5,999.3,8.4,0.0,8,0,0,ERA5 - Bhubaneswar (Mild Summer)
0.0,39.0,38.4,998.5,16.5,0.0,9,0,0,ERA5 - Bhubaneswar (Mild Summer)
0.0,35.0,38.7,997.8,10.0,0.0,10,0,0,ERA5 - Bhubaneswar (Mild Summer)
0.0,45.0,37.5,997.9,10.6,0.0,11,0,0,ERA5 - Bhubaneswar (Mild Summer)
0.0,58.0,34.2,998.5,16.9,0.0,12,0,0,ERA5 - Bhubaneswar (Mild Summer)
0.0,75.0,30.9,999.3,19.1,0.0,13,0,0,ERA5 - Bhubaneswar (Mild Summer)
0.0,80.0,29.7,1000.1,13.7,0.0,14,0,0,ERA5 - Bhubaneswar (Mild Summer)
0.0,84.0,28.8,1000.9,16.2,0.0,15,0,0,ERA5 - Bhubaneswar (Mild Summer)
0.0,87.0,28.3,1001.4,14.0,0.0,16,0,0,ERA5 - Bhubaneswar (Mild Summer)
0.0,89.0,27.8,1001.9,6.9,0.0,17,0,0,ERA5 - Bhubaneswar (Mild Summer)
0.0,93.0,27.0,1001.3,4.1,0.0,18,0,0,ERA5 - Bhubaneswar (Mild Summer)
0.0,92.0,27.1,1000.5,12.4,0.0,19,0,0,ERA5 - Bhubaneswar (Mild Summer)
0.0,92.0,27.0,999.8,13.8,0.0,20,0,0,ERA5 - Bhubaneswar (Mild Summer)
0.0,90.0,27.0,999.0,13.4,0.0,21,0,0,ERA5 - Bhubaneswar (Mild Summer)
0.0,89.0,26.9,999.1,8.0,0.0,22,0,0,ERA5 - Bhubaneswar (Mild Summer)
0.0,90.0,26.4,999.8,6.3,0.0,23,0,0,ERA5 - Bhubaneswar (Mild Summer)
0.0,86.0,27.0,1000.6,5.6,0.0,0,0,0,ERA5 - Bhubaneswar (Mild Summer)
0.0,84.0,27.9,1001.5,10.3,0.0,1,0,0,ERA5 - Bhubaneswar (Mild Summer)
0.0,77.0,29.6,1002.8,12.4,0.0,2,0,0,ERA5 - Bhubaneswar (Mild Summer)
0.0,72.0,31.5,1003.2,12.8,0.0,3,0,0,ERA5 - Bhubaneswar (Mild Summer)
0.0,66.0,33.2,1003.6,9.8,0.0,4,0,0,ERA5 - Bhubaneswar (Mild Summer)
0.0,58.0,34.6,1002.8,10.7,0.0,5,0,0,ERA5 - Bhubaneswar (Mild Summer)
0.0,53.0,35.9,1001.8,11.2,0.0,6,0,0,ERA5 - Bhubaneswar (Mild Summer)
0.0,45.0,37.4,1000.3,11.9,0.0,7,0,0,ERA5 - Bhubaneswar (Mild Summer)
0.0,40.0,38.1,999.5,13.0,0.0,8,0,0,ERA5 - Bhubaneswar (Mild Summer)
0.0,41.0,37.5,999.2,7.4,0.0,9,0,0,ERA5 - Bhubaneswar (Mild Summer)
0.0,44.0,36.7,999.1,6.4,0.0,10,0,0,ERA5 - Bhubaneswar (Mild Summer)
2.4,53.0,34.0,999.8,15.9,0.0,11,0,0,ERA5 - Bhubaneswar (Mild Summer)
0.0,62.0,31.3,1000.4,8.7,0.0,12,0,0,ERA5 - Bhubaneswar (Mild Summer)
0.0,82.0,26.8,1002.6,4.2,0.0,13,0,0,ERA5 - Bhubaneswar (Mild Summer)
10.7,91.0,25.2,1004.8,12.4,0.0,14,0,0,ERA5 - Bhubaneswar (Mild Summer)
3.6,91.0,25.0,1005.0,11.5,0.0,15,0,0,ERA5 - Bhubaneswar (Mild Summer)
0.0,88.0,25.5,1005.0,7.4,0.0,16,0,0,ERA5 - Bhubaneswar (Mild Summer)
0.0,93.0,25.1,1005.7,3.9,0.0,17,0,0,ERA5 - Bhubaneswar (Mild Summer)
0.0,90.0,25.6,1005.6,3.3,0.0,18,0,0,ERA5 - Bhubaneswar (Mild Summer)
0.0,94.0,24.9,1005.3,2.5,0.0,19,0,0,ERA5 - Bhubaneswar (Mild Summer)
0.0,96.0,24.5,1004.6,4.1,0.0,20,0,0,ERA5 - Bhubaneswar (Mild Summer)
0.0,96.0,24.6,1004.3,4.0,0.0,21,0,0,ERA5 - Bhubaneswar (Mild Summer)
0.0,96.0,24.5,1004.2,4.1,0.0,22,0,0,ERA5 - Bhubaneswar (Mild Summer)
0.0,97.0,24.3,1004.6,4.4,0.0,23,0,0,ERA5 - Bhubaneswar (Mild Summer)
0.0,96.0,24.4,1005.4,4.7,0.0,0,0,0,ERA5 - Bhubaneswar (Mild Summer)
0.0,86.0,25.0,1006.7,4.9,0.0,1,0,0,ERA5 - Bhubaneswar (Mild Summer)
0.0,76.0,26.6,1008.0,11.8,0.0,2,0,0,ERA5 - Bhubaneswar (Mild Summer)
0.0,63.0,28.4,1009.0,16.4,0.0,3,0,0,ERA5 - Bhubaneswar (Mild Summer)
0.0,56.0,29.7,1009.6,24.0,0.0,4,0,0,ERA5 - Bhubaneswar (Mild Summer)
0.0,47.0,30.5,1009.2,23.0,0.0,5,0,0,ERA5 - Bhubaneswar (Mild Summer)
0.0,47.0,32.0,1008.4,18.3,0.0,6,0,0,ERA5 - Bhubaneswar (Mild Summer)
0.0,44.0,32.5,1007.3,20.9,0.0,7,0,0,ERA5 - Bhubaneswar (Mild Summer)
0.0,39.0,33.0,1006.4,21.1,0.0,8,0,0,ERA5 - Bhubaneswar (Mild Summer)
0.0,35.0,33.1,1005.8,25.3,0.0,9,0,0,ERA5 - Bhubaneswar (Mild Summer)
0.0,38.0,31.5,1004.9,18.9,0.0,10,0,0,ERA5 - Bhubaneswar (Mild Summer)
0.0,43.0,30.1,1004.5,13.8,0.0,11,0,0,ERA5 - Bhubaneswar (Mild Summer)
0.0,52.0,28.3,1005.0,8.1,0.0,12,0,0,ERA5 - Bhubaneswar (Mild Summer)
0.0,57.0,27.6,1004.9,7.6,0.0,13,0,0,ERA5 - Bhubaneswar (Mild Summer)
0.0,58.0,27.0,1005.6,10.6,0.0,14,0,0,ERA5 - Bhubaneswar (Mild Summer)
0.0,61.0,26.1,1006.4,11.0,0.0,15,0,0,ERA5 - Bhubaneswar (Mild Summer)
0.0,62.0,25.4,1006.6,9.2,0.0,16,0,0,ERA5 - Bhubaneswar (Mild Summer)
0.0,61.0,25.1,1006.7,11.1,0.0,17,0,0,ERA5 - Bhubaneswar (Mild Summer)
0.0,61.0,24.8,1006.1,12.1,0.0,18,0,0,ERA5 - Bhubaneswar (Mild Summer)
0.0,62.0,24.3,1005.3,12.1,0.0,19,0,0,ERA5 - Bhubaneswar (Mild Summer)
0.0,64.0,24.2,1005.0,13.2,0.0,20,0,0,ERA5 - Bhubaneswar (Mild Summer)
0.0,65.0,24.2,1005.1,14.6,0.0,21,0,0,ERA5 - Bhubaneswar (Mild Summer)
0.0,63.0,24.5,1005.4,19.1,0.0,22,0,0,ERA5 - Bhubaneswar (Mild Summer)
0.0,60.0,25.0,1005.9,23.2,0.0,23,0,0,ERA5 - Bhubaneswar (Mild Summer)
0.0,62.0,24.9,1006.2,25.0,0.0,0,0,0,ERA5 - Bhubaneswar (Mild Summer)
0.0,66.0,25.3,1006.6,15.5,0.0,1,0,0,ERA5 - Bhubaneswar (Mild Summer)
0.0,66.0,26.4,1008.3,10.3,0.0,2,0,0,ERA5 - Bhubaneswar (Mild Summer)
0.0,62.0,28.3,1008.2,11.5,0.0,3,0,0,ERA5 - Bhubaneswar (Mild Summer)
0.0,55.0,30.4,1008.1,12.8,0.0,4,0,0,ERA5 - Bhubaneswar (Mild Summer)
0.0,49.0,32.1,1007.9,11.1,0.0,5,0,0,ERA5 - Bhubaneswar (Mild Summer)
0.0,45.0,33.7,1007.3,9.2,0.0,6,0,0,ERA5 - Bhubaneswar (Mild Summer)
0.0,40.0,34.5,1006.3,6.7,0.0,7,0,0,ERA5 - Bhubaneswar (Mild Summer)
0.0,36.0,35.5,1005.0,6.4,0.0,8,0,0,ERA5 - Bhubaneswar (Mild Summer)
0.0,31.0,36.0,1003.9,10.2,0.0,9,0,0,ERA5 - Bhubaneswar (Mild Summer)
0.0,31.0,35.6,1003.3,12.9,0.0,10,0,0,ERA5 - Bhubaneswar (Mild Summer)
0.0,42.0,34.0,1003.1,9.7,0.0,11,0,0,ERA5 - Bhubaneswar (Mild Summer)
0.0,53.0,31.5,1003.2,5.9,0.0,12,0,0,ERA5 - Bhubaneswar (Mild Summer)
0.0,49.0,31.5,1004.5,2.2,0.0,13,0,0,ERA5 - Bhubaneswar (Mild Summer)
0.0,67.0,27.8,1005.3,5.9,0.0,14,0,0,ERA5 - Bhubaneswar (Mild Summer)
0.0,59.0,27.9,1005.9,8.9,0.0,15,0,0,ERA5 - Bhubaneswar (Mild Summer)
0.0,61.0,26.4,1006.5,9.2,0.0,16,0,0,ERA5 - Bhubaneswar (Mild Summer)
0.0,59.0,26.7,1006.6,6.5,0.0,17,0,0,ERA5 - Bhubaneswar (Mild Summer)
0.0,66.0,25.3,1006.2,3.7,0.0,18,0,0,ERA5 - Bhubaneswar (Mild Summer)
0.0,72.0,24.0,1005.2,4.4,0.0,19,0,0,ERA5 - Bhubaneswar (Mild Summer)
0.0,72.0,23.6,1004.9,6.3,0.0,20,0,0,ERA5 - Bhubaneswar (Mild Summer)
0.0,72.0,23.2,1004.3,6.0,0.0,21,0,0,ERA5 - Bhubaneswar (Mild Summer)
0.0,76.0,22.9,1004.5,5.9,0.0,22,0,0,ERA5 - Bhubaneswar (Mild Summer)
0.0,77.0,23.0,1004.9,6.2,0.0,23,0,0,ERA5 - Bhubaneswar (Mild Summer)
0.0,78.0,23.2,1005.8,6.3,0.0,0,0,0,ERA5 - Bhubaneswar (Mild Summer)
0.0,73.0,25.4,1006.3,8.9,0.0,1,0,0,ERA5 - Bhubaneswar (Mild Summer)
0.0,66.0,28.3,1007.2,6.3,0.0,2,0,0,ERA5 - Bhubaneswar (Mild Summer)
0.0,58.0,30.8,1007.8,8.2,0.0,3,0,0,ERA5 - Bhubaneswar (Mild Summer)
0.0,51.0,32.6,1007.4,7.4,0.0,4,0,0,ERA5 - Bhubaneswar (Mild Summer)
0.0,48.0,33.3,1007.1,4.8,0.0,5,0,0,ERA5 - Bhubaneswar (Mild Summer)
0.0,43.0,34.3,1006.3,4.3,0.0,6,0,0,ERA5 - Bhubaneswar (Mild Summer)
0.0,38.0,35.3,1005.4,4.5,0.0,7,0,0,ERA5 - Bhubaneswar (Mild Summer)
0.0,35.0,35.9,1004.2,2.4,0.0,8,0,0,ERA5 - Bhubaneswar (Mild Summer)
0.0,34.0,36.1,1003.2,2.3,0.0,9,0,0,ERA5 - Bhubaneswar (Mild Summer)
0.1,37.0,34.7,1003.2,4.0,0.0,10,0,0,ERA5 - Bhubaneswar (Mild Summer)
0.0,42.0,33.2,1003.0,6.8,0.0,11,0,0,ERA5 - Bhubaneswar (Mild Summer)
0.0,53.0,30.8,1003.1,4.1,0.0,12,0,0,ERA5 - Bhubaneswar (Mild Summer)
0.0,58.0,31.0,1003.5,6.3,0.0,13,0,0,ERA5 - Bhubaneswar (Mild Summer)
0.0,64.0,28.8,1004.2,6.4,0.0,14,0,0,ERA5 - Bhubaneswar (Mild Summer)
0.0,64.0,28.1,1005.2,7.0,0.0,15,0,0,ERA5 - Bhubaneswar (Mild Summer)
0.0,67.0,27.1,1006.0,5.6,0.0,16,0,0,ERA5 - Bhubaneswar (Mild Summer)
0.0,70.0,26.5,1006.2,5.9,0.0,17,0,0,ERA5 - Bhubaneswar (Mild Summer)
0.0,72.0,26.1,1006.0,6.9,0.0,18,0,0,ERA5 - Bhubaneswar (Mild Summer)
0.0,73.0,25.9,1005.4,8.2,0.0,19,0,0,ERA5 - Bhubaneswar (Mild Summer)
0.0,73.0,25.9,1004.9,9.2,0.0,20,0,0,ERA5 - Bhubaneswar (Mild Summer)
0.0,75.0,25.7,1004.4,9.4,0.0,21,0,0,ERA5 - Bhubaneswar (Mild Summer)
0.0,75.0,25.5,1004.3,7.4,0.0,22,0,0,ERA5 - Bhubaneswar (Mild Summer)
0.0,76.0,25.1,1004.7,5.8,0.0,23,0,0,ERA5 - Bhubaneswar (Mild Summer)
0.0,80.0,7.2,853.6,10.9,0.0,0,0,0,ERA5 - Shillong (Winter)
0.0,76.0,7.0,853.8,12.1,0.0,1,0,0,ERA5 - Shillong (Winter)
0.0,66.0,9.3,855.8,12.5,0.0,2,0,0,ERA5 - Shillong (Winter)
0.0,51.0,11.7,857.7,9.9,0.0,3,0,0,ERA5 - Shillong (Winter)
0.0,43.0,13.4,858.4,8.7,0.0,4,0,0,ERA5 - Shillong (Winter)
0.0,41.0,14.6,858.1,8.0,0.0,5,0,0,ERA5 - Shillong (Winter)
0.0,44.0,15.3,857.3,7.5,0.0,6,0,0,ERA5 - Shillong (Winter)
0.0,42.0,16.0,856.5,6.6,0.0,7,0,0,ERA5 - Shillong (Winter)
0.0,39.0,16.3,855.7,6.5,0.0,8,0,0,ERA5 - Shillong (Winter)
0.0,39.0,15.6,855.3,4.2,0.0,9,0,0,ERA5 - Shillong (Winter)
0.0,45.0,14.1,855.0,2.9,0.0,10,0,0,ERA5 - Shillong (Winter)
0.0,56.0,12.0,854.6,1.8,0.0,11,0,0,ERA5 - Shillong (Winter)
0.0,69.0,10.2,854.6,1.5,0.0,12,0,0,ERA5 - Shillong (Winter)
0.0,72.0,9.9,855.2,1.6,0.0,13,0,0,ERA5 - Shillong (Winter)
0.0,68.0,9.7,855.5,1.8,0.0,14,0,0,ERA5 - Shillong (Winter)
0.0,83.0,7.1,854.7,5.0,0.0,15,0,0,ERA5 - Shillong (Winter)
0.0,85.0,6.8,855.0,5.8,0.0,16,0,0,ERA5 - Shillong (Winter)
0.0,83.0,6.2,854.6,8.6,0.0,17,0,0,ERA5 - Shillong (Winter)
0.0,80.0,5.9,854.3,9.4,0.0,18,0,0,ERA5 - Shillong (Winter)
0.0,80.0,6.6,854.7,9.7,0.0,19,0,0,ERA5 - Shillong (Winter)
0.0,89.0,6.1,854.0,10.6,0.0,20,0,0,ERA5 - Shillong (Winter)
0.0,81.0,6.1,853.6,11.3,0.0,21,0,0,ERA5 - Shillong (Winter)
0.0,75.0,6.3,853.5,12.2,0.0,22,0,0,ERA5 - Shillong (Winter)
0.0,82.0,6.3,853.8,11.8,0.0,23,0,0,ERA5 - Shillong (Winter)
0.0,86.0,5.6,854.3,11.3,0.0,0,0,0,ERA5 - Shillong (Winter)
0.0,86.0,7.0,856.3,12.1,0.0,1,0,0,ERA5 - Shillong (Winter)
0.0,79.0,8.5,857.5,15.2,0.0,2,0,0,ERA5 - Shillong (Winter)
0.0,65.0,10.5,858.8,19.5,0.0,3,0,0,ERA5 - Shillong (Winter)
0.0,54.0,12.4,859.7,17.3,0.0,4,0,0,ERA5 - Shillong (Winter)
0.0,47.0,14.3,859.3,15.7,0.0,5,0,0,ERA5 - Shillong (Winter)
0.0,43.0,15.3,858.6,15.3,0.0,6,0,0,ERA5 - Shillong (Winter)
0.0,43.0,15.3,857.7,14.1,0.0,7,0,0,ERA5 - Shillong (Winter)
0.0,42.0,15.5,857.1,13.0,0.0,8,0,0,ERA5 - Shillong (Winter)
0.0,42.0,15.1,856.6,10.8,0.0,9,0,0,ERA5 - Shillong (Winter)
0.0,49.0,14.0,856.2,8.0,0.0,10,0,0,ERA5 - Shillong (Winter)
0.0,68.0,11.8,855.8,1.8,0.0,11,0,0,ERA5 - Shillong (Winter)
0.0,69.0,10.4,856.1,3.8,0.0,12,0,0,ERA5 - Shillong (Winter)
0.0,83.0,8.5,855.7,4.1,0.0,13,0,0,ERA5 - Shillong (Winter)
0.0,88.0,7.0,855.7,4.8,0.0,14,0,0,ERA5 - Shillong (Winter)
0.0,86.0,8.2,856.9,5.5,0.0,15,0,0,ERA5 - Shillong (Winter)
0.0,88.0,8.1,857.1,8.4,0.0,16,0,0,ERA5 - Shillong (Winter)
0.0,88.0,7.7,856.9,8.5,0.0,17,0,0,ERA5 - Shillong (Winter)
0.0,89.0,7.7,856.5,8.8,0.0,18,0,0,ERA5 - Shillong (Winter)
0.0,90.0,7.5,856.1,8.7,0.0,19,0,0,ERA5 - Shillong (Winter)
0.0,91.0,7.3,855.5,6.6,0.0,20,0,0,ERA5 - Shillong (Winter)
0.0,95.0,6.6,854.7,6.2,0.0,21,0,0,ERA5 - Shillong (Winter)
0.0,96.0,5.4,854.0,6.6,0.0,22,0,0,ERA5 - Shillong (Winter)
0.0,96.0,4.5,853.7,8.7,0.0,23,0,0,ERA5 - Shillong (Winter)
0.0,95.0,4.8,854.2,4.4,0.0,0,0,0,ERA5 - Shillong (Winter)
0.0,93.0,4.2,855.0,4.1,0.0,1,0,0,ERA5 - Shillong (Winter)
0.0,86.0,7.0,857.1,5.4,0.0,2,0,0,ERA5 - Shillong (Winter)
0.0,67.0,9.3,858.2,4.4,0.0,3,0,0,ERA5 - Shillong (Winter)
0.0,56.0,11.2,859.1,4.9,0.0,4,0,0,ERA5 - Shillong (Winter)
0.0,48.0,12.7,859.0,5.2,0.0,5,0,0,ERA5 - Shillong (Winter)
0.0,45.0,13.8,858.4,7.6,0.0,6,0,0,ERA5 - Shillong (Winter)
0.0,43.0,14.2,857.8,10.9,0.0,7,0,0,ERA5 - Shillong (Winter)
0.0,44.0,14.2,856.9,11.4,0.0,8,0,0,ERA5 - Shillong (Winter)
0.0,44.0,14.0,856.6,8.5,0.0,9,0,0,ERA5 - Shillong (Winter)
0.0,47.0,12.8,856.1,4.7,0.0,10,0,0,ERA5 - Shillong (Winter)
0.0,73.0,10.3,855.6,3.2,0.0,11,0,0,ERA5 - Shillong (Winter)
0.0,71.0,6.7,854.7,7.4,0.0,12,0,0,ERA5 - Shillong (Winter)
0.0,70.0,6.1,855.2,4.1,0.0,13,0,0,ERA5 - Shillong (Winter)
0.0,74.0,5.3,855.5,4.6,0.0,14,0,0,ERA5 - Shillong (Winter)
0.0,81.0,4.2,855.3,5.6,0.0,15,0,0,ERA5 - Shillong (Winter)
0.0,80.0,3.1,854.9,7.0,0.0,16,0,0,ERA5 - Shillong (Winter)
0.0,58.0,2.9,854.8,6.9,0.0,17,0,0,ERA5 - Shillong (Winter)
0.0,40.0,2.9,854.4,6.0,0.0,18,0,0,ERA5 - Shillong (Winter)
0.0,33.0,2.8,854.0,4.2,0.0,19,0,0,ERA5 - Shillong (Winter)
0.0,29.0,3.1,853.8,3.8,0.0,20,0,0,ERA5 - Shillong (Winter)
0.0,25.0,3.1,853.5,4.8,0.0,21,0,0,ERA5 - Shillong (Winter)
0.0,24.0,2.9,853.2,7.6,0.0,22,0,0,ERA5 - Shillong (Winter)
0.0,24.0,3.2,853.4,10.2,0.0,23,0,0,ERA5 - Shillong (Winter)
0.0,47.0,3.4,854.3,11.6,0.0,0,0,0,ERA5 - Shillong (Winter)
0.0,44.0,3.4,855.1,9.2,0.0,1,0,0,ERA5 - Shillong (Winter)
0.0,42.0,6.0,857.3,7.3,0.0,2,0,0,ERA5 - Shillong (Winter)
0.0,32.0,9.6,859.9,2.5,0.0,3,0,0,ERA5 - Shillong (Winter)
0.0,27.0,11.7,861.1,0.8,0.0,4,0,0,ERA5 - Shillong (Winter)
0.0,30.0,13.1,861.1,3.1,0.0,5,0,0,ERA5 - Shillong (Winter)
0.0,37.0,13.8,860.5,6.0,0.0,6,0,0,ERA5 - Shillong (Winter)
0.0,42.0,14.4,859.5,6.2,0.0,7,0,0,ERA5 - Shillong (Winter)
0.0,42.0,14.6,858.7,5.4,0.0,8,0,0,ERA5 - Shillong (Winter)
0.0,42.0,14.0,858.1,6.3,0.0,9,0,0,ERA5 - Shillong (Winter)
0.0,46.0,12.7,857.6,5.2,0.0,10,0,0,ERA5 - Shillong (Winter)
0.0,68.0,10.3,856.8,3.6,0.0,11,0,0,ERA5 - Shillong (Winter)
0.0,58.0,9.4,857.8,3.3,0.0,12,0,0,ERA5 - Shillong (Winter)
0.0,71.0,8.2,858.5,4.9,0.0,13,0,0,ERA5 - Shillong (Winter)
0.0,85.0,7.2,859.0,3.1,0.0,14,0,0,ERA5 - Shillong (Winter)
0.0,94.0,4.8,858.1,4.0,0.0,15,0,0,ERA5 - Shillong (Winter)
0.0,91.0,6.2,859.0,2.3,0.0,16,0,0,ERA5 - Shillong (Winter)
0.0,88.0,7.7,860.0,2.5,0.0,17,0,0,ERA5 - Shillong (Winter)
0.0,91.0,7.3,859.6,1.4,0.0,18,0,0,ERA5 - Shillong (Winter)
0.0,93.0,6.7,858.8,1.3,0.0,19,0,0,ERA5 - Shillong (Winter)
0.0,100.0,3.1,856.3,1.8,0.0,20,0,0,ERA5 - Shillong (Winter)
0.0,99.0,3.4,855.9,2.0,0.0,21,0,0,ERA5 - Shillong (Winter)
0.0,99.0,2.8,855.1,2.5,0.0,22,0,0,ERA5 - Shillong (Winter)
0.0,100.0,2.2,854.7,2.5,0.0,23,0,0,ERA5 - Shillong (Winter)
0.0,100.0,0.5,854.0,1.5,0.0,0,0,0,ERA5 - Shillong (Winter)
0.0,86.0,2.8,855.7,0.8,0.0,1,0,0,ERA5 - Shillong (Winter)
0.0,71.0,6.9,858.6,0.4,0.0,2,0,0,ERA5 - Shillong (Winter)
0.0,52.0,10.8,861.0,3.5,0.0,3,0,0,ERA5 - Shillong (Winter)
0.0,46.0,12.3,861.6,4.0,0.0,4,0,0,ERA5 - Shillong (Winter)
0.0,42.0,13.6,861.5,3.7,0.0,5,0,0,ERA5 - Shillong (Winter)
0.0,40.0,14.6,860.9,3.4,0.0,6,0,0,ERA5 - Shillong (Winter)
0.0,40.0,15.0,859.8,4.8,0.0,7,0,0,ERA5 - Shillong (Winter)
0.0,42.0,15.0,858.9,6.2,0.0,8,0,0,ERA5 - Shillong (Winter)
0.0,45.0,14.4,858.4,6.8,0.0,9,0,0,ERA5 - Shillong (Winter)
0.0,53.0,13.2,858.0,4.8,0.0,10,0,0,ERA5 - Shillong (Winter)
0.0,72.0,11.1,857.6,3.0,0.0,11,0,0,ERA5 - Shillong (Winter)
0.0,82.0,8.4,857.0,6.8,0.0,12,0,0,ERA5 - Shillong (Winter)
0.0,85.0,8.6,857.7,5.9,0.0,13,0,0,ERA5 - Shillong (Winter)
0.0,87.0,9.0,858.6,3.2,0.0,14,0,0,ERA5 - Shillong (Winter)
0.0,91.0,7.3,858.2,3.3,0.0,15,0,0,ERA5 - Shillong (Winter)
0.0,92.0,5.6,857.4,2.8,0.0,16,0,0,ERA5 - Shillong (Winter)
0.0,90.0,5.6,857.2,3.3,0.0,17,0,0,ERA5 - Shillong (Winter)
0.0,88.0,5.2,856.7,3.1,0.0,18,0,0,ERA5 - Shillong (Winter)
0.0,82.0,6.3,856.6,2.5,0.0,19,0,0,ERA5 - Shillong (Winter)
0.0,69.0,10.0,857.9,2.1,0.0,20,0,0,ERA5 - Shillong (Winter)
0.0,72.0,9.4,857.1,1.3,0.0,21,0,0,ERA5 - Shillong (Winter)
0.0,83.0,5.8,855.1,1.5,0.0,22,0,0,ERA5 - Shillong (Winter)
0.0,89.0,3.3,853.9,2.3,0.0,23,0,0,ERA5 - Shillong (Winter)
0.0,83.0,4.3,854.9,2.8,0.0,0,0,0,ERA5 - Shillong (Winter)
0.0,81.0,4.4,855.6,1.5,0.0,1,0,0,ERA5 - Shillong (Winter)
0.0,69.0,8.8,859.0,1.8,0.0,2,0,0,ERA5 - Shillong (Winter)
0.0,61.0,11.0,860.7,2.9,0.0,3,0,0,ERA5 - Shillong (Winter)
0.0,54.0,12.9,861.7,3.5,0.0,4,0,0,ERA5 - Shillong (Winter)
0.0,50.0,14.2,861.6,4.6,0.0,5,0,0,ERA5 - Shillong (Winter)
0.0,49.0,15.2,861.0,5.9,0.0,6,0,0,ERA5 - Shillong (Winter)
0.0,47.0,15.8,860.2,6.4,0.0,7,0,0,ERA5 - Shillong (Winter)
0.0,47.0,15.8,859.2,7.4,0.0,8,0,0,ERA5 - Shillong (Winter)
0.0,48.0,15.5,858.7,7.3,0.0,9,0,0,ERA5 - Shillong (Winter)
0.0,54.0,14.4,858.5,5.8,0.0,10,0,0,ERA5 - Shillong (Winter)
0.0,75.0,11.8,857.9,3.3,0.0,11,0,0,ERA5 - Shillong (Winter)
0.0,72.0,11.1,858.2,3.4,0.0,12,0,0,ERA5 - Shillong (Winter)
0.0,76.0,10.6,858.3,2.5,0.0,13,0,0,ERA5 - Shillong (Winter)
0.0,83.0,8.6,857.8,2.6,0.0,14,0,0,ERA5 - Shillong (Winter)
0.0,87.0,6.6,857.1,4.0,0.0,15,0,0,ERA5 - Shillong (Winter)
0.0,83.0,7.0,857.2,3.7,0.0,16,0,0,ERA5 - Shillong (Winter)
0.0,79.0,6.8,856.8,5.4,0.0,17,0,0,ERA5 - Shillong (Winter)
0.0,71.0,6.8,856.3,6.7,0.0,18,0,0,ERA5 - Shillong (Winter)
0.0,64.0,7.0,856.0,7.7,0.0,19,0,0,ERA5 - Shillong (Winter)
0.0,62.0,6.8,855.3,9.0,0.0,20,0,0,ERA5 - Shillong (Winter)
0.0,60.0,7.0,854.9,9.9,0.0,21,0,0,ERA5 - Shillong (Winter)
0.0,61.0,6.9,854.5,9.7,0.0,22,0,0,ERA5 - Shillong (Winter)
0.0,62.0,6.7,854.4,8.4,0.0,23,0,0,ERA5 - Shillong (Winter)
0.0,72.0,9.8,857.7,7.1,0.0,0,0,0,ERA5 - Shillong (Pre-Monsoon Spring)
0.0,58.0,12.2,859.4,5.8,0.0,1,0,0,ERA5 - Shillong (Pre-Monsoon Spring)
0.0,46.0,16.8,862.7,5.4,0.0,2,0,0,ERA5 - Shillong (Pre-Monsoon Spring)
0.0,33.0,19.3,864.1,5.1,0.0,3,0,0,ERA5 - Shillong (Pre-Monsoon Spring)
0.0,32.0,20.4,864.5,6.2,0.0,4,0,0,ERA5 - Shillong (Pre-Monsoon Spring)
0.0,30.0,21.8,864.6,7.2,0.0,5,0,0,ERA5 - Shillong (Pre-Monsoon Spring)
0.0,28.0,23.0,864.0,9.0,0.0,6,0,0,ERA5 - Shillong (Pre-Monsoon Spring)
0.0,28.0,23.4,863.0,9.7,0.0,7,0,0,ERA5 - Shillong (Pre-Monsoon Spring)
0.0,27.0,23.2,862.2,8.3,0.0,8,0,0,ERA5 - Shillong (Pre-Monsoon Spring)
0.0,28.0,22.7,861.4,5.4,0.0,9,0,0,ERA5 - Shillong (Pre-Monsoon Spring)
0.0,29.0,22.2,861.0,3.9,0.0,10,0,0,ERA5 - Shillong (Pre-Monsoon Spring)
0.0,36.0,20.6,860.8,3.6,0.0,11,0,0,ERA5 - Shillong (Pre-Monsoon Spring)
0.0,64.0,17.6,860.4,3.4,0.0,12,0,0,ERA5 - Shillong (Pre-Monsoon Spring)
0.0,73.0,15.5,859.8,3.9,0.0,13,0,0,ERA5 - Shillong (Pre-Monsoon Spring)
0.0,57.0,15.7,860.7,5.1,0.0,14,0,0,ERA5 - Shillong (Pre-Monsoon Spring)
0.0,59.0,14.6,860.9,6.6,0.0,15,0,0,ERA5 - Shillong (Pre-Monsoon Spring)
0.0,73.0,12.7,860.3,6.6,0.0,16,0,0,ERA5 - Shillong (Pre-Monsoon Spring)
0.0,74.0,12.3,860.3,4.7,0.0,17,0,0,ERA5 - Shillong (Pre-Monsoon Spring)
0.0,71.0,12.6,860.3,5.1,0.0,18,0,0,ERA5 - Shillong (Pre-Monsoon Spring)
0.0,66.0,12.6,859.9,7.3,0.0,19,0,0,ERA5 - Shillong (Pre-Monsoon Spring)
0.0,59.0,13.0,859.5,8.0,0.0,20,0,0,ERA5 - Shillong (Pre-Monsoon Spring)
0.0,58.0,13.0,858.9,7.3,0.0,21,0,0,ERA5 - Shillong (Pre-Monsoon Spring)
0.0,61.0,12.5,858.4,6.6,0.0,22,0,0,ERA5 - Shillong (Pre-Monsoon Spring)
0.0,64.0,12.0,858.4,6.2,0.0,23,0,0,ERA5 - Shillong (Pre-Monsoon Spring)
0.0,73.0,11.3,858.9,9.2,0.0,0,0,0,ERA5 - Shillong (Pre-Monsoon Spring)
0.0,63.0,13.7,860.8,7.3,0.0,1,0,0,ERA5 - Shillong (Pre-Monsoon Spring)
0.0,52.0,17.4,863.5,5.9,0.0,2,0,0,ERA5 - Shillong (Pre-Monsoon Spring)
0.0,42.0,19.2,864.5,6.4,0.0,3,0,0,ERA5 - Shillong (Pre-Monsoon Spring)
0.0,37.0,20.6,864.9,7.7,0.0,4,0,0,ERA5 - Shillong (Pre-Monsoon Spring)
0.0,33.0,21.8,865.1,10.6,0.0,5,0,0,ERA5 - Shillong (Pre-Monsoon Spring)
0.0,32.0,22.5,864.5,13.0,0.0,6,0,0,ERA5 - Shillong (Pre-Monsoon Spring)
0.0,31.0,23.5,863.7,11.8,0.0,7,0,0,ERA5 - Shillong (Pre-Monsoon Spring)
0.0,30.0,23.8,862.6,12.3,0.0,8,0,0,ERA5 - Shillong (Pre-Monsoon Spring)
0.0,33.0,22.0,861.9,8.0,0.0,9,0,0,ERA5 - Shillong (Pre-Monsoon Spring)
0.0,35.0,21.4,861.7,8.8,0.0,10,0,0,ERA5 - Shillong (Pre-Monsoon Spring)
0.0,37.0,20.5,861.3,8.4,0.0,11,0,0,ERA5 - Shillong (Pre-Monsoon Spring)
0.0,49.0,17.7,860.8,7.0,0.0,12,0,0,ERA5 - Shillong (Pre-Monsoon Spring)
0.0,58.0,15.2,860.3,6.1,0.0,13,0,0,ERA5 - Shillong (Pre-Monsoon Spring)
0.0,56.0,15.0,861.1,4.9,0.0,14,0,0,ERA5 - Shillong (Pre-Monsoon Spring)
0.0,59.0,14.5,861.6,5.8,0.0,15,0,0,ERA5 - Shillong (Pre-Monsoon Spring)
0.0,63.0,14.4,861.9,6.9,0.0,16,0,0,ERA5 - Shillong (Pre-Monsoon Spring)
0.0,67.0,14.0,861.7,7.1,0.0,17,0,0,ERA5 - Shillong (Pre-Monsoon Spring)
0.0,67.0,13.6,861.4,7.8,0.0,18,0,0,ERA5 - Shillong (Pre-Monsoon Spring)
0.0,62.0,13.6,860.8,9.0,0.0,19,0,0,ERA5 - Shillong (Pre-Monsoon Spring)
0.0,59.0,13.9,860.1,9.0,0.0,20,0,0,ERA5 - Shillong (Pre-Monsoon Spring)
0.0,58.0,13.8,859.5,8.3,0.0,21,0,0,ERA5 - Shillong (Pre-Monsoon Spring)
0.0,58.0,13.4,859.0,7.2,0.0,22,0,0,ERA5 - Shillong (Pre-Monsoon Spring)
0.0,58.0,13.1,859.1,6.8,0.0,23,0,0,ERA5 - Shillong (Pre-Monsoon Spring)
0.0,60.0,11.9,859.4,9.0,0.0,0,0,0,ERA5 - Shillong (Pre-Monsoon Spring)
0.0,51.0,15.2,861.9,5.9,0.0,1,0,0,ERA5 - Shillong (Pre-Monsoon Spring)
0.0,41.0,18.4,864.2,6.9,0.0,2,0,0,ERA5 - Shillong (Pre-Monsoon Spring)
0.0,38.0,19.9,864.9,6.3,0.0,3,0,0,ERA5 - Shillong (Pre-Monsoon Spring)
0.0,36.0,21.0,865.1,5.4,0.0,4,0,0,ERA5 - Shillong (Pre-Monsoon Spring)
0.0,35.0,22.1,865.0,5.8,0.0,5,0,0,ERA5 - Shillong (Pre-Monsoon Spring)
0.0,33.0,23.0,864.1,5.2,0.0,6,0,0,ERA5 - Shillong (Pre-Monsoon Spring)
0.4,38.0,20.6,862.4,4.3,0.0,7,0,0,ERA5 - Shillong (Pre-Monsoon Spring)
1.2,44.0,19.6,861.8,11.2,0.0,8,0,0,ERA5 - Shillong (Pre-Monsoon Spring)
0.0,35.0,21.1,861.1,9.1,0.0,9,0,0,ERA5 - Shillong (Pre-Monsoon Spring)
0.0,38.0,20.5,861.0,6.6,0.0,10,0,0,ERA5 - Shillong (Pre-Monsoon Spring)
0.0,41.0,20.4,860.9,3.4,0.0,11,0,0,ERA5 - Shillong (Pre-Monsoon Spring)
0.0,90.0,12.9,859.3,1.5,0.0,12,0,0,ERA5 - Shillong (Pre-Monsoon Spring)
0.0,82.0,14.0,859.0,7.9,0.0,13,0,0,ERA5 - Shillong (Pre-Monsoon Spring)
0.0,79.0,13.8,859.7,4.8,0.0,14,0,0,ERA5 - Shillong (Pre-Monsoon Spring)
0.0,71.0,13.4,860.1,6.5,0.0,15,0,0,ERA5 - Shillong (Pre-Monsoon Spring)
0.0,63.0,14.1,860.8,6.5,0.0,16,0,0,ERA5 - Shillong (Pre-Monsoon Spring)
0.0,67.0,13.5,860.5,6.9,0.0,17,0,0,ERA5 - Shillong (Pre-Monsoon Spring)
0.0,71.0,12.5,859.9,8.4,0.0,18,0,0,ERA5 - Shillong (Pre-Monsoon Spring)
0.0,71.0,12.7,859.6,5.8,0.0,19,0,0,ERA5 - Shillong (Pre-Monsoon Spring)
0.0,73.0,12.2,858.5,4.5,0.0,20,0,0,ERA5 - Shillong (Pre-Monsoon Spring)
0.0,67.0,12.8,858.3,2.7,0.0,21,0,0,ERA5 - Shillong (Pre-Monsoon Spring)
0.0,51.0,16.4,859.9,1.0,0.0,22,0,0,ERA5 - Shillong (Pre-Monsoon Spring)
0.0,48.0,17.1,860.6,1.9,0.0,23,0,0,ERA5 - Shillong (Pre-Monsoon Spring)
0.0,75.0,12.1,858.9,3.3,0.0,0,0,0,ERA5 - Shillong (Pre-Monsoon Spring)
0.0,74.0,14.2,860.4,2.9,0.0,1,0,0,ERA5 - Shillong (Pre-Monsoon Spring)
0.0,54.0,18.0,862.8,2.2,0.0,2,0,0,ERA5 - Shillong (Pre-Monsoon Spring)
0.0,49.0,19.4,863.6,4.6,0.0,3,0,0,ERA5 - Shillong (Pre-Monsoon Spring)
0.0,43.0,21.0,863.9,5.7,0.0,4,0,0,ERA5 - Shillong (Pre-Monsoon Spring)
0.0,38.0,22.4,863.6,6.5,0.0,5,0,0,ERA5 - Shillong (Pre-Monsoon Spring)
0.0,35.0,23.5,862.8,7.1,0.0,6,0,0,ERA5 - Shillong (Pre-Monsoon Spring)
0.0,33.0,24.4,861.6,6.4,0.0,7,0,0,ERA5 - Shillong (Pre-Monsoon Spring)
0.0,33.0,24.2,860.4,4.6,0.0,8,0,0,ERA5 - Shillong (Pre-Monsoon Spring)
0.8,47.0,20.3,859.5,14.0,0.0,9,0,0,ERA5 - Shillong (Pre-Monsoon Spring)
2.0,73.0,16.6,857.9,3.2,0.0,10,0,0,ERA5 - Shillong (Pre-Monsoon Spring)
0.0,60.0,18.2,858.8,2.9,0.0,11,0,0,ERA5 - Shillong (Pre-Monsoon Spring)
0.0,68.0,16.9,857.4,6.9,0.0,12,0,0,ERA5 - Shillong (Pre-Monsoon Spring)
0.0,71.0,15.3,857.1,3.4,0.0,13,0,0,ERA5 - Shillong (Pre-Monsoon Spring)
0.0,72.0,14.3,857.3,5.1,0.0,14,0,0,ERA5 - Shillong (Pre-Monsoon Spring)
0.0,70.0,14.0,857.9,7.2,0.0,15,0,0,ERA5 - Shillong (Pre-Monsoon Spring)
0.0,68.0,14.3,858.5,7.0,0.0,16,0,0,ERA5 - Shillong (Pre-Monsoon Spring)
0.0,76.0,13.7,858.0,6.8,0.0,17,0,0,ERA5 - Shillong (Pre-Monsoon Spring)
0.0,81.0,13.1,857.6,6.8,0.0,18,0,0,ERA5 - Shillong (Pre-Monsoon Spring)
0.0,82.0,12.4,857.0,6.9,0.0,19,0,0,ERA5 - Shillong (Pre-Monsoon Spring)
0.0,81.0,12.5,856.4,5.5,0.0,20,0,0,ERA5 - Shillong (Pre-Monsoon Spring)
0.0,81.0,12.5,856.1,5.2,0.0,21,0,0,ERA5 - Shillong (Pre-Monsoon Spring)
0.0,82.0,12.1,855.6,4.2,0.0,22,0,0,ERA5 - Shillong (Pre-Monsoon Spring)
0.0,81.0,11.9,855.7,4.4,0.0,23,0,0,ERA5 - Shillong (Pre-Monsoon Spring)
0.0,85.0,11.5,856.1,3.1,0.0,0,0,0,ERA5 - Shillong (Pre-Monsoon Spring)
0.0,74.0,14.1,858.2,4.7,0.0,1,0,0,ERA5 - Shillong (Pre-Monsoon Spring)
0.0,58.0,18.3,860.6,3.6,0.0,2,0,0,ERA5 - Shillong (Pre-Monsoon Spring)
0.0,46.0,20.2,861.4,6.4,0.0,3,0,0,ERA5 - Shillong (Pre-Monsoon Spring)
0.0,33.0,22.1,861.8,8.6,0.0,4,0,0,ERA5 - Shillong (Pre-Monsoon Spring)
0.0,27.0,23.6,861.4,11.8,0.0,5,0,0,ERA5 - Shillong (Pre-Monsoon Spring)
0.0,29.0,23.7,860.6,12.0,0.0,6,0,0,ERA5 - Shillong (Pre-Monsoon Spring)
0.1,33.0,23.0,859.4,11.1,0.0,7,0,0,ERA5 - Shillong (Pre-Monsoon Spring)
0.0,38.0,21.8,858.1,8.9,0.0,8,0,0,ERA5 - Shillong (Pre-Monsoon Spring)
1.7,55.0,19.7,857.1,11.9,0.0,9,0,0,ERA5 - Shillong (Pre-Monsoon Spring)
0.0,53.0,19.2,856.2,10.4,0.0,10,0,0,ERA5 - Shillong (Pre-Monsoon Spring)
0.0,56.0,18.5,856.9,10.5,0.0,11,0,0,ERA5 - Shillong (Pre-Monsoon Spring)
0.0,71.0,15.7,855.9,10.2,0.0,12,0,0,ERA5 - Shillong (Pre-Monsoon Spring)
0.0,73.0,15.7,856.2,10.7,0.0,13,0,0,ERA5 - Shillong (Pre-Monsoon Spring)
0.0,74.0,15.6,857.1,11.5,0.0,14,0,0,ERA5 - Shillong (Pre-Monsoon Spring)
0.0,79.0,14.8,857.2,12.3,0.0,15,0,0,ERA5 - Shillong (Pre-Monsoon Spring)
0.0,83.0,14.3,857.1,13.0,0.0,16,0,0,ERA5 - Shillong (Pre-Monsoon Spring)
0.0,76.0,14.7,856.9,12.7,0.0,17,0,0,ERA5 - Shillong (Pre-Monsoon Spring)
0.0,72.0,14.7,856.6,11.5,0.0,18,0,0,ERA5 - Shillong (Pre-Monsoon Spring)
0.0,73.0,14.2,856.2,10.8,0.0,19,0,0,ERA5 - Shillong (Pre-Monsoon Spring)
0.0,75.0,13.7,855.7,11.9,0.0,20,0,0,ERA5 - Shillong (Pre-Monsoon Spring)
0.0,76.0,13.4,855.2,13.1,0.0,21,0,0,ERA5 - Shillong (Pre-Monsoon Spring)
0.0,78.0,12.8,855.0,12.5,0.0,22,0,0,ERA5 - Shillong (Pre-Monsoon Spring)
0.0,79.0,12.9,855.4,13.0,0.0,23,0,0,ERA5 - Shillong (Pre-Monsoon Spring)
0.0,91.0,13.1,856.1,13.4,0.0,0,0,0,ERA5 - Shillong (Pre-Monsoon Spring)
0.0,87.0,14.2,857.9,14.9,0.0,1,0,0,ERA5 - Shillong (Pre-Monsoon Spring)
0.0,69.0,17.7,859.5,13.0,0.0,2,0,0,ERA5 - Shillong (Pre-Monsoon Spring)
0.6,61.0,18.5,860.2,11.7,0.0,3,0,0,ERA5 - Shillong (Pre-Monsoon Spring)
0.5,69.0,17.0,860.4,7.9,0.0,4,0,0,ERA5 - Shillong (Pre-Monsoon Spring)
1.2,73.0,16.8,859.7,14.5,0.0,5,0,0,ERA5 - Shillong (Pre-Monsoon Spring)
0.1,67.0,18.0,859.6,11.1,0.0,6,0,0,ERA5 - Shillong (Pre-Monsoon Spring)
0.3,67.0,16.5,858.4,18.1,0.0,7,0,0,ERA5 - Shillong (Pre-Monsoon Spring)
0.0,67.0,17.5,856.7,16.5,0.0,8,0,0,ERA5 - Shillong (Pre-Monsoon Spring)
2.4,73.0,15.5,857.1,13.0,0.0,9,0,0,ERA5 - Shillong (Pre-Monsoon Spring)
0.2,82.0,14.8,855.9,17.6,0.0,10,0,0,ERA5 - Shillong (Pre-Monsoon Spring)
0.0,81.0,14.6,856.2,19.3,0.0,11,0,0,ERA5 - Shillong (Pre-Monsoon Spring)
0.0,72.0,14.3,855.0,18.9,0.0,12,0,0,ERA5 - Shillong (Pre-Monsoon Spring)
0.0,75.0,14.4,855.2,22.9,0.0,13,0,0,ERA5 - Shillong (Pre-Monsoon Spring)
0.0,81.0,13.8,856.0,14.2,0.0,14,0,0,ERA5 - Shillong (Pre-Monsoon Spring)
0.0,90.0,11.9,856.4,4.9,0.0,15,0,0,ERA5 - Shillong (Pre-Monsoon Spring)
0.0,93.0,10.9,856.7,4.6,0.0,16,0,0,ERA5 - Shillong (Pre-Monsoon Spring)
0.0,92.0,11.6,857.1,6.0,0.0,17,0,0,ERA5 - Shillong (Pre-Monsoon Spring)
0.0,93.0,10.7,856.4,4.4,0.0,18,0,0,ERA5 - Shillong (Pre-Monsoon Spring)
0.0,90.0,11.4,855.9,10.5,0.0,19,0,0,ERA5 - Shillong (Pre-Monsoon Spring)
0.0,79.0,12.5,855.7,11.3,0.0,20,0,0,ERA5 - Shillong (Pre-Monsoon Spring)
0.0,77.0,12.8,855.6,9.8,0.0,21,0,0,ERA5 - Shillong (Pre-Monsoon Spring)
0.0,78.0,12.4,855.7,9.5,0.0,22,0,0,ERA5 - Shillong (Pre-Monsoon Spring)
0.0,82.0,11.8,856.1,11.5,0.0,23,0,0,ERA5 - Shillong (Pre-Monsoon Spring)
0.0,87.0,14.2,857.6,3.6,0.0,0,0,0,ERA5 - Shillong (Post-Monsoon Autumn)
0.0,86.0,16.1,859.7,3.7,0.0,1,0,0,ERA5 - Shillong (Post-Monsoon Autumn)
0.0,80.0,18.5,861.4,2.1,0.0,2,0,0,ERA5 - Shillong (Post-Monsoon Autumn)
0.0,74.0,19.7,862.1,4.1,0.0,3,0,0,ERA5 - Shillong (Post-Monsoon Autumn)
0.1,68.0,20.6,862.2,6.8,0.0,4,0,0,ERA5 - Shillong (Post-Monsoon Autumn)
0.1,65.0,21.3,861.6,6.8,0.0,5,0,0,ERA5 - Shillong (Post-Monsoon Autumn)
0.2,61.0,21.8,860.9,5.8,0.0,6,0,0,ERA5 - Shillong (Post-Monsoon Autumn)
0.2,64.0,21.5,859.9,4.2,0.0,7,0,0,ERA5 - Shillong (Post-Monsoon Autumn)
0.1,66.0,21.1,858.7,3.3,0.0,8,0,0,ERA5 - Shillong (Post-Monsoon Autumn)
0.1,69.0,20.7,858.0,4.4,0.0,9,0,0,ERA5 - Shillong (Post-Monsoon Autumn)
0.2,73.0,20.1,857.8,4.9,0.0,10,0,0,ERA5 - Shillong (Post-Monsoon Autumn)
0.0,84.0,18.7,857.9,4.0,0.0,11,0,0,ERA5 - Shillong (Post-Monsoon Autumn)
0.0,93.0,16.9,857.8,5.4,0.0,12,0,0,ERA5 - Shillong (Post-Monsoon Autumn)
0.0,89.0,16.9,858.5,4.9,0.0,13,0,0,ERA5 - Shillong (Post-Monsoon Autumn)
0.0,84.0,17.8,859.9,4.8,0.0,14,0,0,ERA5 - Shillong (Post-Monsoon Autumn)
0.0,89.0,16.6,860.0,4.1,0.0,15,0,0,ERA5 - Shillong (Post-Monsoon Autumn)
0.0,93.0,14.9,859.0,3.7,0.0,16,0,0,ERA5 - Shillong (Post-Monsoon Autumn)
0.0,94.0,14.0,858.4,4.1,0.0,17,0,0,ERA5 - Shillong (Post-Monsoon Autumn)
0.0,92.0,14.0,858.0,4.1,0.0,18,0,0,ERA5 - Shillong (Post-Monsoon Autumn)
0.0,92.0,13.8,857.6,4.2,0.0,19,0,0,ERA5 - Shillong (Post-Monsoon Autumn)
0.0,91.0,14.0,857.5,2.8,0.0,20,0,0,ERA5 - Shillong (Post-Monsoon Autumn)
0.0,92.0,14.1,857.5,1.8,0.0,21,0,0,ERA5 - Shillong (Post-Monsoon Autumn)
0.0,93.0,13.9,857.5,1.8,0.0,22,0,0,ERA5 - Shillong (Post-Monsoon Autumn)
0.0,93.0,13.6,857.7,2.6,0.0,23,0,0,ERA5 - Shillong (Post-Monsoon Autumn)
0.0,91.0,14.8,859.5,3.9,0.0,0,0,0,ERA5 - Shillong (Post-Monsoon Autumn)
0.0,88.0,17.0,861.2,3.8,0.0,1,0,0,ERA5 - Shillong (Post-Monsoon Autumn)
0.0,79.0,19.0,862.9,2.9,0.0,2,0,0,ERA5 - Shillong (Post-Monsoon Autumn)
0.0,73.0,20.2,863.6,5.2,0.0,3,0,0,ERA5 - Shillong (Post-Monsoon Autumn)
0.0,65.0,21.2,863.5,6.0,0.0,4,0,0,ERA5 - Shillong (Post-Monsoon Autumn)
0.0,60.0,22.1,863.2,5.9,0.0,5,0,0,ERA5 - Shillong (Post-Monsoon Autumn)
0.0,58.0,22.7,862.3,6.4,0.0,6,0,0,ERA5 - Shillong (Post-Monsoon Autumn)
0.0,55.0,22.9,861.3,6.2,0.0,7,0,0,ERA5 - Shillong (Post-Monsoon Autumn)
0.0,60.0,22.4,860.4,8.1,0.0,8,0,0,ERA5 - Shillong (Post-Monsoon Autumn)
0.0,67.0,21.7,859.8,8.7,0.0,9,0,0,ERA5 - Shillong (Post-Monsoon Autumn)
0.1,76.0,20.4,859.6,9.5,0.0,10,0,0,ERA5 - Shillong (Post-Monsoon Autumn)
0.1,84.0,19.0,859.4,6.9,0.0,11,0,0,ERA5 - Shillong (Post-Monsoon Autumn)
0.0,91.0,17.7,859.7,5.4,0.0,12,0,0,ERA5 - Shillong (Post-Monsoon Autumn)
0.1,94.0,16.9,860.0,7.2,0.0,13,0,0,ERA5 - Shillong (Post-Monsoon Autumn)
0.0,91.0,18.0,861.1,1.1,0.0,14,0,0,ERA5 - Shillong (Post-Monsoon Autumn)
0.0,91.0,17.5,861.0,2.4,0.0,15,0,0,ERA5 - Shillong (Post-Monsoon Autumn)
0.0,92.0,16.3,860.4,2.1,0.0,16,0,0,ERA5 - Shillong (Post-Monsoon Autumn)
0.0,90.0,16.8,860.6,1.3,0.0,17,0,0,ERA5 - Shillong (Post-Monsoon Autumn)
0.0,99.0,14.1,859.0,1.0,0.0,18,0,0,ERA5 - Shillong (Post-Monsoon Autumn)
0.0,99.0,14.6,859.0,1.5,0.0,19,0,0,ERA5 - Shillong (Post-Monsoon Autumn)
0.0,99.0,13.6,858.1,3.3,0.0,20,0,0,ERA5 - Shillong (Post-Monsoon Autumn)
0.0,99.0,12.6,857.2,4.3,0.0,21,0,0,ERA5 - Shillong (Post-Monsoon Autumn)
0.0,98.0,11.8,856.8,5.9,0.0,22,0,0,ERA5 - Shillong (Post-Monsoon Autumn)
0.0,85.0,12.3,857.6,6.6,0.0,23,0,0,ERA5 - Shillong (Post-Monsoon Autumn)
0.0,70.0,13.7,859.5,7.7,0.0,0,0,0,ERA5 - Shillong (Post-Monsoon Autumn)
0.0,77.0,15.5,860.9,9.5,0.0,1,0,0,ERA5 - Shillong (Post-Monsoon Autumn)
0.0,65.0,19.6,863.7,6.6,0.0,2,0,0,ERA5 - Shillong (Post-Monsoon Autumn)
0.0,50.0,21.1,864.5,4.3,0.0,3,0,0,ERA5 - Shillong (Post-Monsoon Autumn)
0.0,42.0,22.0,864.4,3.7,0.0,4,0,0,ERA5 - Shillong (Post-Monsoon Autumn)
0.0,41.0,22.6,863.8,4.2,0.0,5,0,0,ERA5 - Shillong (Post-Monsoon Autumn)
0.0,43.0,22.9,862.6,5.5,0.0,6,0,0,ERA5 - Shillong (Post-Monsoon Autumn)
0.0,46.0,22.9,861.5,5.5,0.0,7,0,0,ERA5 - Shillong (Post-Monsoon Autumn)
0.0,49.0,22.8,860.8,5.4,0.0,8,0,0,ERA5 - Shillong (Post-Monsoon Autumn)
0.0,51.0,22.2,860.1,5.4,0.0,9,0,0,ERA5 - Shillong (Post-Monsoon Autumn)
0.0,58.0,21.1,859.8,4.3,0.0,10,0,0,ERA5 - Shillong (Post-Monsoon Autumn)
0.0,70.0,19.4,859.8,3.1,0.0,11,0,0,ERA5 - Shillong (Post-Monsoon Autumn)
0.0,89.0,16.3,859.3,5.9,0.0,12,0,0,ERA5 - Shillong (Post-Monsoon Autumn)
0.0,90.0,15.0,859.3,4.8,0.0,13,0,0,ERA5 - Shillong (Post-Monsoon Autumn)
0.0,88.0,14.8,859.7,3.3,0.0,14,0,0,ERA5 - Shillong (Post-Monsoon Autumn)
0.0,88.0,14.7,859.8,2.1,0.0,15,0,0,ERA5 - Shillong (Post-Monsoon Autumn)
0.0,87.0,14.2,859.7,2.6,0.0,16,0,0,ERA5 - Shillong (Post-Monsoon Autumn)
0.0,85.0,13.8,859.3,3.6,0.0,17,0,0,ERA5 - Shillong (Post-Monsoon Autumn)
0.0,68.0,17.9,861.2,1.0,0.0,18,0,0,ERA5 - Shillong (Post-Monsoon Autumn)
0.0,70.0,18.3,861.2,1.5,0.0,19,0,0,ERA5 - Shillong (Post-Monsoon Autumn)
0.0,75.0,18.1,860.9,2.8,0.0,20,0,0,ERA5 - Shillong (Post-Monsoon Autumn)
0.0,76.0,17.9,860.7,2.6,0.0,21,0,0,ERA5 - Shillong (Post-Monsoon Autumn)
0.0,76.0,17.7,860.7,3.7,0.0,22,0,0,ERA5 - Shillong (Post-Monsoon Autumn)
0.0,81.0,15.0,859.7,4.8,0.0,23,0,0,ERA5 - Shillong (Post-Monsoon Autumn)
0.0,89.0,13.2,859.5,5.6,0.0,0,0,0,ERA5 - Shillong (Post-Monsoon Autumn)
0.0,82.0,16.8,861.6,4.5,0.0,1,0,0,ERA5 - Shillong (Post-Monsoon Autumn)
0.0,67.0,18.8,863.3,4.3,0.0,2,0,0,ERA5 - Shillong (Post-Monsoon Autumn)
0.0,59.0,20.0,864.0,0.8,0.0,3,0,0,ERA5 - Shillong (Post-Monsoon Autumn)
0.0,59.0,20.8,864.0,3.8,0.0,4,0,0,ERA5 - Shillong (Post-Monsoon Autumn)
0.0,59.0,21.3,863.6,5.9,0.0,5,0,0,ERA5 - Shillong (Post-Monsoon Autumn)
0.2,59.0,21.4,862.5,8.3,0.0,6,0,0,ERA5 - Shillong (Post-Monsoon Autumn)
0.5,62.0,21.3,861.5,6.5,0.0,7,0,0,ERA5 - Shillong (Post-Monsoon Autumn)
0.4,63.0,21.2,860.9,3.4,0.0,8,0,0,ERA5 - Shillong (Post-Monsoon Autumn)
0.2,64.0,20.7,860.3,3.2,0.0,9,0,0,ERA5 - Shillong (Post-Monsoon Autumn)
0.1,69.0,20.0,859.8,3.3,0.0,10,0,0,ERA5 - Shillong (Post-Monsoon Autumn)
0.0,88.0,18.6,859.6,1.9,0.0,11,0,0,ERA5 - Shillong (Post-Monsoon Autumn)
0.0,89.0,16.5,859.4,4.1,0.0,12,0,0,ERA5 - Shillong (Post-Monsoon Autumn)
0.2,91.0,16.2,859.9,4.8,0.0,13,0,0,ERA5 - Shillong (Post-Monsoon Autumn)
0.1,93.0,15.7,860.0,4.2,0.0,14,0,0,ERA5 - Shillong (Post-Monsoon Autumn)
0.0,92.0,15.1,860.3,4.1,0.0,15,0,0,ERA5 - Shillong (Post-Monsoon Autumn)
0.0,92.0,14.7,860.1,3.9,0.0,16,0,0,ERA5 - Shillong (Post-Monsoon Autumn)
0.0,92.0,14.2,859.7,3.7,0.0,17,0,0,ERA5 - Shillong (Post-Monsoon Autumn)
0.0,91.0,14.0,859.5,2.9,0.0,18,0,0,ERA5 - Shillong (Post-Monsoon Autumn)
0.0,91.0,13.6,859.0,2.4,0.0,19,0,0,ERA5 - Shillong (Post-Monsoon Autumn)
0.0,91.0,13.2,858.6,2.6,0.0,20,0,0,ERA5 - Shillong (Post-Monsoon Autumn)
0.0,89.0,13.1,858.4,4.1,0.0,21,0,0,ERA5 - Shillong (Post-Monsoon Autumn)
0.0,87.0,13.0,858.4,5.4,0.0,22,0,0,ERA5 - Shillong (Post-Monsoon Autumn)
0.0,86.0,13.1,858.8,5.1,0.0,23,0,0,ERA5 - Shillong (Post-Monsoon Autumn)
0.0,93.0,13.4,859.7,2.8,0.0,0,0,0,ERA5 - Shillong (Post-Monsoon Autumn)
0.0,93.0,15.5,861.4,2.8,0.0,1,0,0,ERA5 - Shillong (Post-Monsoon Autumn)
0.0,80.0,18.2,863.2,1.1,0.0,2,0,0,ERA5 - Shillong (Post-Monsoon Autumn)
0.0,73.0,19.5,864.0,0.7,0.0,3,0,0,ERA5 - Shillong (Post-Monsoon Autumn)
0.1,67.0,20.5,864.1,3.8,0.0,4,0,0,ERA5 - Shillong (Post-Monsoon Autumn)
0.2,65.0,20.8,863.8,5.4,0.0,5,0,0,ERA5 - Shillong (Post-Monsoon Autumn)
0.3,68.0,20.0,862.8,6.6,0.0,6,0,0,ERA5 - Shillong (Post-Monsoon Autumn)
0.4,65.0,20.5,862.3,5.2,0.0,7,0,0,ERA5 - Shillong (Post-Monsoon Autumn)
0.4,66.0,20.5,861.5,3.7,0.0,8,0,0,ERA5 - Shillong (Post-Monsoon Autumn)
0.2,64.0,20.6,861.0,2.4,0.0,9,0,0,ERA5 - Shillong (Post-Monsoon Autumn)
0.1,67.0,19.9,860.4,3.3,0.0,10,0,0,ERA5 - Shillong (Post-Monsoon Autumn)
0.0,82.0,18.3,860.0,4.5,0.0,11,0,0,ERA5 - Shillong (Post-Monsoon Autumn)
0.0,86.0,17.4,860.5,4.3,0.0,12,0,0,ERA5 - Shillong (Post-Monsoon Autumn)
0.0,87.0,17.5,861.1,3.6,0.0,13,0,0,ERA5 - Shillong (Post-Monsoon Autumn)
0.1,89.0,17.4,861.9,2.2,0.0,14,0,0,ERA5 - Shillong (Post-Monsoon Autumn)
0.0,93.0,15.1,861.2,3.6,0.0,15,0,0,ERA5 - Shillong (Post-Monsoon Autumn)
0.0,91.0,14.4,861.1,2.9,0.0,16,0,0,ERA5 - Shillong (Post-Monsoon Autumn)
0.0,88.0,14.8,861.3,2.6,0.0,17,0,0,ERA5 - Shillong (Post-Monsoon Autumn)
0.0,92.0,13.1,860.2,4.7,0.0,18,0,0,ERA5 - Shillong (Post-Monsoon Autumn)
0.0,93.0,12.8,859.7,4.0,0.0,19,0,0,ERA5 - Shillong (Post-Monsoon Autumn)
0.0,85.0,15.5,860.6,2.9,0.0,20,0,0,ERA5 - Shillong (Post-Monsoon Autumn)
0.0,82.0,16.8,861.2,3.7,0.0,21,0,0,ERA5 - Shillong (Post-Monsoon Autumn)
0.0,81.0,16.8,861.4,3.0,0.0,22,0,0,ERA5 - Shillong (Post-Monsoon Autumn)
0.0,78.0,16.9,861.8,2.2,0.0,23,0,0,ERA5 - Shillong (Post-Monsoon Autumn)
0.0,89.0,15.4,861.6,2.1,0.0,0,0,0,ERA5 - Shillong (Post-Monsoon Autumn)
0.0,90.0,16.7,862.7,3.6,0.0,1,0,0,ERA5 - Shillong (Post-Monsoon Autumn)
0.0,83.0,18.2,864.0,4.2,0.0,2,0,0,ERA5 - Shillong (Post-Monsoon Autumn)
0.0,75.0,19.5,864.8,4.6,0.0,3,0,0,ERA5 - Shillong (Post-Monsoon Autumn)
0.2,65.0,20.4,864.7,5.5,0.0,4,0,0,ERA5 - Shillong (Post-Monsoon Autumn)
0.2,60.0,20.8,864.3,4.4,0.0,5,0,0,ERA5 - Shillong (Post-Monsoon Autumn)
0.2,59.0,21.0,863.4,5.3,0.0,6,0,0,ERA5 - Shillong (Post-Monsoon Autumn)
0.2,58.0,21.3,862.5,4.2,0.0,7,0,0,ERA5 - Shillong (Post-Monsoon Autumn)
0.1,58.0,21.1,861.5,5.5,0.0,8,0,0,ERA5 - Shillong (Post-Monsoon Autumn)
0.1,61.0,20.7,860.9,4.9,0.0,9,0,0,ERA5 - Shillong (Post-Monsoon Autumn)
0.0,70.0,19.3,860.5,7.5,0.0,10,0,0,ERA5 - Shillong (Post-Monsoon Autumn)
0.0,87.0,17.4,860.3,4.9,0.0,11,0,0,ERA5 - Shillong (Post-Monsoon Autumn)
0.0,86.0,17.5,860.8,2.6,0.0,12,0,0,ERA5 - Shillong (Post-Monsoon Autumn)
0.0,88.0,16.2,860.9,4.0,0.0,13,0,0,ERA5 - Shillong (Post-Monsoon Autumn)
0.0,75.0,18.2,862.6,2.0,0.0,14,0,0,ERA5 - Shillong (Post-Monsoon Autumn)
0.0,72.0,18.7,863.3,1.8,0.0,15,0,0,ERA5 - Shillong (Post-Monsoon Autumn)
0.0,73.0,18.4,863.2,2.2,0.0,16,0,0,ERA5 - Shillong (Post-Monsoon Autumn)
0.0,76.0,17.7,863.0,2.6,0.0,17,0,0,ERA5 - Shillong (Post-Monsoon Autumn)
0.0,81.0,17.0,862.9,1.9,0.0,18,0,0,ERA5 - Shillong (Post-Monsoon Autumn)
0.0,85.0,16.5,862.5,0.5,0.0,19,0,0,ERA5 - Shillong (Post-Monsoon Autumn)
0.0,87.0,16.2,861.9,1.3,0.0,20,0,0,ERA5 - Shillong (Post-Monsoon Autumn)
0.0,89.0,16.1,861.5,2.3,0.0,21,0,0,ERA5 - Shillong (Post-Monsoon Autumn)
0.0,98.0,12.4,859.4,3.9,0.0,22,0,0,ERA5 - Shillong (Post-Monsoon Autumn)
0.0,98.0,12.1,859.3,3.9,0.0,23,0,0,ERA5 - Shillong (Post-Monsoon Autumn)
0.0,87.0,18.1,855.5,14.5,0.0,0,0,0,ERA5 - Shillong (Mild Summer)
0.0,90.0,18.7,856.5,15.8,0.0,1,0,0,ERA5 - Shillong (Mild Summer)
0.0,83.0,20.0,858.2,12.3,0.0,2,0,0,ERA5 - Shillong (Mild Summer)
0.0,69.0,22.0,858.8,15.1,0.0,3,0,0,ERA5 - Shillong (Mild Summer)
0.0,61.0,23.4,859.0,16.1,0.0,4,0,0,ERA5 - Shillong (Mild Summer)
0.0,44.0,25.4,859.3,20.1,0.0,5,0,0,ERA5 - Shillong (Mild Summer)
0.0,37.0,26.1,858.7,19.4,0.0,6,0,0,ERA5 - Shillong (Mild Summer)
0.0,36.0,26.4,857.9,21.7,0.0,7,0,0,ERA5 - Shillong (Mild Summer)
0.0,37.0,26.0,856.8,20.3,0.0,8,0,0,ERA5 - Shillong (Mild Summer)
0.0,36.0,25.5,855.9,20.5,0.0,9,0,0,ERA5 - Shillong (Mild Summer)
0.0,40.0,24.6,855.6,18.8,0.0,10,0,0,ERA5 - Shillong (Mild Summer)
0.0,52.0,23.0,855.4,13.0,0.0,11,0,0,ERA5 - Shillong (Mild Summer)
0.0,69.0,20.7,855.2,6.9,0.0,12,0,0,ERA5 - Shillong (Mild Summer)
0.0,80.0,19.5,855.4,12.7,0.0,13,0,0,ERA5 - Shillong (Mild Summer)
0.0,87.0,18.9,855.6,13.2,0.0,14,0,0,ERA5 - Shillong (Mild Summer)
0.0,83.0,19.0,856.1,14.5,0.0,15,0,0,ERA5 - Shillong (Mild Summer)
0.0,87.0,18.4,856.2,15.0,0.0,16,0,0,ERA5 - Shillong (Mild Summer)
0.0,81.0,18.8,856.2,17.4,0.0,17,0,0,ERA5 - Shillong (Mild Summer)
0.0,70.0,19.3,856.1,20.8,0.0,18,0,0,ERA5 - Shillong (Mild Summer)
0.0,73.0,18.8,855.4,19.0,0.0,19,0,0,ERA5 - Shillong (Mild Summer)
0.0,78.0,18.6,854.9,18.6,0.0,20,0,0,ERA5 - Shillong (Mild Summer)
0.0,80.0,18.5,854.6,19.5,0.0,21,0,0,ERA5 - Shillong (Mild Summer)
0.0,79.0,18.6,854.6,19.1,0.0,22,0,0,ERA5 - Shillong (Mild Summer)
0.0,76.0,18.8,854.9,19.7,0.0,23,0,0,ERA5 - Shillong (Mild Summer)
0.0,76.0,18.7,855.3,19.9,0.0,0,0,0,ERA5 - Shillong (Mild Summer)
0.0,72.0,19.8,856.8,18.1,0.0,1,0,0,ERA5 - Shillong (Mild Summer)
0.0,73.0,20.9,858.1,17.3,0.0,2,0,0,ERA5 - Shillong (Mild Summer)
0.0,61.0,22.5,858.8,20.4,0.0,3,0,0,ERA5 - Shillong (Mild Summer)
0.0,54.0,23.8,859.1,22.0,0.0,4,0,0,ERA5 - Shillong (Mild Summer)
0.0,49.0,24.8,859.2,23.0,0.0,5,0,0,ERA5 - Shillong (Mild Summer)
0.0,49.0,25.0,858.7,22.9,0.0,6,0,0,ERA5 - Shillong (Mild Summer)
0.0,45.0,25.5,857.7,23.0,0.0,7,0,0,ERA5 - Shillong (Mild Summer)
0.2,45.0,25.1,856.9,24.7,0.0,8,0,0,ERA5 - Shillong (Mild Summer)
0.3,49.0,24.8,856.0,21.9,0.0,9,0,0,ERA5 - Shillong (Mild Summer)
0.0,52.0,24.0,855.3,23.0,0.0,10,0,0,ERA5 - Shillong (Mild Summer)
0.0,59.0,23.0,855.2,19.4,0.0,11,0,0,ERA5 - Shillong (Mild Summer)
0.0,70.0,21.5,855.2,18.7,0.0,12,0,0,ERA5 - Shillong (Mild Summer)
0.0,69.0,20.3,856.0,17.3,0.0,13,0,0,ERA5 - Shillong (Mild Summer)
0.0,57.0,20.7,856.6,20.4,0.0,14,0,0,ERA5 - Shillong (Mild Summer)
0.0,59.0,20.3,857.3,18.1,0.0,15,0,0,ERA5 - Shillong (Mild Summer)
0.0,63.0,20.0,857.2,18.1,0.0,16,0,0,ERA5 - Shillong (Mild Summer)
0.0,57.0,20.0,856.9,19.5,0.0,17,0,0,ERA5 - Shillong (Mild Summer)
0.0,64.0,19.5,856.3,18.8,0.0,18,0,0,ERA5 - Shillong (Mild Summer)
0.0,79.0,18.8,855.6,18.6,0.0,19,0,0,ERA5 - Shillong (Mild Summer)
0.0,81.0,18.7,855.1,19.1,0.0,20,0,0,ERA5 - Shillong (Mild Summer)
0.0,77.0,19.0,855.0,19.4,0.0,21,0,0,ERA5 - Shillong (Mild Summer)
0.0,72.0,19.2,855.2,19.7,0.0,22,0,0,ERA5 - Shillong (Mild Summer)
0.0,63.0,19.3,855.6,20.1,0.0,23,0,0,ERA5 - Shillong (Mild Summer)
0.0,50.0,19.9,856.3,20.8,0.0,0,0,0,ERA5 - Shillong (Mild Summer)
0.0,58.0,21.0,857.6,21.7,0.0,1,0,0,ERA5 - Shillong (Mild Summer)
0.0,58.0,23.0,858.8,20.6,0.0,2,0,0,ERA5 - Shillong (Mild Summer)
0.0,43.0,25.0,859.9,25.1,0.0,3,0,0,ERA5 - Shillong (Mild Summer)
0.0,34.0,26.1,860.4,28.9,0.0,4,0,0,ERA5 - Shillong (Mild Summer)
0.0,27.0,27.2,860.9,32.3,0.0,5,0,0,ERA5 - Shillong (Mild Summer)
0.0,32.0,26.3,860.0,29.4,0.0,6,0,0,ERA5 - Shillong (Mild Summer)
0.0,29.0,26.8,858.9,28.4,0.0,7,0,0,ERA5 - Shillong (Mild Summer)
0.0,37.0,25.4,857.8,23.6,0.0,8,0,0,ERA5 - Shillong (Mild Summer)
0.0,52.0,23.4,856.9,23.5,0.0,9,0,0,ERA5 - Shillong (Mild Summer)
0.0,46.0,23.7,856.4,20.5,0.0,10,0,0,ERA5 - Shillong (Mild Summer)
0.0,47.0,23.0,856.1,19.0,0.0,11,0,0,ERA5 - Shillong (Mild Summer)
0.0,58.0,21.5,856.3,20.7,0.0,12,0,0,ERA5 - Shillong (Mild Summer)
0.0,81.0,19.1,857.2,16.4,0.0,13,0,0,ERA5 - Shillong (Mild Summer)
0.0,87.0,18.4,857.3,16.5,0.0,14,0,0,ERA5 - Shillong (Mild Summer)
0.0,90.0,18.1,858.2,14.8,0.0,15,0,0,ERA5 - Shillong (Mild Summer)
0.0,91.0,18.1,858.2,16.7,0.0,16,0,0,ERA5 - Shillong (Mild Summer)
0.0,89.0,18.3,858.1,15.2,0.0,17,0,0,ERA5 - Shillong (Mild Summer)
0.0,90.0,18.3,858.2,15.1,0.0,18,0,0,ERA5 - Shillong (Mild Summer)
0.0,81.0,18.8,858.2,15.3,0.0,19,0,0,ERA5 - Shillong (Mild Summer)
0.0,73.0,18.8,857.7,14.0,0.0,20,0,0,ERA5 - Shillong (Mild Summer)
0.0,73.0,18.5,857.5,14.1,0.0,21,0,0,ERA5 - Shillong (Mild Summer)
0.0,77.0,18.1,857.4,15.0,0.0,22,0,0,ERA5 - Shillong (Mild Summer)
0.0,79.0,17.9,857.6,11.2,0.0,23,0,0,ERA5 - Shillong (Mild Summer)
0.0,82.0,17.4,858.1,10.7,0.0,0,0,0,ERA5 - Shillong (Mild Summer)
0.0,61.0,19.0,859.2,13.6,0.0,1,0,0,ERA5 - Shillong (Mild Summer)
0.0,45.0,21.9,861.2,13.9,0.0,2,0,0,ERA5 - Shillong (Mild Summer)
0.0,39.0,22.9,862.0,12.5,0.0,3,0,0,ERA5 - Shillong (Mild Summer)
0.0,30.0,25.1,862.7,14.4,0.0,4,0,0,ERA5 - Shillong (Mild Summer)
0.0,28.0,26.1,862.7,16.9,0.0,5,0,0,ERA5 - Shillong (Mild Summer)
0.0,26.0,26.6,862.4,17.9,0.0,6,0,0,ERA5 - Shillong (Mild Summer)
0.0,29.0,25.5,861.2,19.3,0.0,7,0,0,ERA5 - Shillong (Mild Summer)
0.0,35.0,23.8,860.7,15.0,0.0,8,0,0,ERA5 - Shillong (Mild Summer)
0.0,46.0,22.7,859.9,12.6,0.0,9,0,0,ERA5 - Shillong (Mild Summer)
0.0,50.0,22.5,859.6,10.9,0.0,10,0,0,ERA5 - Shillong (Mild Summer)
0.0,59.0,21.4,859.1,8.7,0.0,11,0,0,ERA5 - Shillong (Mild Summer)
0.0,71.0,19.9,859.1,6.4,0.0,12,0,0,ERA5 - Shillong (Mild Summer)
0.0,57.0,18.1,858.5,10.3,0.0,13,0,0,ERA5 - Shillong (Mild Summer)
0.0,43.0,18.0,858.8,8.9,0.0,14,0,0,ERA5 - Shillong (Mild Summer)
0.0,48.0,16.5,859.0,8.1,0.0,15,0,0,ERA5 - Shillong (Mild Summer)
0.0,54.0,15.9,859.0,8.4,0.0,16,0,0,ERA5 - Shillong (Mild Summer)
0.0,59.0,15.2,858.7,6.9,0.0,17,0,0,ERA5 - Shillong (Mild Summer)
0.0,63.0,14.6,858.1,6.5,0.0,18,0,0,ERA5 - Shillong (Mild Summer)
0.0,65.0,14.5,857.5,7.5,0.0,19,0,0,ERA5 - Shillong (Mild Summer)
0.0,68.0,14.4,856.9,8.8,0.0,20,0,0,ERA5 - Shillong (Mild Summer)
0.0,70.0,14.3,856.5,7.8,0.0,21,0,0,ERA5 - Shillong (Mild Summer)
0.0,67.0,14.3,856.3,5.9,0.0,22,0,0,ERA5 - Shillong (Mild Summer)
0.0,57.0,14.7,856.7,5.1,0.0,23,0,0,ERA5 - Shillong (Mild Summer)
0.0,50.0,15.1,857.2,3.7,0.0,0,0,0,ERA5 - Shillong (Mild Summer)
0.0,51.0,19.2,860.0,11.1,0.0,1,0,0,ERA5 - Shillong (Mild Summer)
0.0,39.0,22.2,862.3,8.0,0.0,2,0,0,ERA5 - Shillong (Mild Summer)
0.0,32.0,23.5,863.3,9.2,0.0,3,0,0,ERA5 - Shillong (Mild Summer)
0.0,30.0,24.8,863.7,8.7,0.0,4,0,0,ERA5 - Shillong (Mild Summer)
0.0,28.0,25.1,863.5,9.4,0.0,5,0,0,ERA5 - Shillong (Mild Summer)
0.0,29.0,25.1,863.2,9.5,0.0,6,0,0,ERA5 - Shillong (Mild Summer)
0.0,31.0,25.1,862.4,9.4,0.0,7,0,0,ERA5 - Shillong (Mild Summer)
0.1,31.0,25.3,861.5,11.6,0.0,8,0,0,ERA5 - Shillong (Mild Summer)
0.0,30.0,24.5,860.6,14.0,0.0,9,0,0,ERA5 - Shillong (Mild Summer)
0.0,35.0,23.6,859.9,14.0,0.0,10,0,0,ERA5 - Shillong (Mild Summer)
0.0,37.0,22.7,859.4,13.2,0.0,11,0,0,ERA5 - Shillong (Mild Summer)
0.0,50.0,20.0,859.0,4.0,0.0,12,0,0,ERA5 - Shillong (Mild Summer)
0.0,55.0,18.8,859.1,8.4,0.0,13,0,0,ERA5 - Shillong (Mild Summer)
0.0,61.0,18.5,859.6,9.5,0.0,14,0,0,ERA5 - Shillong (Mild Summer)
0.0,56.0,17.4,859.7,9.7,0.0,15,0,0,ERA5 - Shillong (Mild Summer)
0.0,47.0,16.4,859.5,11.4,0.0,16,0,0,ERA5 - Shillong (Mild Summer)
0.0,39.0,16.4,859.5,12.1,0.0,17,0,0,ERA5 - Shillong (Mild Summer)
0.0,38.0,16.3,859.2,10.2,0.0,18,0,0,ERA5 - Shillong (Mild Summer)
0.0,41.0,15.9,858.6,9.2,0.0,19,0,0,ERA5 - Shillong (Mild Summer)
0.0,43.0,15.7,858.1,8.0,0.0,20,0,0,ERA5 - Shillong (Mild Summer)
0.0,45.0,15.2,857.3,6.6,0.0,21,0,0,ERA5 - Shillong (Mild Summer)
0.0,44.0,15.1,857.2,6.6,0.0,22,0,0,ERA5 - Shillong (Mild Summer)
0.0,43.0,15.1,857.5,6.6,0.0,23,0,0,ERA5 - Shillong (Mild Summer)
0.0,43.0,15.5,858.0,8.4,0.0,0,0,0,ERA5 - Shillong (Mild Summer)
0.0,48.0,17.9,861.0,7.8,0.0,1,0,0,ERA5 - Shillong (Mild Summer)
0.0,38.0,20.1,862.6,6.2,0.0,2,0,0,ERA5 - Shillong (Mild Summer)
0.0,21.0,22.3,863.4,4.3,0.0,3,0,0,ERA5 - Shillong (Mild Summer)
0.0,19.0,23.9,863.8,3.4,0.0,4,0,0,ERA5 - Shillong (Mild Summer)
0.0,20.0,24.3,863.5,6.4,0.0,5,0,0,ERA5 - Shillong (Mild Summer)
0.0,21.0,25.4,863.1,9.7,0.0,6,0,0,ERA5 - Shillong (Mild Summer)
0.0,20.0,25.5,862.1,11.0,0.0,7,0,0,ERA5 - Shillong (Mild Summer)
0.0,20.0,25.0,861.1,11.6,0.0,8,0,0,ERA5 - Shillong (Mild Summer)
0.0,23.0,23.9,860.5,7.1,0.0,9,0,0,ERA5 - Shillong (Mild Summer)
0.0,27.0,23.1,860.3,3.8,0.0,10,0,0,ERA5 - Shillong (Mild Summer)
0.0,34.0,22.0,859.7,4.7,0.0,11,0,0,ERA5 - Shillong (Mild Summer)
0.0,36.0,21.1,859.9,2.6,0.0,12,0,0,ERA5 - Shillong (Mild Summer)
0.0,72.0,17.7,859.5,9.3,0.0,13,0,0,ERA5 - Shillong (Mild Summer)
0.0,59.0,17.7,859.9,10.7,0.0,14,0,0,ERA5 - Shillong (Mild Summer)
0.0,48.0,16.7,860.4,10.9,0.0,15,0,0,ERA5 - Shillong (Mild Summer)
0.0,64.0,15.7,860.8,5.6,0.0,16,0,0,ERA5 - Shillong (Mild Summer)
0.0,71.0,14.8,860.2,4.5,0.0,17,0,0,ERA5 - Shillong (Mild Summer)
0.0,73.0,14.2,859.7,4.1,0.0,18,0,0,ERA5 - Shillong (Mild Summer)
0.0,69.0,13.8,858.9,3.8,0.0,19,0,0,ERA5 - Shillong (Mild Summer)
0.0,60.0,13.7,858.2,7.7,0.0,20,0,0,ERA5 - Shillong (Mild Summer)
0.0,49.0,14.5,858.2,7.2,0.0,21,0,0,ERA5 - Shillong (Mild Summer)
0.0,44.0,15.6,858.5,6.1,0.0,22,0,0,ERA5 - Shillong (Mild Summer)
0.0,46.0,15.7,858.7,5.4,0.0,23,0,0,ERA5 - Shillong (Mild Summer)
0.0,87.0,22.8,1009.6,7.9,0.0,0,0,0,ERA5 - Kochi (Winter)
0.0,88.0,22.7,1010.2,6.8,0.0,1,0,0,ERA5 - Kochi (Winter)
0.0,85.0,22.8,1011.1,7.6,0.0,2,0,0,ERA5 - Kochi (Winter)
0.0,73.0,24.6,1011.7,5.9,0.0,3,0,0,ERA5 - Kochi (Winter)
0.0,63.0,26.7,1012.0,5.4,0.0,4,0,0,ERA5 - Kochi (Winter)
0.0,59.0,28.1,1011.4,2.0,0.0,5,0,0,ERA5 - Kochi (Winter)
0.0,55.0,29.1,1010.8,5.8,0.0,6,0,0,ERA5 - Kochi (Winter)
0.0,53.0,29.4,1010.0,10.2,0.0,7,0,0,ERA5 - Kochi (Winter)
0.0,53.0,29.2,1009.2,12.7,0.0,8,0,0,ERA5 - Kochi (Winter)
0.0,54.0,28.9,1008.2,12.7,0.0,9,0,0,ERA5 - Kochi (Winter)
0.0,60.0,29.1,1007.6,12.3,0.0,10,0,0,ERA5 - Kochi (Winter)
0.0,63.0,28.7,1007.5,14.8,0.0,11,0,0,ERA5 - Kochi (Winter)
0.0,67.0,27.6,1008.3,15.7,0.0,12,0,0,ERA5 - Kochi (Winter)
0.0,69.0,27.4,1008.8,12.3,0.0,13,0,0,ERA5 - Kochi (Winter)
0.0,71.0,27.1,1009.6,8.7,0.0,14,0,0,ERA5 - Kochi (Winter)
0.0,82.0,25.8,1011.0,2.4,0.0,15,0,0,ERA5 - Kochi (Winter)
0.0,86.0,25.1,1011.3,3.7,0.0,16,0,0,ERA5 - Kochi (Winter)
0.0,89.0,24.7,1011.4,8.3,0.0,17,0,0,ERA5 - Kochi (Winter)
0.0,90.0,24.2,1011.4,6.8,0.0,18,0,0,ERA5 - Kochi (Winter)
0.0,91.0,23.9,1011.0,4.7,0.0,19,0,0,ERA5 - Kochi (Winter)
0.0,92.0,23.6,1010.5,3.9,0.0,20,0,0,ERA5 - Kochi (Winter)
0.0,95.0,23.3,1009.8,2.9,0.0,21,0,0,ERA5 - Kochi (Winter)
0.0,96.0,23.1,1009.5,3.0,0.0,22,0,0,ERA5 - Kochi (Winter)
0.0,95.0,22.8,1009.6,4.7,0.0,23,0,0,ERA5 - Kochi (Winter)
0.0,90.0,22.6,1010.1,6.5,0.0,0,0,0,ERA5 - Kochi (Winter)
0.0,83.0,22.5,1010.6,6.2,0.0,1,0,0,ERA5 - Kochi (Winter)
0.0,77.0,22.8,1011.3,8.0,0.0,2,0,0,ERA5 - Kochi (Winter)
0.0,69.0,24.9,1012.1,7.2,0.0,3,0,0,ERA5 - Kochi (Winter)
0.0,64.0,27.0,1012.5,5.0,0.0,4,0,0,ERA5 - Kochi (Winter)
0.0,58.0,28.6,1012.1,0.4,0.0,5,0,0,ERA5 - Kochi (Winter)
0.0,55.0,29.4,1011.4,4.1,0.0,6,0,0,ERA5 - Kochi (Winter)
0.0,54.0,29.9,1010.6,9.8,0.0,7,0,0,ERA5 - Kochi (Winter)
0.0,54.0,29.6,1009.5,14.5,0.0,8,0,0,ERA5 - Kochi (Winter)
0.0,57.0,29.2,1008.3,16.2,0.0,9,0,0,ERA5 - Kochi (Winter)
0.0,62.0,29.0,1007.8,15.9,0.0,10,0,0,ERA5 - Kochi (Winter)
0.0,68.0,28.7,1007.7,15.8,0.0,11,0,0,ERA5 - Kochi (Winter)
0.0,71.0,28.0,1008.0,13.6,0.0,12,0,0,ERA5 - Kochi (Winter)
0.0,75.0,27.5,1009.0,11.9,0.0,13,0,0,ERA5 - Kochi (Winter)
0.0,73.0,27.3,1010.2,6.1,0.0,14,0,0,ERA5 - Kochi (Winter)
0.0,81.0,26.5,1011.2,4.2,0.0,15,0,0,ERA5 - Kochi (Winter)
0.0,80.0,26.4,1011.9,2.1,0.0,16,0,0,ERA5 - Kochi (Winter)
0.0,85.0,25.7,1012.3,5.1,0.0,17,0,0,ERA5 - Kochi (Winter)
0.0,90.0,25.1,1012.1,4.7,0.0,18,0,0,ERA5 - Kochi (Winter)
0.0,94.0,24.6,1011.8,4.5,0.0,19,0,0,ERA5 - Kochi (Winter)
0.0,97.0,24.0,1011.0,3.4,0.0,20,0,0,ERA5 - Kochi (Winter)
0.0,98.0,23.6,1010.3,2.6,0.0,21,0,0,ERA5 - Kochi (Winter)
0.0,95.0,23.6,1009.8,5.2,0.0,22,0,0,ERA5 - Kochi (Winter)
0.1,92.0,23.3,1009.5,7.2,0.0,23,0,0,ERA5 - Kochi (Winter)
0.0,89.0,23.4,1009.4,7.2,0.0,0,0,0,ERA5 - Kochi (Winter)
0.0,85.0,23.3,1009.9,7.6,0.0,1,0,0,ERA5 - Kochi (Winter)
0.0,79.0,23.5,1010.7,8.7,0.0,2,0,0,ERA5 - Kochi (Winter)
0.0,69.0,25.5,1012.1,6.8,0.0,3,0,0,ERA5 - Kochi (Winter)
0.0,66.0,27.3,1012.9,2.9,0.0,4,0,0,ERA5 - Kochi (Winter)
0.0,65.0,28.3,1013.1,2.5,0.0,5,0,0,ERA5 - Kochi (Winter)
0.0,63.0,29.0,1012.7,7.9,0.0,6,0,0,ERA5 - Kochi (Winter)
0.0,60.0,29.2,1011.9,11.2,0.0,7,0,0,ERA5 - Kochi (Winter)
0.0,57.0,29.2,1010.9,11.9,0.0,8,0,0,ERA5 - Kochi (Winter)
0.0,58.0,29.1,1009.8,10.8,0.0,9,0,0,ERA5 - Kochi (Winter)
0.0,63.0,29.0,1009.3,10.5,0.0,10,0,0,ERA5 - Kochi (Winter)
0.0,68.0,28.7,1008.8,12.9,0.0,11,0,0,ERA5 - Kochi (Winter)
0.0,68.0,27.8,1009.2,10.6,0.0,12,0,0,ERA5 - Kochi (Winter)
0.0,70.0,27.4,1009.8,8.4,0.0,13,0,0,ERA5 - Kochi (Winter)
0.0,77.0,27.1,1010.6,4.8,0.0,14,0,0,ERA5 - Kochi (Winter)
0.0,83.0,26.7,1011.6,3.9,0.0,15,0,0,ERA5 - Kochi (Winter)
0.0,88.0,26.0,1012.7,4.5,0.0,16,0,0,ERA5 - Kochi (Winter)
0.0,91.0,25.3,1012.7,3.4,0.0,17,0,0,ERA5 - Kochi (Winter)
0.0,94.0,24.5,1012.6,5.2,0.0,18,0,0,ERA5 - Kochi (Winter)
0.0,91.0,24.2,1012.2,6.8,0.0,19,0,0,ERA5 - Kochi (Winter)
0.0,89.0,23.8,1011.7,5.9,0.0,20,0,0,ERA5 - Kochi (Winter)
0.0,90.0,23.4,1010.9,6.4,0.0,21,0,0,ERA5 - Kochi (Winter)
0.0,90.0,23.2,1010.4,4.3,0.0,22,0,0,ERA5 - Kochi (Winter)
0.0,89.0,23.0,1010.1,4.0,0.0,23,0,0,ERA5 - Kochi (Winter)
0.0,78.0,22.8,1010.5,7.6,0.0,0,0,0,ERA5 - Kochi (Winter)
0.0,79.0,22.4,1011.4,7.3,0.0,1,0,0,ERA5 - Kochi (Winter)
0.0,80.0,22.6,1012.3,8.4,0.0,2,0,0,ERA5 - Kochi (Winter)
0.0,70.0,24.7,1013.4,7.1,0.0,3,0,0,ERA5 - Kochi (Winter)
0.0,56.0,27.6,1013.9,6.6,0.0,4,0,0,ERA5 - Kochi (Winter)
0.0,44.0,29.8,1013.5,4.1,0.0,5,0,0,ERA5 - Kochi (Winter)
0.0,40.0,31.0,1012.9,4.0,0.0,6,0,0,ERA5 - Kochi (Winter)
0.0,46.0,31.0,1011.8,13.0,0.0,7,0,0,ERA5 - Kochi (Winter)
0.0,53.0,29.8,1010.9,18.0,0.0,8,0,0,ERA5 - Kochi (Winter)
0.0,51.0,29.6,1010.0,16.6,0.0,9,0,0,ERA5 - Kochi (Winter)
0.0,54.0,29.6,1009.1,14.9,0.0,10,0,0,ERA5 - Kochi (Winter)
0.0,59.0,29.3,1008.6,15.6,0.0,11,0,0,ERA5 - Kochi (Winter)
0.0,63.0,28.1,1009.1,14.3,0.0,12,0,0,ERA5 - Kochi (Winter)
0.0,70.0,27.3,1010.0,6.6,0.0,13,0,0,ERA5 - Kochi (Winter)
0.0,76.0,27.0,1011.0,3.4,0.0,14,0,0,ERA5 - Kochi (Winter)
0.0,82.0,26.4,1012.2,5.2,0.0,15,0,0,ERA5 - Kochi (Winter)
0.0,79.0,26.6,1013.1,0.0,0.0,16,0,0,ERA5 - Kochi (Winter)
0.0,88.0,25.1,1013.2,2.6,0.0,17,0,0,ERA5 - Kochi (Winter)
0.0,92.0,24.5,1012.9,2.6,0.0,18,0,0,ERA5 - Kochi (Winter)
0.0,88.0,24.8,1012.6,7.1,0.0,19,0,0,ERA5 - Kochi (Winter)
0.0,63.0,24.9,1012.1,14.1,0.0,20,0,0,ERA5 - Kochi (Winter)
0.0,68.0,24.0,1011.4,12.4,0.0,21,0,0,ERA5 - Kochi (Winter)
0.0,71.0,23.7,1011.0,11.3,0.0,22,0,0,ERA5 - Kochi (Winter)
0.0,73.0,23.2,1010.7,11.7,0.0,23,0,0,ERA5 - Kochi (Winter)
0.0,73.0,23.1,1011.5,12.3,0.0,0,0,0,ERA5 - Kochi (Winter)
0.0,71.0,23.1,1012.3,9.0,0.0,1,0,0,ERA5 - Kochi (Winter)
0.0,71.0,23.2,1013.2,8.3,0.0,2,0,0,ERA5 - Kochi (Winter)
0.0,64.0,24.7,1014.1,8.0,0.0,3,0,0,ERA5 - Kochi (Winter)
0.0,57.0,26.4,1014.3,4.2,0.0,4,0,0,ERA5 - Kochi (Winter)
0.0,52.0,27.7,1013.9,5.7,0.0,5,0,0,ERA5 - Kochi (Winter)
0.0,51.0,28.7,1013.4,10.1,0.0,6,0,0,ERA5 - Kochi (Winter)
0.0,51.0,29.4,1012.3,10.4,0.0,7,0,0,ERA5 - Kochi (Winter)
0.0,53.0,29.6,1010.9,13.6,0.0,8,0,0,ERA5 - Kochi (Winter)
0.0,53.0,29.6,1009.6,15.0,0.0,9,0,0,ERA5 - Kochi (Winter)
0.0,53.0,29.6,1008.7,15.5,0.0,10,0,0,ERA5 - Kochi (Winter)
0.0,56.0,29.1,1008.3,15.7,0.0,11,0,0,ERA5 - Kochi (Winter)
0.0,58.0,28.5,1008.5,10.2,0.0,12,0,0,ERA5 - Kochi (Winter)
0.0,64.0,27.8,1009.4,6.3,0.0,13,0,0,ERA5 - Kochi (Winter)
0.0,70.0,26.8,1010.1,4.3,0.0,14,0,0,ERA5 - Kochi (Winter)
0.0,80.0,25.7,1011.5,4.2,0.0,15,0,0,ERA5 - Kochi (Winter)
0.0,78.0,25.9,1012.1,2.3,0.0,16,0,0,ERA5 - Kochi (Winter)
0.0,84.0,24.7,1012.2,4.7,0.0,17,0,0,ERA5 - Kochi (Winter)
0.0,66.0,25.1,1012.1,9.5,0.0,18,0,0,ERA5 - Kochi (Winter)
0.0,59.0,24.8,1011.8,9.9,0.0,19,0,0,ERA5 - Kochi (Winter)
0.0,65.0,24.0,1011.2,6.0,0.0,20,0,0,ERA5 - Kochi (Winter)
0.0,70.0,23.0,1010.9,4.7,0.0,21,0,0,ERA5 - Kochi (Winter)
0.0,65.0,23.3,1010.7,7.7,0.0,22,0,0,ERA5 - Kochi (Winter)
0.0,66.0,23.0,1010.7,10.1,0.0,23,0,0,ERA5 - Kochi (Winter)
0.0,64.0,23.4,1011.2,10.8,0.0,0,0,0,ERA5 - Kochi (Winter)
0.0,64.0,23.3,1011.7,11.2,0.0,1,0,0,ERA5 - Kochi (Winter)
0.0,69.0,22.6,1012.7,10.5,0.0,2,0,0,ERA5 - Kochi (Winter)
0.0,62.0,23.9,1013.9,7.3,0.0,3,0,0,ERA5 - Kochi (Winter)
0.0,52.0,26.2,1014.2,5.6,0.0,4,0,0,ERA5 - Kochi (Winter)
0.0,47.0,27.8,1013.7,1.8,0.0,5,0,0,ERA5 - Kochi (Winter)
0.0,47.0,28.7,1013.1,7.7,0.0,6,0,0,ERA5 - Kochi (Winter)
0.0,47.0,29.0,1012.3,12.8,0.0,7,0,0,ERA5 - Kochi (Winter)
0.0,41.0,29.3,1011.1,13.4,0.0,8,0,0,ERA5 - Kochi (Winter)
0.0,43.0,29.7,1009.7,15.7,0.0,9,0,0,ERA5 - Kochi (Winter)
0.0,51.0,29.3,1008.9,17.1,0.0,10,0,0,ERA5 - Kochi (Winter)
0.0,53.0,28.8,1008.7,17.1,0.0,11,0,0,ERA5 - Kochi (Winter)
0.0,54.0,27.9,1008.9,15.0,0.0,12,0,0,ERA5 - Kochi (Winter)
0.0,59.0,27.5,1009.7,8.3,0.0,13,0,0,ERA5 - Kochi (Winter)
0.0,63.0,27.3,1010.7,6.1,0.0,14,0,0,ERA5 - Kochi (Winter)
0.0,70.0,26.1,1011.9,6.5,0.0,15,0,0,ERA5 - Kochi (Winter)
0.0,61.0,27.4,1012.8,2.8,0.0,16,0,0,ERA5 - Kochi (Winter)
0.0,68.0,26.3,1012.7,2.1,0.0,17,0,0,ERA5 - Kochi (Winter)
0.0,80.0,24.6,1012.3,1.8,0.0,18,0,0,ERA5 - Kochi (Winter)
0.0,89.0,23.4,1012.2,3.1,0.0,19,0,0,ERA5 - Kochi (Winter)
0.0,92.0,22.9,1011.6,3.1,0.0,20,0,0,ERA5 - Kochi (Winter)
0.0,89.0,22.8,1011.0,5.9,0.0,21,0,0,ERA5 - Kochi (Winter)
0.0,82.0,22.8,1010.6,7.2,0.0,22,0,0,ERA5 - Kochi (Winter)
0.0,74.0,22.9,1010.6,10.4,0.0,23,0,0,ERA5 - Kochi (Winter)
0.0,93.0,25.2,1009.9,5.8,0.0,0,0,0,ERA5 - Kochi (Pre-Monsoon Spring)
0.0,91.0,25.1,1010.5,7.0,0.0,1,0,0,ERA5 - Kochi (Pre-Monsoon Spring)
0.0,85.0,25.9,1011.5,7.6,0.0,2,0,0,ERA5 - Kochi (Pre-Monsoon Spring)
0.0,67.0,28.3,1012.1,7.3,0.0,3,0,0,ERA5 - Kochi (Pre-Monsoon Spring)
0.0,48.0,30.0,1012.4,7.8,0.0,4,0,0,ERA5 - Kochi (Pre-Monsoon Spring)
0.0,44.0,31.2,1011.7,2.8,0.0,5,0,0,ERA5 - Kochi (Pre-Monsoon Spring)
0.0,40.0,32.5,1010.8,5.0,0.0,6,0,0,ERA5 - Kochi (Pre-Monsoon Spring)
0.0,38.0,33.1,1009.9,12.4,0.0,7,0,0,ERA5 - Kochi (Pre-Monsoon Spring)
0.0,38.0,32.7,1008.5,17.3,0.0,8,0,0,ERA5 - Kochi (Pre-Monsoon Spring)
0.0,41.0,32.0,1007.3,21.2,0.0,9,0,0,ERA5 - Kochi (Pre-Monsoon Spring)
0.0,50.0,31.3,1006.5,23.4,0.0,10,0,0,ERA5 - Kochi (Pre-Monsoon Spring)
0.0,60.0,30.7,1006.3,21.9,0.0,11,0,0,ERA5 - Kochi (Pre-Monsoon Spring)
0.0,68.0,29.6,1007.4,17.6,0.0,12,0,0,ERA5 - Kochi (Pre-Monsoon Spring)
0.0,70.0,29.1,1008.0,13.0,0.0,13,0,0,ERA5 - Kochi (Pre-Monsoon Spring)
0.0,74.0,28.7,1009.1,9.2,0.0,14,0,0,ERA5 - Kochi (Pre-Monsoon Spring)
0.0,75.0,28.6,1010.1,9.0,0.0,15,0,0,ERA5 - Kochi (Pre-Monsoon Spring)
0.0,78.0,28.3,1010.8,7.8,0.0,16,0,0,ERA5 - Kochi (Pre-Monsoon Spring)
0.0,83.0,27.6,1011.3,3.8,0.0,17,0,0,ERA5 - Kochi (Pre-Monsoon Spring)
0.0,89.0,27.0,1011.3,2.8,0.0,18,0,0,ERA5 - Kochi (Pre-Monsoon Spring)
0.3,90.0,26.5,1011.0,2.3,0.0,19,0,0,ERA5 - Kochi (Pre-Monsoon Spring)
0.0,93.0,26.0,1010.6,2.9,0.0,20,0,0,ERA5 - Kochi (Pre-Monsoon Spring)
0.0,93.0,25.9,1010.0,4.2,0.0,21,0,0,ERA5 - Kochi (Pre-Monsoon Spring)
0.0,95.0,25.3,1009.9,6.3,0.0,22,0,0,ERA5 - Kochi (Pre-Monsoon Spring)
0.0,94.0,25.3,1009.9,5.0,0.0,23,0,0,ERA5 - Kochi (Pre-Monsoon Spring)
0.0,90.0,25.3,1010.1,4.4,0.0,0,0,0,ERA5 - Kochi (Pre-Monsoon Spring)
0.0,89.0,25.4,1010.9,4.2,0.0,1,0,0,ERA5 - Kochi (Pre-Monsoon Spring)
0.1,83.0,25.9,1011.5,4.9,0.0,2,0,0,ERA5 - Kochi (Pre-Monsoon Spring)
0.0,71.0,27.6,1012.3,5.8,0.0,3,0,0,ERA5 - Kochi (Pre-Monsoon Spring)
0.0,67.0,29.0,1012.6,2.6,0.0,4,0,0,ERA5 - Kochi (Pre-Monsoon Spring)
0.0,62.0,30.2,1012.3,6.0,0.0,5,0,0,ERA5 - Kochi (Pre-Monsoon Spring)
0.1,61.0,30.8,1011.6,11.0,0.0,6,0,0,ERA5 - Kochi (Pre-Monsoon Spring)
0.0,61.0,30.6,1010.4,16.9,0.0,7,0,0,ERA5 - Kochi (Pre-Monsoon Spring)
0.0,58.0,30.9,1009.3,19.4,0.0,8,0,0,ERA5 - Kochi (Pre-Monsoon Spring)
0.0,60.0,31.0,1008.0,19.2,0.0,9,0,0,ERA5 - Kochi (Pre-Monsoon Spring)
0.0,64.0,30.6,1007.2,19.9,0.0,10,0,0,ERA5 - Kochi (Pre-Monsoon Spring)
0.0,66.0,30.1,1007.1,18.1,0.0,11,0,0,ERA5 - Kochi (Pre-Monsoon Spring)
0.0,69.0,29.3,1007.6,14.8,0.0,12,0,0,ERA5 - Kochi (Pre-Monsoon Spring)
0.0,69.0,29.0,1008.2,11.1,0.0,13,0,0,ERA5 - Kochi (Pre-Monsoon Spring)
0.0,72.0,28.9,1009.0,8.0,0.0,14,0,0,ERA5 - Kochi (Pre-Monsoon Spring)
0.0,74.0,28.7,1009.9,3.4,0.0,15,0,0,ERA5 - Kochi (Pre-Monsoon Spring)
0.0,78.0,27.9,1011.0,1.8,0.0,16,0,0,ERA5 - Kochi (Pre-Monsoon Spring)
0.0,85.0,27.3,1011.6,4.5,0.0,17,0,0,ERA5 - Kochi (Pre-Monsoon Spring)
0.0,89.0,26.9,1011.4,6.8,0.0,18,0,0,ERA5 - Kochi (Pre-Monsoon Spring)
0.0,91.0,26.5,1010.8,6.6,0.0,19,0,0,ERA5 - Kochi (Pre-Monsoon Spring)
0.0,92.0,26.1,1010.3,6.4,0.0,20,0,0,ERA5 - Kochi (Pre-Monsoon Spring)
0.0,93.0,25.6,1009.8,4.3,0.0,21,0,0,ERA5 - Kochi (Pre-Monsoon Spring)
0.0,96.0,25.2,1009.7,3.1,0.0,22,0,0,ERA5 - Kochi (Pre-Monsoon Spring)
0.0,92.0,25.1,1009.7,6.0,0.0,23,0,0,ERA5 - Kochi (Pre-Monsoon Spring)
0.0,92.0,25.3,1010.3,6.2,0.0,0,0,0,ERA5 - Kochi (Pre-Monsoon Spring)
0.0,91.0,25.2,1010.7,6.5,0.0,1,0,0,ERA5 - Kochi (Pre-Monsoon Spring)
0.0,86.0,25.8,1011.3,5.8,0.0,2,0,0,ERA5 - Kochi (Pre-Monsoon Spring)
0.0,72.0,27.9,1011.8,4.8,0.0,3,0,0,ERA5 - Kochi (Pre-Monsoon Spring)
0.0,62.0,29.4,1012.0,2.3,0.0,4,0,0,ERA5 - Kochi (Pre-Monsoon Spring)
0.0,56.0,30.8,1011.4,5.5,0.0,5,0,0,ERA5 - Kochi (Pre-Monsoon Spring)
0.0,53.0,31.7,1010.4,10.6,0.0,6,0,0,ERA5 - Kochi (Pre-Monsoon Spring)
0.0,53.0,31.7,1009.3,16.3,0.0,7,0,0,ERA5 - Kochi (Pre-Monsoon Spring)
0.0,52.0,32.0,1008.0,19.6,0.0,8,0,0,ERA5 - Kochi (Pre-Monsoon Spring)
0.0,54.0,31.8,1006.8,21.7,0.0,9,0,0,ERA5 - Kochi (Pre-Monsoon Spring)
0.0,59.0,31.3,1005.9,21.3,0.0,10,0,0,ERA5 - Kochi (Pre-Monsoon Spring)
0.0,65.0,30.9,1005.7,18.7,0.0,11,0,0,ERA5 - Kochi (Pre-Monsoon Spring)
0.0,66.0,29.8,1006.7,16.3,0.0,12,0,0,ERA5 - Kochi (Pre-Monsoon Spring)
0.0,69.0,29.3,1007.2,13.4,0.0,13,0,0,ERA5 - Kochi (Pre-Monsoon Spring)
0.0,74.0,28.8,1008.3,10.0,0.0,14,0,0,ERA5 - Kochi (Pre-Monsoon Spring)
0.0,77.0,28.6,1009.4,6.9,0.0,15,0,0,ERA5 - Kochi (Pre-Monsoon Spring)
0.0,80.0,28.2,1010.6,3.3,0.0,16,0,0,ERA5 - Kochi (Pre-Monsoon Spring)
0.0,83.0,28.0,1011.0,4.3,0.0,17,0,0,ERA5 - Kochi (Pre-Monsoon Spring)
0.0,85.0,27.7,1011.3,4.8,0.0,18,0,0,ERA5 - Kochi (Pre-Monsoon Spring)
0.0,88.0,27.1,1010.8,2.6,0.0,19,0,0,ERA5 - Kochi (Pre-Monsoon Spring)
0.0,90.0,26.7,1009.9,4.4,0.0,20,0,0,ERA5 - Kochi (Pre-Monsoon Spring)
0.0,95.0,26.0,1009.3,6.5,0.0,21,0,0,ERA5 - Kochi (Pre-Monsoon Spring)
0.0,94.0,25.6,1008.9,6.9,0.0,22,0,0,ERA5 - Kochi (Pre-Monsoon Spring)
0.0,91.0,25.5,1008.6,7.4,0.0,23,0,0,ERA5 - Kochi (Pre-Monsoon Spring)
0.0,94.0,25.4,1008.8,3.8,0.0,0,0,0,ERA5 - Kochi (Pre-Monsoon Spring)
0.0,91.0,25.5,1009.5,4.7,0.0,1,0,0,ERA5 - Kochi (Pre-Monsoon Spring)
0.0,87.0,26.1,1010.3,6.8,0.0,2,0,0,ERA5 - Kochi (Pre-Monsoon Spring)
0.0,67.0,28.1,1010.9,6.6,0.0,3,0,0,ERA5 - Kochi (Pre-Monsoon Spring)
0.0,60.0,29.6,1011.1,0.5,0.0,4,0,0,ERA5 - Kochi (Pre-Monsoon Spring)
0.0,58.0,30.7,1010.8,8.8,0.0,5,0,0,ERA5 - Kochi (Pre-Monsoon Spring)
0.0,62.0,30.9,1010.3,13.4,0.0,6,0,0,ERA5 - Kochi (Pre-Monsoon Spring)
0.0,64.0,30.8,1009.3,15.8,0.0,7,0,0,ERA5 - Kochi (Pre-Monsoon Spring)
0.0,57.0,31.6,1008.3,18.1,0.0,8,0,0,ERA5 - Kochi (Pre-Monsoon Spring)
0.0,55.0,31.7,1007.0,19.5,0.0,9,0,0,ERA5 - Kochi (Pre-Monsoon Spring)
0.0,63.0,31.3,1006.4,21.9,0.0,10,0,0,ERA5 - Kochi (Pre-Monsoon Spring)
0.0,57.0,31.0,1006.4,16.7,0.0,11,0,0,ERA5 - Kochi (Pre-Monsoon Spring)
0.0,58.0,30.0,1006.7,12.8,0.0,12,0,0,ERA5 - Kochi (Pre-Monsoon Spring)
0.0,60.0,29.6,1007.0,11.0,0.0,13,0,0,ERA5 - Kochi (Pre-Monsoon Spring)
0.0,63.0,29.4,1008.2,7.2,0.0,14,0,0,ERA5 - Kochi (Pre-Monsoon Spring)
0.0,67.0,29.2,1008.9,10.3,0.0,15,0,0,ERA5 - Kochi (Pre-Monsoon Spring)
0.0,76.0,28.7,1010.0,4.7,0.0,16,0,0,ERA5 - Kochi (Pre-Monsoon Spring)
0.0,82.0,28.3,1010.4,4.7,0.0,17,0,0,ERA5 - Kochi (Pre-Monsoon Spring)
0.0,86.0,27.9,1010.4,4.7,0.0,18,0,0,ERA5 - Kochi (Pre-Monsoon Spring)
0.0,88.0,27.4,1010.0,4.8,0.0,19,0,0,ERA5 - Kochi (Pre-Monsoon Spring)
0.0,86.0,27.0,1009.2,5.7,0.0,20,0,0,ERA5 - Kochi (Pre-Monsoon Spring)
0.0,84.0,26.8,1008.6,5.1,0.0,21,0,0,ERA5 - Kochi (Pre-Monsoon Spring)
0.0,84.0,26.6,1008.5,6.6,0.0,22,0,0,ERA5 - Kochi (Pre-Monsoon Spring)
0.0,85.0,26.4,1008.2,6.2,0.0,23,0,0,ERA5 - Kochi (Pre-Monsoon Spring)
0.0,86.0,26.4,1008.6,6.6,0.0,0,0,0,ERA5 - Kochi (Pre-Monsoon Spring)
0.0,86.0,26.3,1009.5,5.9,0.0,1,0,0,ERA5 - Kochi (Pre-Monsoon Spring)
0.0,82.0,26.9,1010.0,7.1,0.0,2,0,0,ERA5 - Kochi (Pre-Monsoon Spring)
0.0,75.0,28.5,1010.3,6.9,0.0,3,0,0,ERA5 - Kochi (Pre-Monsoon Spring)
0.0,70.0,29.8,1010.5,5.6,0.0,4,0,0,ERA5 - Kochi (Pre-Monsoon Spring)
0.0,63.0,30.9,1010.0,7.4,0.0,5,0,0,ERA5 - Kochi (Pre-Monsoon Spring)
0.0,60.0,31.4,1009.4,11.6,0.0,6,0,0,ERA5 - Kochi (Pre-Monsoon Spring)
0.0,58.0,31.4,1008.4,13.2,0.0,7,0,0,ERA5 - Kochi (Pre-Monsoon Spring)
0.0,52.0,32.3,1007.2,15.8,0.0,8,0,0,ERA5 - Kochi (Pre-Monsoon Spring)
0.0,54.0,32.0,1006.1,17.7,0.0,9,0,0,ERA5 - Kochi (Pre-Monsoon Spring)
0.0,58.0,32.1,1005.3,18.0,0.0,10,0,0,ERA5 - Kochi (Pre-Monsoon Spring)
0.0,58.0,31.3,1005.4,17.1,0.0,11,0,0,ERA5 - Kochi (Pre-Monsoon Spring)
0.0,71.0,30.0,1005.4,19.3,0.0,12,0,0,ERA5 - Kochi (Pre-Monsoon Spring)
0.0,69.0,29.7,1005.8,16.4,0.0,13,0,0,ERA5 - Kochi (Pre-Monsoon Spring)
0.0,73.0,29.4,1007.1,6.8,0.0,14,0,0,ERA5 - Kochi (Pre-Monsoon Spring)
0.0,77.0,29.0,1008.0,4.6,0.0,15,0,0,ERA5 - Kochi (Pre-Monsoon Spring)
0.0,84.0,28.3,1008.8,3.3,0.0,16,0,0,ERA5 - Kochi (Pre-Monsoon Spring)
0.0,83.0,28.2,1009.1,4.2,0.0,17,0,0,ERA5 - Kochi (Pre-Monsoon Spring)
0.0,87.0,27.4,1009.2,7.6,0.0,18,0,0,ERA5 - Kochi (Pre-Monsoon Spring)
0.1,88.0,26.2,1009.2,10.0,0.0,19,0,0,ERA5 - Kochi (Pre-Monsoon Spring)
0.4,88.0,25.0,1008.9,1.3,0.0,20,0,0,ERA5 - Kochi (Pre-Monsoon Spring)
0.0,90.0,24.6,1007.9,2.0,0.0,21,0,0,ERA5 - Kochi (Pre-Monsoon Spring)
0.0,90.0,24.5,1007.5,2.2,0.0,22,0,0,ERA5 - Kochi (Pre-Monsoon Spring)
0.0,91.0,24.4,1007.5,2.5,0.0,23,0,0,ERA5 - Kochi (Pre-Monsoon Spring)
0.0,91.0,25.8,1007.8,5.2,0.0,0,0,0,ERA5 - Kochi (Pre-Monsoon Spring)
0.0,92.0,25.6,1008.3,4.4,0.0,1,0,0,ERA5 - Kochi (Pre-Monsoon Spring)
0.0,88.0,26.3,1008.8,5.6,0.0,2,0,0,ERA5 - Kochi (Pre-Monsoon Spring)
0.0,82.0,27.4,1009.6,4.7,0.0,3,0,0,ERA5 - Kochi (Pre-Monsoon Spring)
0.0,73.0,28.8,1010.1,2.3,0.0,4,0,0,ERA5 - Kochi (Pre-Monsoon Spring)
0.0,67.0,29.9,1009.9,3.1,0.0,5,0,0,ERA5 - Kochi (Pre-Monsoon Spring)
0.0,62.0,30.7,1009.1,7.5,0.0,6,0,0,ERA5 - Kochi (Pre-Monsoon Spring)
0.0,63.0,30.7,1008.1,10.9,0.0,7,0,0,ERA5 - Kochi (Pre-Monsoon Spring)
0.0,64.0,30.9,1007.3,13.0,0.0,8,0,0,ERA5 - Kochi (Pre-Monsoon Spring)
0.0,65.0,31.0,1006.6,18.6,0.0,9,0,0,ERA5 - Kochi (Pre-Monsoon Spring)
0.0,65.0,30.6,1006.3,15.5,0.0,10,0,0,ERA5 - Kochi (Pre-Monsoon Spring)
0.0,67.0,30.4,1006.1,14.8,0.0,11,0,0,ERA5 - Kochi (Pre-Monsoon Spring)
0.0,70.0,29.5,1005.9,15.2,0.0,12,0,0,ERA5 - Kochi (Pre-Monsoon Spring)
0.0,71.0,29.3,1007.0,10.4,0.0,13,0,0,ERA5 - Kochi (Pre-Monsoon Spring)
0.0,71.0,29.2,1008.2,7.4,0.0,14,0,0,ERA5 - Kochi (Pre-Monsoon Spring)
1.7,82.0,27.0,1009.6,8.4,0.0,15,0,0,ERA5 - Kochi (Pre-Monsoon Spring)
0.0,84.0,26.4,1010.1,9.0,0.0,16,0,0,ERA5 - Kochi (Pre-Monsoon Spring)
0.0,88.0,26.1,1010.4,7.4,0.0,17,0,0,ERA5 - Kochi (Pre-Monsoon Spring)
0.0,92.0,25.5,1010.3,6.3,0.0,18,0,0,ERA5 - Kochi (Pre-Monsoon Spring)
0.0,94.0,25.0,1009.8,3.6,0.0,19,0,0,ERA5 - Kochi (Pre-Monsoon Spring)
0.0,94.0,24.9,1009.1,4.2,0.0,20,0,0,ERA5 - Kochi (Pre-Monsoon Spring)
0.0,93.0,24.8,1008.4,5.4,0.0,21,0,0,ERA5 - Kochi (Pre-Monsoon Spring)
0.0,94.0,24.7,1008.0,2.7,0.0,22,0,0,ERA5 - Kochi (Pre-Monsoon Spring)
0.0,95.0,24.5,1008.0,2.6,0.0,23,0,0,ERA5 - Kochi (Pre-Monsoon Spring)
1.1,95.0,24.6,1011.2,6.2,0.0,0,0,0,ERA5 - Kochi (Post-Monsoon Autumn)
1.6,97.0,24.2,1012.3,9.2,0.0,1,0,0,ERA5 - Kochi (Post-Monsoon Autumn)
1.0,95.0,24.1,1013.0,9.2,0.0,2,0,0,ERA5 - Kochi (Post-Monsoon Autumn)
0.6,94.0,24.6,1013.6,6.2,0.0,3,0,0,ERA5 - Kochi (Post-Monsoon Autumn)
0.5,93.0,25.2,1013.8,7.1,0.0,4,0,0,ERA5 - Kochi (Post-Monsoon Autumn)
0.3,89.0,25.8,1013.2,8.3,0.0,5,0,0,ERA5 - Kochi (Post-Monsoon Autumn)
0.1,87.0,26.1,1012.2,6.4,0.0,6,0,0,ERA5 - Kochi (Post-Monsoon Autumn)
0.0,82.0,27.3,1010.7,5.9,0.0,7,0,0,ERA5 - Kochi (Post-Monsoon Autumn)
0.0,77.0,28.1,1009.2,7.7,0.0,8,0,0,ERA5 - Kochi (Post-Monsoon Autumn)
0.0,73.0,28.4,1008.1,7.8,0.0,9,0,0,ERA5 - Kochi (Post-Monsoon Autumn)
0.0,74.0,28.3,1007.4,10.7,0.0,10,0,0,ERA5 - Kochi (Post-Monsoon Autumn)
0.0,78.0,27.7,1008.0,11.1,0.0,11,0,0,ERA5 - Kochi (Post-Monsoon Autumn)
0.0,78.0,27.5,1007.9,4.7,0.0,12,0,0,ERA5 - Kochi (Post-Monsoon Autumn)
0.0,85.0,26.8,1008.5,6.4,0.0,13,0,0,ERA5 - Kochi (Post-Monsoon Autumn)
0.0,87.0,26.8,1009.4,5.5,0.0,14,0,0,ERA5 - Kochi (Post-Monsoon Autumn)
0.0,86.0,27.0,1010.5,9.0,0.0,15,0,0,ERA5 - Kochi (Post-Monsoon Autumn)
0.0,86.0,27.1,1011.0,8.1,0.0,16,0,0,ERA5 - Kochi (Post-Monsoon Autumn)
0.0,87.0,27.1,1011.1,6.6,0.0,17,0,0,ERA5 - Kochi (Post-Monsoon Autumn)
0.0,89.0,26.9,1010.8,5.4,0.0,18,0,0,ERA5 - Kochi (Post-Monsoon Autumn)
0.0,91.0,26.5,1010.3,5.5,0.0,19,0,0,ERA5 - Kochi (Post-Monsoon Autumn)
0.0,93.0,26.1,1009.6,4.8,0.0,20,0,0,ERA5 - Kochi (Post-Monsoon Autumn)
0.0,96.0,25.6,1009.2,6.2,0.0,21,0,0,ERA5 - Kochi (Post-Monsoon Autumn)
0.3,96.0,25.0,1009.6,4.6,0.0,22,0,0,ERA5 - Kochi (Post-Monsoon Autumn)
0.8,96.0,24.3,1009.6,2.5,0.0,23,0,0,ERA5 - Kochi (Post-Monsoon Autumn)
0.0,94.0,25.1,1010.0,3.9,0.0,0,0,0,ERA5 - Kochi (Post-Monsoon Autumn)
0.1,93.0,25.1,1010.6,7.2,0.0,1,0,0,ERA5 - Kochi (Post-Monsoon Autumn)
0.0,89.0,25.8,1011.3,6.9,0.0,2,0,0,ERA5 - Kochi (Post-Monsoon Autumn)
0.0,83.0,27.1,1011.8,5.8,0.0,3,0,0,ERA5 - Kochi (Post-Monsoon Autumn)
0.0,78.0,28.3,1012.1,5.4,0.0,4,0,0,ERA5 - Kochi (Post-Monsoon Autumn)
0.0,75.0,29.3,1011.8,2.2,0.0,5,0,0,ERA5 - Kochi (Post-Monsoon Autumn)
0.1,74.0,29.7,1010.9,5.9,0.0,6,0,0,ERA5 - Kochi (Post-Monsoon Autumn)
0.0,75.0,29.6,1009.7,9.4,0.0,7,0,0,ERA5 - Kochi (Post-Monsoon Autumn)
0.0,76.0,29.5,1009.0,7.6,0.0,8,0,0,ERA5 - Kochi (Post-Monsoon Autumn)
0.0,79.0,28.1,1008.7,12.0,0.0,9,0,0,ERA5 - Kochi (Post-Monsoon Autumn)
0.0,81.0,27.8,1008.6,6.2,0.0,10,0,0,ERA5 - Kochi (Post-Monsoon Autumn)
0.1,79.0,27.8,1008.9,4.4,0.0,11,0,0,ERA5 - Kochi (Post-Monsoon Autumn)
0.4,86.0,28.4,1009.2,4.4,0.0,12,0,0,ERA5 - Kochi (Post-Monsoon Autumn)
0.0,95.0,27.0,1009.8,3.4,0.0,13,0,0,ERA5 - Kochi (Post-Monsoon Autumn)
0.3,92.0,26.3,1010.9,10.1,0.0,14,0,0,ERA5 - Kochi (Post-Monsoon Autumn)
1.1,94.0,25.2,1011.6,5.0,0.0,15,0,0,ERA5 - Kochi (Post-Monsoon Autumn)
0.2,95.0,25.3,1012.4,2.2,0.0,16,0,0,ERA5 - Kochi (Post-Monsoon Autumn)
0.0,96.0,24.8,1012.2,3.3,0.0,17,0,0,ERA5 - Kochi (Post-Monsoon Autumn)
0.0,96.0,24.4,1011.7,4.0,0.0,18,0,0,ERA5 - Kochi (Post-Monsoon Autumn)
0.0,96.0,24.5,1011.0,4.7,0.0,19,0,0,ERA5 - Kochi (Post-Monsoon Autumn)
0.0,97.0,24.1,1010.3,4.1,0.0,20,0,0,ERA5 - Kochi (Post-Monsoon Autumn)
0.0,96.0,24.3,1010.2,5.0,0.0,21,0,0,ERA5 - Kochi (Post-Monsoon Autumn)
0.0,96.0,24.2,1010.0,5.4,0.0,22,0,0,ERA5 - Kochi (Post-Monsoon Autumn)
0.0,97.0,23.8,1010.1,4.0,0.0,23,0,0,ERA5 - Kochi (Post-Monsoon Autumn)
0.0,94.0,24.7,1010.8,6.3,0.0,0,0,0,ERA5 - Kochi (Post-Monsoon Autumn)
0.0,95.0,24.7,1011.5,4.7,0.0,1,0,0,ERA5 - Kochi (Post-Monsoon Autumn)
0.0,93.0,25.6,1011.8,3.6,0.0,2,0,0,ERA5 - Kochi (Post-Monsoon Autumn)
0.0,88.0,27.0,1012.4,2.9,0.0,3,0,0,ERA5 - Kochi (Post-Monsoon Autumn)
0.0,81.0,28.2,1013.0,1.6,0.0,4,0,0,ERA5 - Kochi (Post-Monsoon Autumn)
0.1,77.0,29.0,1012.5,4.1,0.0,5,0,0,ERA5 - Kochi (Post-Monsoon Autumn)
0.1,74.0,29.2,1011.4,4.9,0.0,6,0,0,ERA5 - Kochi (Post-Monsoon Autumn)
0.1,74.0,29.9,1010.4,10.2,0.0,7,0,0,ERA5 - Kochi (Post-Monsoon Autumn)
2.8,81.0,28.2,1009.7,5.1,0.0,8,0,0,ERA5 - Kochi (Post-Monsoon Autumn)
0.2,80.0,28.0,1009.1,6.4,0.0,9,0,0,ERA5 - Kochi (Post-Monsoon Autumn)
0.2,80.0,27.8,1009.4,5.8,0.0,10,0,0,ERA5 - Kochi (Post-Monsoon Autumn)
0.3,80.0,27.5,1009.4,3.7,0.0,11,0,0,ERA5 - Kochi (Post-Monsoon Autumn)
0.3,89.0,27.3,1009.4,5.8,0.0,12,0,0,ERA5 - Kochi (Post-Monsoon Autumn)
12.9,97.0,25.2,1010.4,7.9,0.0,13,0,0,ERA5 - Kochi (Post-Monsoon Autumn)
5.0,99.0,24.6,1011.3,9.8,0.0,14,0,0,ERA5 - Kochi (Post-Monsoon Autumn)
0.6,96.0,24.8,1011.9,5.9,0.0,15,0,0,ERA5 - Kochi (Post-Monsoon Autumn)
2.0,96.0,24.5,1012.6,7.2,0.0,16,0,0,ERA5 - Kochi (Post-Monsoon Autumn)
5.3,93.0,24.5,1012.7,6.9,0.0,17,0,0,ERA5 - Kochi (Post-Monsoon Autumn)
2.3,95.0,24.3,1012.6,7.1,0.0,18,0,0,ERA5 - Kochi (Post-Monsoon Autumn)
1.5,95.0,24.1,1012.3,6.5,0.0,19,0,0,ERA5 - Kochi (Post-Monsoon Autumn)
5.2,95.0,24.0,1011.6,9.0,0.0,20,0,0,ERA5 - Kochi (Post-Monsoon Autumn)
0.3,94.0,24.0,1011.0,7.6,0.0,21,0,0,ERA5 - Kochi (Post-Monsoon Autumn)
4.2,96.0,23.7,1010.7,8.1,0.0,22,0,0,ERA5 - Kochi (Post-Monsoon Autumn)
3.1,95.0,23.7,1010.5,3.6,0.0,23,0,0,ERA5 - Kochi (Post-Monsoon Autumn)
1.7,95.0,24.9,1011.3,2.2,0.0,0,0,0,ERA5 - Kochi (Post-Monsoon Autumn)
3.0,92.0,25.3,1011.1,1.0,0.0,1,0,0,ERA5 - Kochi (Post-Monsoon Autumn)
0.0,91.0,26.0,1011.8,1.8,0.0,2,0,0,ERA5 - Kochi (Post-Monsoon Autumn)
0.0,90.0,27.1,1012.5,6.2,0.0,3,0,0,ERA5 - Kochi (Post-Monsoon Autumn)
0.0,85.0,27.9,1012.9,5.8,0.0,4,0,0,ERA5 - Kochi (Post-Monsoon Autumn)
0.1,79.0,28.6,1012.8,7.1,0.0,5,0,0,ERA5 - Kochi (Post-Monsoon Autumn)
0.1,78.0,28.8,1012.2,8.0,0.0,6,0,0,ERA5 - Kochi (Post-Monsoon Autumn)
0.1,82.0,28.6,1011.3,7.6,0.0,7,0,0,ERA5 - Kochi (Post-Monsoon Autumn)
0.1,82.0,28.8,1010.2,8.9,0.0,8,0,0,ERA5 - Kochi (Post-Monsoon Autumn)
0.0,81.0,28.6,1009.5,8.2,0.0,9,0,0,ERA5 - Kochi (Post-Monsoon Autumn)
0.1,79.0,28.7,1009.1,8.7,0.0,10,0,0,ERA5 - Kochi (Post-Monsoon Autumn)
0.3,76.0,28.4,1009.3,9.4,0.0,11,0,0,ERA5 - Kochi (Post-Monsoon Autumn)
0.1,89.0,27.4,1010.1,4.7,0.0,12,0,0,ERA5 - Kochi (Post-Monsoon Autumn)
2.8,91.0,26.0,1010.8,4.8,0.0,13,0,0,ERA5 - Kochi (Post-Monsoon Autumn)
0.0,96.0,25.6,1011.6,3.6,0.0,14,0,0,ERA5 - Kochi (Post-Monsoon Autumn)
0.0,97.0,25.6,1012.3,4.1,0.0,15,0,0,ERA5 - Kochi (Post-Monsoon Autumn)
0.0,97.0,25.1,1012.9,4.0,0.0,16,0,0,ERA5 - Kochi (Post-Monsoon Autumn)
0.0,96.0,24.9,1013.0,3.6,0.0,17,0,0,ERA5 - Kochi (Post-Monsoon Autumn)
0.0,98.0,24.9,1013.0,3.6,0.0,18,0,0,ERA5 - Kochi (Post-Monsoon Autumn)
0.2,99.0,24.5,1012.5,10.5,0.0,19,0,0,ERA5 - Kochi (Post-Monsoon Autumn)
0.7,95.0,24.2,1011.6,4.1,0.0,20,0,0,ERA5 - Kochi (Post-Monsoon Autumn)
0.0,97.0,24.1,1010.9,1.8,0.0,21,0,0,ERA5 - Kochi (Post-Monsoon Autumn)
0.0,93.0,24.3,1010.7,3.3,0.0,22,0,0,ERA5 - Kochi (Post-Monsoon Autumn)
0.0,93.0,24.2,1010.9,2.7,0.0,23,0,0,ERA5 - Kochi (Post-Monsoon Autumn)
0.0,95.0,24.6,1010.4,3.8,0.0,0,0,0,ERA5 - Kochi (Post-Monsoon Autumn)
0.0,95.0,24.6,1011.2,2.8,0.0,1,0,0,ERA5 - Kochi (Post-Monsoon Autumn)
0.0,94.0,25.4,1012.0,3.4,0.0,2,0,0,ERA5 - Kochi (Post-Monsoon Autumn)
0.0,89.0,26.6,1012.8,3.6,0.0,3,0,0,ERA5 - Kochi (Post-Monsoon Autumn)
0.0,84.0,27.7,1013.3,1.8,0.0,4,0,0,ERA5 - Kochi (Post-Monsoon Autumn)
0.1,79.0,28.5,1013.2,5.7,0.0,5,0,0,ERA5 - Kochi (Post-Monsoon Autumn)
0.1,78.0,29.0,1012.4,7.6,0.0,6,0,0,ERA5 - Kochi (Post-Monsoon Autumn)
0.1,78.0,29.0,1011.4,9.0,0.0,7,0,0,ERA5 - Kochi (Post-Monsoon Autumn)
0.0,80.0,29.1,1010.3,11.4,0.0,8,0,0,ERA5 - Kochi (Post-Monsoon Autumn)
0.1,80.0,28.9,1009.2,11.4,0.0,9,0,0,ERA5 - Kochi (Post-Monsoon Autumn)
0.1,77.0,29.0,1009.0,10.9,0.0,10,0,0,ERA5 - Kochi (Post-Monsoon Autumn)
0.8,71.0,29.1,1009.3,8.9,0.0,11,0,0,ERA5 - Kochi (Post-Monsoon Autumn)
2.3,83.0,28.1,1009.7,3.7,0.0,12,0,0,ERA5 - Kochi (Post-Monsoon Autumn)
2.0,95.0,26.0,1010.8,7.2,0.0,13,0,0,ERA5 - Kochi (Post-Monsoon Autumn)
0.2,97.0,25.8,1011.2,7.7,0.0,14,0,0,ERA5 - Kochi (Post-Monsoon Autumn)
0.0,96.0,25.4,1012.2,4.7,0.0,15,0,0,ERA5 - Kochi (Post-Monsoon Autumn)
0.0,95.0,25.4,1012.7,5.6,0.0,16,0,0,ERA5 - Kochi (Post-Monsoon Autumn)
0.0,96.0,25.2,1012.6,4.6,0.0,17,0,0,ERA5 - Kochi (Post-Monsoon Autumn)
0.0,97.0,25.0,1012.7,4.4,0.0,18,0,0,ERA5 - Kochi (Post-Monsoon Autumn)
0.0,97.0,24.9,1011.9,5.1,0.0,19,0,0,ERA5 - Kochi (Post-Monsoon Autumn)
0.0,97.0,24.7,1011.3,7.2,0.0,20,0,0,ERA5 - Kochi (Post-Monsoon Autumn)
0.0,96.0,24.5,1010.8,5.5,0.0,21,0,0,ERA5 - Kochi (Post-Monsoon Autumn)
0.0,96.0,24.3,1010.6,5.9,0.0,22,0,0,ERA5 - Kochi (Post-Monsoon Autumn)
0.0,95.0,24.1,1010.8,4.7,0.0,23,0,0,ERA5 - Kochi (Post-Monsoon Autumn)
0.0,96.0,25.0,1011.4,5.1,0.0,0,0,0,ERA5 - Kochi (Post-Monsoon Autumn)
0.0,97.0,24.9,1012.2,4.8,0.0,1,0,0,ERA5 - Kochi (Post-Monsoon Autumn)
0.0,90.0,25.8,1012.9,5.0,0.0,2,0,0,ERA5 - Kochi (Post-Monsoon Autumn)
0.0,88.0,26.7,1013.1,3.5,0.0,3,0,0,ERA5 - Kochi (Post-Monsoon Autumn)
0.0,83.0,27.8,1013.2,3.0,0.0,4,0,0,ERA5 - Kochi (Post-Monsoon Autumn)
0.0,79.0,28.5,1012.5,4.6,0.0,5,0,0,ERA5 - Kochi (Post-Monsoon Autumn)
0.0,76.0,28.9,1011.6,7.8,0.0,6,0,0,ERA5 - Kochi (Post-Monsoon Autumn)
0.1,77.0,29.0,1010.7,9.4,0.0,7,0,0,ERA5 - Kochi (Post-Monsoon Autumn)
0.1,78.0,28.9,1009.8,11.4,0.0,8,0,0,ERA5 - Kochi (Post-Monsoon Autumn)
0.0,77.0,28.9,1009.3,11.2,0.0,9,0,0,ERA5 - Kochi (Post-Monsoon Autumn)
0.1,76.0,28.8,1008.8,12.4,0.0,10,0,0,ERA5 - Kochi (Post-Monsoon Autumn)
0.2,75.0,28.3,1009.1,13.0,0.0,11,0,0,ERA5 - Kochi (Post-Monsoon Autumn)
0.3,79.0,28.9,1009.2,9.2,0.0,12,0,0,ERA5 - Kochi (Post-Monsoon Autumn)
0.9,93.0,25.9,1010.5,8.7,0.0,13,0,0,ERA5 - Kochi (Post-Monsoon Autumn)
0.1,89.0,26.0,1011.5,7.2,0.0,14,0,0,ERA5 - Kochi (Post-Monsoon Autumn)
0.0,91.0,25.5,1012.5,4.3,0.0,15,0,0,ERA5 - Kochi (Post-Monsoon Autumn)
0.0,93.0,25.2,1013.0,5.0,0.0,16,0,0,ERA5 - Kochi (Post-Monsoon Autumn)
0.0,90.0,25.5,1012.9,5.2,0.0,17,0,0,ERA5 - Kochi (Post-Monsoon Autumn)
0.1,93.0,25.2,1012.9,6.7,0.0,18,0,0,ERA5 - Kochi (Post-Monsoon Autumn)
0.1,95.0,24.9,1012.2,4.4,0.0,19,0,0,ERA5 - Kochi (Post-Monsoon Autumn)
0.0,97.0,24.5,1011.2,3.8,0.0,20,0,0,ERA5 - Kochi (Post-Monsoon Autumn)
0.0,98.0,24.1,1010.6,3.2,0.0,21,0,0,ERA5 - Kochi (Post-Monsoon Autumn)
0.0,97.0,24.2,1010.5,3.2,0.0,22,0,0,ERA5 - Kochi (Post-Monsoon Autumn)
0.0,97.0,24.3,1010.6,6.6,0.0,23,0,0,ERA5 - Kochi (Post-Monsoon Autumn)
0.0,96.0,25.3,1009.2,3.0,0.0,0,0,0,ERA5 - Kochi (Mild Summer)
4.1,98.0,24.3,1009.6,5.4,0.0,1,0,0,ERA5 - Kochi (Mild Summer)
0.3,95.0,25.4,1010.5,12.2,0.0,2,0,0,ERA5 - Kochi (Mild Summer)
0.1,92.0,25.7,1011.0,9.8,0.0,3,0,0,ERA5 - Kochi (Mild Summer)
0.0,88.0,27.5,1011.4,7.2,0.0,4,0,0,ERA5 - Kochi (Mild Summer)
0.0,82.0,28.9,1010.9,5.4,0.0,5,0,0,ERA5 - Kochi (Mild Summer)
0.0,78.0,30.3,1010.0,6.6,0.0,6,0,0,ERA5 - Kochi (Mild Summer)
0.0,75.0,31.0,1008.7,9.7,0.0,7,0,0,ERA5 - Kochi (Mild Summer)
0.0,76.0,30.9,1007.5,11.3,0.0,8,0,0,ERA5 - Kochi (Mild Summer)
0.0,74.0,31.0,1006.3,13.6,0.0,9,0,0,ERA5 - Kochi (Mild Summer)
0.0,77.0,30.8,1006.0,15.5,0.0,10,0,0,ERA5 - Kochi (Mild Summer)
0.0,77.0,30.7,1005.8,14.8,0.0,11,0,0,ERA5 - Kochi (Mild Summer)
0.0,78.0,30.2,1006.0,14.6,0.0,12,0,0,ERA5 - Kochi (Mild Summer)
0.0,75.0,30.5,1006.6,14.0,0.0,13,0,0,ERA5 - Kochi (Mild Summer)
0.0,79.0,30.2,1007.5,11.8,0.0,14,0,0,ERA5 - Kochi (Mild Summer)
0.0,80.0,29.9,1008.1,12.5,0.0,15,0,0,ERA5 - Kochi (Mild Summer)
0.0,79.0,29.9,1008.8,10.5,0.0,16,0,0,ERA5 - Kochi (Mild Summer)
0.0,84.0,29.3,1009.3,4.6,0.0,17,0,0,ERA5 - Kochi (Mild Summer)
0.0,91.0,28.4,1009.1,3.3,0.0,18,0,0,ERA5 - Kochi (Mild Summer)
0.0,96.0,27.9,1008.6,3.1,0.0,19,0,0,ERA5 - Kochi (Mild Summer)
0.0,98.0,27.4,1008.0,4.4,0.0,20,0,0,ERA5 - Kochi (Mild Summer)
0.0,97.0,27.2,1007.6,6.0,0.0,21,0,0,ERA5 - Kochi (Mild Summer)
0.0,95.0,27.0,1007.2,6.5,0.0,22,0,0,ERA5 - Kochi (Mild Summer)
0.0,92.0,26.9,1007.3,7.6,0.0,23,0,0,ERA5 - Kochi (Mild Summer)
0.0,92.0,26.8,1007.8,6.1,0.0,0,0,0,ERA5 - Kochi (Mild Summer)
0.0,96.0,27.4,1008.1,6.7,0.0,1,0,0,ERA5 - Kochi (Mild Summer)
0.0,89.0,28.3,1008.8,6.9,0.0,2,0,0,ERA5 - Kochi (Mild Summer)
0.0,78.0,29.8,1009.4,6.9,0.0,3,0,0,ERA5 - Kochi (Mild Summer)
0.0,68.0,31.4,1009.5,5.8,0.0,4,0,0,ERA5 - Kochi (Mild Summer)
0.0,62.0,32.9,1009.0,4.8,0.0,5,0,0,ERA5 - Kochi (Mild Summer)
0.0,61.0,33.5,1008.0,10.1,0.0,6,0,0,ERA5 - Kochi (Mild Summer)
0.0,65.0,32.7,1007.5,15.7,0.0,7,0,0,ERA5 - Kochi (Mild Summer)
0.0,65.0,32.4,1006.3,17.5,0.0,8,0,0,ERA5 - Kochi (Mild Summer)
0.0,63.0,32.9,1005.2,19.0,0.0,9,0,0,ERA5 - Kochi (Mild Summer)
0.0,68.0,31.9,1004.7,19.6,0.0,10,0,0,ERA5 - Kochi (Mild Summer)
0.0,69.0,31.8,1004.2,18.8,0.0,11,0,0,ERA5 - Kochi (Mild Summer)
0.0,72.0,31.0,1004.3,17.9,0.0,12,0,0,ERA5 - Kochi (Mild Summer)
0.0,76.0,30.5,1005.2,11.1,0.0,13,0,0,ERA5 - Kochi (Mild Summer)
0.0,77.0,29.9,1006.2,9.4,0.0,14,0,0,ERA5 - Kochi (Mild Summer)
0.0,80.0,29.6,1007.3,4.3,0.0,15,0,0,ERA5 - Kochi (Mild Summer)
0.0,83.0,29.4,1008.3,4.6,0.0,16,0,0,ERA5 - Kochi (Mild Summer)
0.0,88.0,28.9,1008.7,2.1,0.0,17,0,0,ERA5 - Kochi (Mild Summer)
0.0,91.0,28.4,1008.7,1.8,0.0,18,0,0,ERA5 - Kochi (Mild Summer)
0.0,95.0,27.9,1008.2,2.9,0.0,19,0,0,ERA5 - Kochi (Mild Summer)
0.0,97.0,27.8,1007.7,3.1,0.0,20,0,0,ERA5 - Kochi (Mild Summer)
0.0,97.0,27.6,1007.1,3.3,0.0,21,0,0,ERA5 - Kochi (Mild Summer)
0.1,95.0,27.4,1007.2,3.8,0.0,22,0,0,ERA5 - Kochi (Mild Summer)
0.1,95.0,27.2,1007.5,2.6,0.0,23,0,0,ERA5 - Kochi (Mild Summer)
0.0,94.0,27.2,1008.1,2.9,0.0,0,0,0,ERA5 - Kochi (Mild Summer)
0.0,95.0,27.3,1007.9,6.6,0.0,1,0,0,ERA5 - Kochi (Mild Summer)
0.0,88.0,28.2,1008.6,6.3,0.0,2,0,0,ERA5 - Kochi (Mild Summer)
0.0,79.0,29.7,1009.3,3.4,0.0,3,0,0,ERA5 - Kochi (Mild Summer)
0.0,72.0,31.0,1009.6,1.8,0.0,4,0,0,ERA5 - Kochi (Mild Summer)
0.0,67.0,32.0,1009.2,7.2,0.0,5,0,0,ERA5 - Kochi (Mild Summer)
0.1,66.0,32.2,1008.6,10.6,0.0,6,0,0,ERA5 - Kochi (Mild Summer)
0.0,68.0,32.2,1007.7,12.6,0.0,7,0,0,ERA5 - Kochi (Mild Summer)
0.0,69.0,32.3,1006.6,15.5,0.0,8,0,0,ERA5 - Kochi (Mild Summer)
0.3,71.0,32.0,1005.7,18.4,0.0,9,0,0,ERA5 - Kochi (Mild Summer)
0.0,72.0,31.4,1005.0,17.4,0.0,10,0,0,ERA5 - Kochi (Mild Summer)
0.0,71.0,31.6,1004.8,16.2,0.0,11,0,0,ERA5 - Kochi (Mild Summer)
0.0,72.0,31.1,1005.1,13.7,0.0,12,0,0,ERA5 - Kochi (Mild Summer)
0.0,77.0,31.2,1005.3,17.6,0.0,13,0,0,ERA5 - Kochi (Mild Summer)
5.7,94.0,26.7,1007.3,6.2,0.0,14,0,0,ERA5 - Kochi (Mild Summer)
3.1,92.0,25.9,1009.1,14.9,0.0,15,0,0,ERA5 - Kochi (Mild Summer)
0.3,94.0,25.8,1009.2,12.0,0.0,16,0,0,ERA5 - Kochi (Mild Summer)
0.0,93.0,25.7,1009.8,6.8,0.0,17,0,0,ERA5 - Kochi (Mild Summer)
0.0,92.0,25.7,1009.6,5.4,0.0,18,0,0,ERA5 - Kochi (Mild Summer)
0.1,92.0,25.7,1008.9,5.2,0.0,19,0,0,ERA5 - Kochi (Mild Summer)
0.0,93.0,25.6,1008.3,5.4,0.0,20,0,0,ERA5 - Kochi (Mild Summer)
0.0,92.0,25.4,1007.6,3.1,0.0,21,0,0,ERA5 - Kochi (Mild Summer)
0.0,94.0,25.3,1007.2,3.1,0.0,22,0,0,ERA5 - Kochi (Mild Summer)
0.0,94.0,25.3,1007.2,3.9,0.0,23,0,0,ERA5 - Kochi (Mild Summer)
0.0,96.0,25.2,1007.5,4.2,0.0,0,0,0,ERA5 - Kochi (Mild Summer)
0.0,94.0,27.7,1007.2,4.0,0.0,1,0,0,ERA5 - Kochi (Mild Summer)
0.0,88.0,29.0,1008.3,4.7,0.0,2,0,0,ERA5 - Kochi (Mild Summer)
0.0,78.0,30.5,1008.9,5.8,0.0,3,0,0,ERA5 - Kochi (Mild Summer)
0.0,72.0,31.8,1009.3,8.2,0.0,4,0,0,ERA5 - Kochi (Mild Summer)
0.1,68.0,32.7,1009.2,10.2,0.0,5,0,0,ERA5 - Kochi (Mild Summer)
0.1,71.0,32.3,1008.7,13.2,0.0,6,0,0,ERA5 - Kochi (Mild Summer)
0.0,70.0,32.7,1008.0,14.1,0.0,7,0,0,ERA5 - Kochi (Mild Summer)
0.0,66.0,33.2,1007.0,14.1,0.0,8,0,0,ERA5 - Kochi (Mild Summer)
0.0,71.0,32.5,1006.1,17.3,0.0,9,0,0,ERA5 - Kochi (Mild Summer)
0.0,72.0,32.4,1005.3,18.8,0.0,10,0,0,ERA5 - Kochi (Mild Summer)
0.0,74.0,31.5,1005.1,16.3,0.0,11,0,0,ERA5 - Kochi (Mild Summer)
0.0,78.0,31.0,1005.5,13.0,0.0,12,0,0,ERA5 - Kochi (Mild Summer)
0.0,77.0,31.6,1006.5,13.5,0.0,13,0,0,ERA5 - Kochi (Mild Summer)
0.0,80.0,31.2,1007.2,6.2,0.0,14,0,0,ERA5 - Kochi (Mild Summer)
7.3,98.0,25.1,1009.9,19.8,0.0,15,0,0,ERA5 - Kochi (Mild Summer)
16.2,94.0,25.7,1010.0,9.0,0.0,16,0,0,ERA5 - Kochi (Mild Summer)
1.1,90.0,26.2,1010.5,2.6,0.0,17,0,0,ERA5 - Kochi (Mild Summer)
0.0,90.0,26.3,1010.1,2.1,0.0,18,0,0,ERA5 - Kochi (Mild Summer)
0.2,89.0,26.5,1009.5,2.1,0.0,19,0,0,ERA5 - Kochi (Mild Summer)
0.0,96.0,26.1,1008.8,2.9,0.0,20,0,0,ERA5 - Kochi (Mild Summer)
0.0,96.0,26.1,1008.1,3.1,0.0,21,0,0,ERA5 - Kochi (Mild Summer)
0.0,97.0,26.0,1007.4,3.8,0.0,22,0,0,ERA5 - Kochi (Mild Summer)
0.0,98.0,25.9,1007.4,3.9,0.0,23,0,0,ERA5 - Kochi (Mild Summer)
0.0,99.0,25.8,1007.9,3.3,0.0,0,0,0,ERA5 - Kochi (Mild Summer)
1.2,88.0,26.0,1008.7,2.5,0.0,1,0,0,ERA5 - Kochi (Mild Summer)
0.2,86.0,26.5,1009.2,1.6,0.0,2,0,0,ERA5 - Kochi (Mild Summer)
0.0,84.0,27.5,1010.0,1.5,0.0,3,0,0,ERA5 - Kochi (Mild Summer)
0.0,78.0,29.0,1010.3,2.1,0.0,4,0,0,ERA5 - Kochi (Mild Summer)
0.0,70.0,30.6,1010.0,5.1,0.0,5,0,0,ERA5 - Kochi (Mild Summer)
0.0,67.0,31.4,1009.0,7.1,0.0,6,0,0,ERA5 - Kochi (Mild Summer)
0.0,66.0,31.8,1008.0,11.3,0.0,7,0,0,ERA5 - Kochi (Mild Summer)
0.0,62.0,32.4,1006.8,15.3,0.0,8,0,0,ERA5 - Kochi (Mild Summer)
0.0,63.0,32.0,1005.7,19.0,0.0,9,0,0,ERA5 - Kochi (Mild Summer)
0.0,69.0,31.8,1005.2,17.3,0.0,10,0,0,ERA5 - Kochi (Mild Summer)
0.0,73.0,31.3,1004.8,19.9,0.0,11,0,0,ERA5 - Kochi (Mild Summer)
0.0,75.0,30.9,1005.3,14.6,0.0,12,0,0,ERA5 - Kochi (Mild Summer)
0.0,77.0,30.4,1006.0,10.8,0.0,13,0,0,ERA5 - Kochi (Mild Summer)
0.0,82.0,30.0,1007.3,6.9,0.0,14,0,0,ERA5 - Kochi (Mild Summer)
0.3,82.0,29.8,1008.5,4.8,0.0,15,0,0,ERA5 - Kochi (Mild Summer)
0.0,83.0,29.5,1009.4,4.0,0.0,16,0,0,ERA5 - Kochi (Mild Summer)
0.0,91.0,28.1,1010.2,11.7,0.0,17,0,0,ERA5 - Kochi (Mild Summer)
0.0,87.0,27.3,1010.3,12.1,0.0,18,0,0,ERA5 - Kochi (Mild Summer)
0.0,86.0,27.1,1009.7,4.6,0.0,19,0,0,ERA5 - Kochi (Mild Summer)
0.0,89.0,26.9,1008.8,3.9,0.0,20,0,0,ERA5 - Kochi (Mild Summer)
0.0,91.0,26.7,1008.0,1.4,0.0,21,0,0,ERA5 - Kochi (Mild Summer)
0.0,92.0,26.7,1007.7,0.4,0.0,22,0,0,ERA5 - Kochi (Mild Summer)
0.0,93.0,26.5,1007.7,1.4,0.0,23,0,0,ERA5 - Kochi (Mild Summer)
0.0,90.0,26.7,1008.2,1.8,0.0,0,0,0,ERA5 - Kochi (Mild Summer)
0.0,90.0,27.5,1008.8,7.3,0.0,1,0,0,ERA5 - Kochi (Mild Summer)
0.0,86.0,28.1,1009.5,2.9,0.0,2,0,0,ERA5 - Kochi (Mild Summer)
0.0,79.0,29.0,1010.2,3.1,0.0,3,0,0,ERA5 - Kochi (Mild Summer)
0.0,74.0,30.3,1010.4,3.4,0.0,4,0,0,ERA5 - Kochi (Mild Summer)
0.0,68.0,31.6,1009.8,7.0,0.0,5,0,0,ERA5 - Kochi (Mild Summer)
0.0,64.0,32.4,1009.2,10.5,0.0,6,0,0,ERA5 - Kochi (Mild Summer)
0.0,60.0,32.6,1008.5,14.8,0.0,7,0,0,ERA5 - Kochi (Mild Summer)
0.0,58.0,32.8,1007.4,17.2,0.0,8,0,0,ERA5 - Kochi (Mild Summer)
0.0,62.0,32.7,1005.9,19.0,0.0,9,0,0,ERA5 - Kochi (Mild Summer)
0.0,64.0,32.7,1004.6,20.8,0.0,10,0,0,ERA5 - Kochi (Mild Summer)
0.0,70.0,31.8,1004.5,21.1,0.0,11,0,0,ERA5 - Kochi (Mild Summer)
0.0,73.0,31.2,1004.8,16.4,0.0,12,0,0,ERA5 - Kochi (Mild Summer)
0.0,74.0,31.2,1006.1,12.5,0.0,13,0,0,ERA5 - Kochi (Mild Summer)
0.0,80.0,30.7,1007.0,8.5,0.0,14,0,0,ERA5 - Kochi (Mild Summer)
0.5,81.0,30.2,1008.0,7.0,0.0,15,0,0,ERA5 - Kochi (Mild Summer)
0.4,96.0,27.1,1009.3,9.8,0.0,16,0,0,ERA5 - Kochi (Mild Summer)
0.0,84.0,27.1,1010.1,9.1,0.0,17,0,0,ERA5 - Kochi (Mild Summer)
0.0,84.0,26.8,1010.0,7.9,0.0,18,0,0,ERA5 - Kochi (Mild Summer)
0.0,84.0,26.9,1009.7,3.9,0.0,19,0,0,ERA5 - Kochi (Mild Summer)
0.0,87.0,26.9,1009.0,2.4,0.0,20,0,0,ERA5 - Kochi (Mild Summer)
0.0,87.0,26.9,1008.6,2.2,0.0,21,0,0,ERA5 - Kochi (Mild Summer)
0.0,85.0,26.9,1008.2,4.0,0.0,22,0,0,ERA5 - Kochi (Mild Summer)
0.0,88.0,26.7,1008.6,3.8,0.0,23,0,0,ERA5 - Kochi (Mild Summer)
0.0,98.0,-7.6,769.6,6.6,0.0,0,0,0,ERA5 - Shimla (Winter)
0.0,97.0,-7.6,769.4,4.7,0.0,1,0,0,ERA5 - Shimla (Winter)
0.0,94.0,-7.4,769.9,5.2,0.0,2,0,0,ERA5 - Shimla (Winter)
0.0,89.0,-4.0,773.4,4.9,0.0,3,0,0,ERA5 - Shimla (Winter)
0.0,81.0,2.3,778.7,4.3,0.0,4,0,0,ERA5 - Shimla (Winter)
0.0,63.0,6.0,781.4,2.5,0.0,5,0,0,ERA5 - Shimla (Winter)
0.0,55.0,7.1,781.5,1.4,0.0,6,0,0,ERA5 - Shimla (Winter)
0.0,52.0,7.0,780.6,4.0,0.0,7,0,0,ERA5 - Shimla (Winter)
0.0,57.0,7.9,780.7,5.5,0.0,8,0,0,ERA5 - Shimla (Winter)
0.0,63.0,7.5,780.2,7.2,0.0,9,0,0,ERA5 - Shimla (Winter)
0.0,66.0,6.7,779.4,6.8,0.0,10,0,0,ERA5 - Shimla (Winter)
0.0,75.0,5.4,778.6,5.9,0.0,11,0,0,ERA5 - Shimla (Winter)
0.0,94.0,1.7,776.1,6.5,0.0,12,0,0,ERA5 - Shimla (Winter)
0.0,100.0,1.7,776.8,2.5,0.0,13,0,0,ERA5 - Shimla (Winter)
0.0,100.0,1.5,777.1,2.5,0.0,14,0,0,ERA5 - Shimla (Winter)
0.0,100.0,1.1,776.8,7.2,0.0,15,0,0,ERA5 - Shimla (Winter)
0.0,93.0,0.4,776.2,8.3,0.0,16,0,0,ERA5 - Shimla (Winter)
0.0,89.0,-1.9,774.3,6.9,0.0,17,0,0,ERA5 - Shimla (Winter)
0.0,87.0,-3.4,773.6,5.2,0.0,18,0,0,ERA5 - Shimla (Winter)
0.0,88.0,-4.3,772.9,4.0,0.0,19,0,0,ERA5 - Shimla (Winter)
0.0,89.0,-4.6,772.7,3.3,0.0,20,0,0,ERA5 - Shimla (Winter)
0.0,89.0,-4.8,772.6,3.6,0.0,21,0,0,ERA5 - Shimla (Winter)
0.0,87.0,-4.7,772.3,3.3,0.0,22,0,0,ERA5 - Shimla (Winter)
0.0,84.0,-4.5,772.2,2.9,0.0,23,0,0,ERA5 - Shimla (Winter)
0.0,87.0,-5.7,771.2,2.9,0.0,0,0,0,ERA5 - Shimla (Winter)
0.0,85.0,-4.8,772.0,2.9,0.0,1,0,0,ERA5 - Shimla (Winter)
0.0,85.0,-4.9,772.8,2.6,0.0,2,0,0,ERA5 - Shimla (Winter)
0.0,78.0,-2.1,775.9,3.0,0.0,3,0,0,ERA5 - Shimla (Winter)
0.0,70.0,3.2,780.6,2.3,0.0,4,0,0,ERA5 - Shimla (Winter)
0.0,60.0,5.0,781.9,2.1,0.0,5,0,0,ERA5 - Shimla (Winter)
0.0,58.0,5.8,782.2,3.4,0.0,6,0,0,ERA5 - Shimla (Winter)
0.0,56.0,6.5,782.0,3.9,0.0,7,0,0,ERA5 - Shimla (Winter)
0.0,56.0,6.9,781.6,6.4,0.0,8,0,0,ERA5 - Shimla (Winter)
0.0,61.0,6.2,780.9,8.3,0.0,9,0,0,ERA5 - Shimla (Winter)
0.0,68.0,5.1,780.3,7.9,0.0,10,0,0,ERA5 - Shimla (Winter)
0.0,78.0,3.6,779.5,8.1,0.0,11,0,0,ERA5 - Shimla (Winter)
0.0,88.0,2.1,779.3,6.6,0.0,12,0,0,ERA5 - Shimla (Winter)
0.0,98.0,0.6,778.6,3.4,0.0,13,0,0,ERA5 - Shimla (Winter)
0.0,100.0,-0.7,777.8,3.3,0.0,14,0,0,ERA5 - Shimla (Winter)
0.0,100.0,-2.3,776.7,3.0,0.0,15,0,0,ERA5 - Shimla (Winter)
0.0,100.0,-2.8,775.9,5.0,0.0,16,0,0,ERA5 - Shimla (Winter)
0.0,100.0,-4.6,774.2,7.6,0.0,17,0,0,ERA5 - Shimla (Winter)
0.0,100.0,-5.4,773.4,8.0,0.0,18,0,0,ERA5 - Shimla (Winter)
0.0,98.0,-5.7,772.8,7.0,0.0,19,0,0,ERA5 - Shimla (Winter)
0.0,94.0,-5.6,772.8,4.8,0.0,20,0,0,ERA5 - Shimla (Winter)
0.0,91.0,-5.2,772.8,2.9,0.0,21,0,0,ERA5 - Shimla (Winter)
0.0,89.0,-5.0,772.8,2.9,0.0,22,0,0,ERA5 - Shimla (Winter)
0.0,86.0,-4.9,772.3,3.3,0.0,23,0,0,ERA5 - Shimla (Winter)
0.0,86.0,-5.4,771.9,3.6,0.0,0,0,0,ERA5 - Shimla (Winter)
0.0,80.0,-5.0,772.3,3.6,0.0,1,0,0,ERA5 - Shimla (Winter)
0.0,78.0,-5.0,772.9,3.7,0.0,2,0,0,ERA5 - Shimla (Winter)
0.0,76.0,-2.2,775.5,4.5,0.0,3,0,0,ERA5 - Shimla (Winter)
0.0,68.0,3.6,780.4,3.9,0.0,4,0,0,ERA5 - Shimla (Winter)
0.0,51.0,5.5,781.9,3.0,0.0,5,0,0,ERA5 - Shimla (Winter)
0.0,48.0,6.3,782.1,3.6,0.0,6,0,0,ERA5 - Shimla (Winter)
0.0,50.0,6.6,781.8,6.9,0.0,7,0,0,ERA5 - Shimla (Winter)
0.0,60.0,5.9,781.1,8.7,0.0,8,0,0,ERA5 - Shimla (Winter)
0.1,64.0,5.3,780.4,6.9,0.0,9,0,0,ERA5 - Shimla (Winter)
0.0,65.0,4.7,779.7,5.9,0.0,10,0,0,ERA5 - Shimla (Winter)
0.0,71.0,3.8,779.5,7.3,0.0,11,0,0,ERA5 - Shimla (Winter)
0.0,93.0,0.3,778.2,6.6,0.0,12,0,0,ERA5 - Shimla (Winter)
0.0,95.0,-0.6,777.8,3.2,0.0,13,0,0,ERA5 - Shimla (Winter)
0.0,97.0,-2.5,776.3,2.9,0.0,14,0,0,ERA5 - Shimla (Winter)
0.0,95.0,-2.9,776.1,3.6,0.0,15,0,0,ERA5 - Shimla (Winter)
0.0,93.0,-3.5,776.0,4.0,0.0,16,0,0,ERA5 - Shimla (Winter)
0.0,91.0,-4.0,776.2,4.1,0.0,17,0,0,ERA5 - Shimla (Winter)
0.0,91.0,-4.4,776.0,4.1,0.0,18,0,0,ERA5 - Shimla (Winter)
0.0,91.0,-5.0,775.2,5.5,0.0,19,0,0,ERA5 - Shimla (Winter)
0.0,87.0,-5.1,774.6,5.5,0.0,20,0,0,ERA5 - Shimla (Winter)
0.0,81.0,-4.9,774.2,4.8,0.0,21,0,0,ERA5 - Shimla (Winter)
0.0,77.0,-4.5,774.1,4.1,0.0,22,0,0,ERA5 - Shimla (Winter)
0.0,75.0,-4.5,773.9,2.3,0.0,23,0,0,ERA5 - Shimla (Winter)
0.0,81.0,-5.3,774.1,1.8,0.0,0,0,0,ERA5 - Shimla (Winter)
0.0,74.0,-4.9,774.9,1.5,0.0,1,0,0,ERA5 - Shimla (Winter)
0.0,72.0,-4.9,775.7,1.5,0.0,2,0,0,ERA5 - Shimla (Winter)
0.0,62.0,-0.6,779.9,1.4,0.0,3,0,0,ERA5 - Shimla (Winter)
0.0,52.0,3.7,783.6,3.3,0.0,4,0,0,ERA5 - Shimla (Winter)
0.0,40.0,5.8,785.3,3.6,0.0,5,0,0,ERA5 - Shimla (Winter)
0.0,38.0,7.1,785.6,2.6,0.0,6,0,0,ERA5 - Shimla (Winter)
0.0,35.0,8.0,785.4,2.0,0.0,7,0,0,ERA5 - Shimla (Winter)
0.0,34.0,8.6,784.9,2.4,0.0,8,0,0,ERA5 - Shimla (Winter)
0.0,43.0,7.6,784.0,8.4,0.0,9,0,0,ERA5 - Shimla (Winter)
0.0,62.0,6.1,783.0,6.8,0.0,10,0,0,ERA5 - Shimla (Winter)
0.0,74.0,5.0,782.4,5.2,0.0,11,0,0,ERA5 - Shimla (Winter)
0.0,94.0,2.6,781.1,3.4,0.0,12,0,0,ERA5 - Shimla (Winter)
0.0,98.0,1.4,780.5,2.3,0.0,13,0,0,ERA5 - Shimla (Winter)
0.0,96.0,1.0,779.9,3.3,0.0,14,0,0,ERA5 - Shimla (Winter)
0.0,93.0,-0.1,779.2,4.5,0.0,15,0,0,ERA5 - Shimla (Winter)
0.0,90.0,-1.1,778.9,3.1,0.0,16,0,0,ERA5 - Shimla (Winter)
0.0,88.0,0.5,780.5,3.2,0.0,17,0,0,ERA5 - Shimla (Winter)
0.0,85.0,0.7,780.6,2.3,0.0,18,0,0,ERA5 - Shimla (Winter)
0.0,84.0,0.5,780.6,0.7,0.0,19,0,0,ERA5 - Shimla (Winter)
0.0,77.0,0.7,780.3,1.9,0.0,20,0,0,ERA5 - Shimla (Winter)
0.0,82.0,0.7,780.3,1.5,0.0,21,0,0,ERA5 - Shimla (Winter)
0.0,84.0,0.8,780.3,1.3,0.0,22,0,0,ERA5 - Shimla (Winter)
0.0,78.0,1.0,779.9,4.5,0.0,23,0,0,ERA5 - Shimla (Winter)
0.0,84.0,0.6,779.8,4.7,0.0,0,0,0,ERA5 - Shimla (Winter)
0.0,82.0,0.5,780.2,4.5,0.0,1,0,0,ERA5 - Shimla (Winter)
0.0,82.0,-0.1,780.1,6.2,0.0,2,0,0,ERA5 - Shimla (Winter)
0.0,78.0,1.7,781.7,7.6,0.0,3,0,0,ERA5 - Shimla (Winter)
0.0,60.0,5.3,784.8,4.7,0.0,4,0,0,ERA5 - Shimla (Winter)
0.0,45.0,6.9,786.1,3.9,0.0,5,0,0,ERA5 - Shimla (Winter)
0.0,43.0,7.7,786.3,4.9,0.0,6,0,0,ERA5 - Shimla (Winter)
0.0,42.0,8.2,785.8,7.3,0.0,7,0,0,ERA5 - Shimla (Winter)
0.0,46.0,7.5,784.8,7.9,0.0,8,0,0,ERA5 - Shimla (Winter)
0.0,46.0,7.4,784.3,7.7,0.0,9,0,0,ERA5 - Shimla (Winter)
0.0,47.0,7.0,783.8,7.9,0.0,10,0,0,ERA5 - Shimla (Winter)
0.0,57.0,5.6,783.5,7.9,0.0,11,0,0,ERA5 - Shimla (Winter)
0.0,77.0,3.3,782.4,5.6,0.0,12,0,0,ERA5 - Shimla (Winter)
0.0,73.0,3.5,783.1,0.4,0.0,13,0,0,ERA5 - Shimla (Winter)
0.0,81.0,2.2,782.1,3.2,0.0,14,0,0,ERA5 - Shimla (Winter)
0.0,81.0,1.9,781.6,4.0,0.0,15,0,0,ERA5 - Shimla (Winter)
0.0,82.0,1.6,781.7,2.9,0.0,16,0,0,ERA5 - Shimla (Winter)
0.0,84.0,1.5,781.6,1.1,0.0,17,0,0,ERA5 - Shimla (Winter)
0.0,85.0,1.2,781.3,2.7,0.0,18,0,0,ERA5 - Shimla (Winter)
0.1,84.0,1.3,781.2,2.6,0.0,19,0,0,ERA5 - Shimla (Winter)
0.2,87.0,1.0,780.6,3.1,0.0,20,0,0,ERA5 - Shimla (Winter)
0.2,89.0,0.6,780.1,3.4,0.0,21,0,0,ERA5 - Shimla (Winter)
0.6,89.0,0.6,780.3,4.2,0.0,22,0,0,ERA5 - Shimla (Winter)
0.8,90.0,0.3,779.4,5.8,0.0,23,0,0,ERA5 - Shimla (Winter)
1.0,99.0,-1.5,779.8,6.7,0.0,0,0,0,ERA5 - Shimla (Winter)
1.5,99.0,-1.5,779.2,9.6,0.0,1,0,0,ERA5 - Shimla (Winter)
0.3,93.0,-0.1,779.5,12.1,0.0,2,0,0,ERA5 - Shimla (Winter)
0.1,85.0,1.1,780.9,12.7,0.0,3,0,0,ERA5 - Shimla (Winter)
0.2,87.0,1.3,781.7,10.7,0.0,4,0,0,ERA5 - Shimla (Winter)
0.2,80.0,1.9,783.0,12.5,0.0,5,0,0,ERA5 - Shimla (Winter)
0.4,82.0,1.9,782.9,12.4,0.0,6,0,0,ERA5 - Shimla (Winter)
0.4,77.0,2.2,782.9,12.6,0.0,7,0,0,ERA5 - Shimla (Winter)
0.2,72.0,2.6,782.4,11.2,0.0,8,0,0,ERA5 - Shimla (Winter)
0.1,68.0,2.7,782.0,8.9,0.0,9,0,0,ERA5 - Shimla (Winter)
0.1,73.0,2.1,781.6,4.5,0.0,10,0,0,ERA5 - Shimla (Winter)
0.0,72.0,2.4,781.6,3.6,0.0,11,0,0,ERA5 - Shimla (Winter)
0.0,91.0,0.9,781.4,1.8,0.0,12,0,0,ERA5 - Shimla (Winter)
0.1,90.0,0.3,781.3,5.1,0.0,13,0,0,ERA5 - Shimla (Winter)
0.0,87.0,-0.5,780.7,7.3,0.0,14,0,0,ERA5 - Shimla (Winter)
0.0,88.0,-0.9,780.1,7.0,0.0,15,0,0,ERA5 - Shimla (Winter)
0.0,89.0,-2.0,779.2,6.5,0.0,16,0,0,ERA5 - Shimla (Winter)
0.0,89.0,-2.1,778.9,7.6,0.0,17,0,0,ERA5 - Shimla (Winter)
0.6,90.0,-2.2,778.7,7.6,0.0,18,0,0,ERA5 - Shimla (Winter)
0.5,91.0,-2.6,778.3,6.8,0.0,19,0,0,ERA5 - Shimla (Winter)
0.4,91.0,-2.7,778.3,7.3,0.0,20,0,0,ERA5 - Shimla (Winter)
0.0,90.0,-3.0,777.7,7.4,0.0,21,0,0,ERA5 - Shimla (Winter)
0.0,90.0,-3.9,776.4,7.2,0.0,22,0,0,ERA5 - Shimla (Winter)
0.0,89.0,-3.9,776.1,6.1,0.0,23,0,0,ERA5 - Shimla (Winter)
0.0,88.0,1.6,780.9,4.7,0.0,0,0,0,ERA5 - Shimla (Pre-Monsoon Spring)
0.0,83.0,1.6,780.9,3.2,0.0,1,0,0,ERA5 - Shimla (Pre-Monsoon Spring)
0.0,74.0,4.4,783.1,3.2,0.0,2,0,0,ERA5 - Shimla (Pre-Monsoon Spring)
0.0,66.0,9.5,787.2,4.8,0.0,3,0,0,ERA5 - Shimla (Pre-Monsoon Spring)
0.0,47.0,12.0,789.0,2.2,0.0,4,0,0,ERA5 - Shimla (Pre-Monsoon Spring)
0.0,42.0,13.3,789.8,6.0,0.0,5,0,0,ERA5 - Shimla (Pre-Monsoon Spring)
0.0,41.0,14.1,790.0,8.8,0.0,6,0,0,ERA5 - Shimla (Pre-Monsoon Spring)
0.0,43.0,14.5,789.8,10.9,0.0,7,0,0,ERA5 - Shimla (Pre-Monsoon Spring)
0.0,45.0,14.5,789.6,12.5,0.0,8,0,0,ERA5 - Shimla (Pre-Monsoon Spring)
0.0,47.0,14.1,788.9,13.4,0.0,9,0,0,ERA5 - Shimla (Pre-Monsoon Spring)
0.0,51.0,13.5,788.3,13.2,0.0,10,0,0,ERA5 - Shimla (Pre-Monsoon Spring)
0.0,52.0,12.8,787.8,11.3,0.0,11,0,0,ERA5 - Shimla (Pre-Monsoon Spring)
0.0,57.0,11.8,786.9,9.0,0.0,12,0,0,ERA5 - Shimla (Pre-Monsoon Spring)
0.0,76.0,7.8,784.5,7.9,0.0,13,0,0,ERA5 - Shimla (Pre-Monsoon Spring)
0.0,62.0,10.1,786.6,6.2,0.0,14,0,0,ERA5 - Shimla (Pre-Monsoon Spring)
0.0,65.0,9.6,786.6,2.9,0.0,15,0,0,ERA5 - Shimla (Pre-Monsoon Spring)
0.0,75.0,6.8,784.8,2.5,0.0,16,0,0,ERA5 - Shimla (Pre-Monsoon Spring)
0.0,81.0,5.0,783.6,4.7,0.0,17,0,0,ERA5 - Shimla (Pre-Monsoon Spring)
0.0,82.0,4.4,783.0,5.2,0.0,18,0,0,ERA5 - Shimla (Pre-Monsoon Spring)
0.0,80.0,4.3,782.6,5.1,0.0,19,0,0,ERA5 - Shimla (Pre-Monsoon Spring)
0.0,80.0,4.0,782.3,4.9,0.0,20,0,0,ERA5 - Shimla (Pre-Monsoon Spring)
0.0,83.0,3.1,781.1,4.8,0.0,21,0,0,ERA5 - Shimla (Pre-Monsoon Spring)
0.0,83.0,3.0,780.5,4.0,0.0,22,0,0,ERA5 - Shimla (Pre-Monsoon Spring)
0.0,82.0,2.9,780.3,3.7,0.0,23,0,0,ERA5 - Shimla (Pre-Monsoon Spring)
0.0,90.0,2.5,780.7,4.8,0.0,0,0,0,ERA5 - Shimla (Pre-Monsoon Spring)
0.0,87.0,3.0,781.5,3.3,0.0,1,0,0,ERA5 - Shimla (Pre-Monsoon Spring)
0.0,84.0,5.2,783.6,3.6,0.0,2,0,0,ERA5 - Shimla (Pre-Monsoon Spring)
0.0,72.0,10.7,788.1,2.5,0.0,3,0,0,ERA5 - Shimla (Pre-Monsoon Spring)
0.0,64.0,12.5,789.8,4.5,0.0,4,0,0,ERA5 - Shimla (Pre-Monsoon Spring)
0.1,57.0,13.7,790.5,8.4,0.0,5,0,0,ERA5 - Shimla (Pre-Monsoon Spring)
0.1,55.0,13.8,790.7,9.4,0.0,6,0,0,ERA5 - Shimla (Pre-Monsoon Spring)
0.1,54.0,14.2,790.5,9.1,0.0,7,0,0,ERA5 - Shimla (Pre-Monsoon Spring)
0.1,52.0,14.3,790.1,10.3,0.0,8,0,0,ERA5 - Shimla (Pre-Monsoon Spring)
0.0,50.0,14.4,789.3,11.5,0.0,9,0,0,ERA5 - Shimla (Pre-Monsoon Spring)
0.0,52.0,13.9,788.6,11.1,0.0,10,0,0,ERA5 - Shimla (Pre-Monsoon Spring)
0.0,54.0,13.5,788.2,10.7,0.0,11,0,0,ERA5 - Shimla (Pre-Monsoon Spring)
0.0,57.0,12.6,787.6,9.4,0.0,12,0,0,ERA5 - Shimla (Pre-Monsoon Spring)
0.0,75.0,9.0,785.6,7.0,0.0,13,0,0,ERA5 - Shimla (Pre-Monsoon Spring)
0.0,62.0,10.7,787.3,5.9,0.0,14,0,0,ERA5 - Shimla (Pre-Monsoon Spring)
0.0,65.0,10.1,787.6,5.0,0.0,15,0,0,ERA5 - Shimla (Pre-Monsoon Spring)
0.0,70.0,9.8,788.0,3.1,0.0,16,0,0,ERA5 - Shimla (Pre-Monsoon Spring)
0.0,72.0,9.8,788.2,1.8,0.0,17,0,0,ERA5 - Shimla (Pre-Monsoon Spring)
0.0,81.0,6.9,785.8,3.6,0.0,18,0,0,ERA5 - Shimla (Pre-Monsoon Spring)
0.0,87.0,4.8,783.9,5.8,0.0,19,0,0,ERA5 - Shimla (Pre-Monsoon Spring)
0.0,86.0,4.6,783.2,5.8,0.0,20,0,0,ERA5 - Shimla (Pre-Monsoon Spring)
0.0,84.0,4.5,782.5,5.5,0.0,21,0,0,ERA5 - Shimla (Pre-Monsoon Spring)
0.0,83.0,4.3,781.9,4.4,0.0,22,0,0,ERA5 - Shimla (Pre-Monsoon Spring)
0.0,83.0,4.2,781.5,4.0,0.0,23,0,0,ERA5 - Shimla (Pre-Monsoon Spring)
0.0,89.0,3.9,782.0,4.0,0.0,0,0,0,ERA5 - Shimla (Pre-Monsoon Spring)
0.0,88.0,4.0,782.6,3.3,0.0,1,0,0,ERA5 - Shimla (Pre-Monsoon Spring)
0.0,82.0,6.1,784.5,3.3,0.0,2,0,0,ERA5 - Shimla (Pre-Monsoon Spring)
0.0,72.0,11.8,789.2,3.4,0.0,3,0,0,ERA5 - Shimla (Pre-Monsoon Spring)
0.0,58.0,13.5,790.7,3.8,0.0,4,0,0,ERA5 - Shimla (Pre-Monsoon Spring)
0.0,56.0,14.5,791.0,6.0,0.0,5,0,0,ERA5 - Shimla (Pre-Monsoon Spring)
0.0,55.0,15.4,791.1,7.6,0.0,6,0,0,ERA5 - Shimla (Pre-Monsoon Spring)
0.0,53.0,15.8,790.8,9.1,0.0,7,0,0,ERA5 - Shimla (Pre-Monsoon Spring)
0.3,52.0,14.7,789.7,5.6,0.0,8,0,0,ERA5 - Shimla (Pre-Monsoon Spring)
0.1,50.0,14.8,789.2,9.2,0.0,9,0,0,ERA5 - Shimla (Pre-Monsoon Spring)
0.0,50.0,14.2,788.6,10.6,0.0,10,0,0,ERA5 - Shimla (Pre-Monsoon Spring)
0.0,55.0,13.7,788.2,10.2,0.0,11,0,0,ERA5 - Shimla (Pre-Monsoon Spring)
0.0,56.0,13.0,787.5,10.7,0.0,12,0,0,ERA5 - Shimla (Pre-Monsoon Spring)
0.0,73.0,9.5,785.6,6.1,0.0,13,0,0,ERA5 - Shimla (Pre-Monsoon Spring)
0.0,64.0,11.2,787.1,6.2,0.0,14,0,0,ERA5 - Shimla (Pre-Monsoon Spring)
0.0,64.0,11.1,787.3,2.9,0.0,15,0,0,ERA5 - Shimla (Pre-Monsoon Spring)
0.0,83.0,6.5,784.6,3.0,0.0,16,0,0,ERA5 - Shimla (Pre-Monsoon Spring)
0.0,85.0,6.1,784.3,3.4,0.0,17,0,0,ERA5 - Shimla (Pre-Monsoon Spring)
0.0,85.0,5.8,783.8,3.3,0.0,18,0,0,ERA5 - Shimla (Pre-Monsoon Spring)
0.0,84.0,5.7,783.3,3.6,0.0,19,0,0,ERA5 - Shimla (Pre-Monsoon Spring)
0.0,82.0,5.4,782.6,4.0,0.0,20,0,0,ERA5 - Shimla (Pre-Monsoon Spring)
0.0,81.0,5.1,782.0,3.6,0.0,21,0,0,ERA5 - Shimla (Pre-Monsoon Spring)
0.0,80.0,4.6,781.4,2.9,0.0,22,0,0,ERA5 - Shimla (Pre-Monsoon Spring)
0.0,78.0,4.6,781.3,4.0,0.0,23,0,0,ERA5 - Shimla (Pre-Monsoon Spring)
0.0,87.0,4.2,781.6,5.5,0.0,0,0,0,ERA5 - Shimla (Pre-Monsoon Spring)
0.0,85.0,4.3,782.0,3.6,0.0,1,0,0,ERA5 - Shimla (Pre-Monsoon Spring)
0.0,79.0,6.8,784.2,1.8,0.0,2,0,0,ERA5 - Shimla (Pre-Monsoon Spring)
0.0,72.0,12.1,788.4,2.3,0.0,3,0,0,ERA5 - Shimla (Pre-Monsoon Spring)
0.0,53.0,13.9,790.0,3.6,0.0,4,0,0,ERA5 - Shimla (Pre-Monsoon Spring)
0.0,46.0,15.0,790.5,7.6,0.0,5,0,0,ERA5 - Shimla (Pre-Monsoon Spring)
0.6,43.0,15.1,790.6,11.8,0.0,6,0,0,ERA5 - Shimla (Pre-Monsoon Spring)
0.0,44.0,15.3,790.3,10.9,0.0,7,0,0,ERA5 - Shimla (Pre-Monsoon Spring)
0.2,46.0,14.3,789.0,11.4,0.0,8,0,0,ERA5 - Shimla (Pre-Monsoon Spring)
0.1,43.0,14.7,788.2,11.7,0.0,9,0,0,ERA5 - Shimla (Pre-Monsoon Spring)
0.1,45.0,13.9,787.1,11.6,0.0,10,0,0,ERA5 - Shimla (Pre-Monsoon Spring)
0.0,49.0,13.6,787.2,12.4,0.0,11,0,0,ERA5 - Shimla (Pre-Monsoon Spring)
0.0,54.0,12.8,785.9,8.5,0.0,12,0,0,ERA5 - Shimla (Pre-Monsoon Spring)
0.0,70.0,9.4,784.1,7.4,0.0,13,0,0,ERA5 - Shimla (Pre-Monsoon Spring)
0.0,56.0,11.1,785.8,4.9,0.0,14,0,0,ERA5 - Shimla (Pre-Monsoon Spring)
0.0,57.0,10.7,785.9,4.8,0.0,15,0,0,ERA5 - Shimla (Pre-Monsoon Spring)
0.0,58.0,10.3,786.0,2.8,0.0,16,0,0,ERA5 - Shimla (Pre-Monsoon Spring)
0.0,80.0,5.5,782.7,4.0,0.0,17,0,0,ERA5 - Shimla (Pre-Monsoon Spring)
0.0,80.0,5.5,782.2,5.2,0.0,18,0,0,ERA5 - Shimla (Pre-Monsoon Spring)
0.0,81.0,5.2,781.4,4.6,0.0,19,0,0,ERA5 - Shimla (Pre-Monsoon Spring)
0.0,81.0,4.7,780.7,4.8,0.0,20,0,0,ERA5 - Shimla (Pre-Monsoon Spring)
0.0,81.0,4.3,779.9,5.2,0.0,21,0,0,ERA5 - Shimla (Pre-Monsoon Spring)
0.0,81.0,4.0,779.3,4.7,0.0,22,0,0,ERA5 - Shimla (Pre-Monsoon Spring)
0.0,82.0,3.6,778.9,3.6,0.0,23,0,0,ERA5 - Shimla (Pre-Monsoon Spring)
0.0,88.0,2.9,778.7,5.1,0.0,0,0,0,ERA5 - Shimla (Pre-Monsoon Spring)
0.0,84.0,3.3,779.1,3.6,0.0,1,0,0,ERA5 - Shimla (Pre-Monsoon Spring)
0.0,77.0,5.7,781.2,4.0,0.0,2,0,0,ERA5 - Shimla (Pre-Monsoon Spring)
0.0,60.0,11.2,785.4,4.1,0.0,3,0,0,ERA5 - Shimla (Pre-Monsoon Spring)
0.0,43.0,13.2,786.6,5.1,0.0,4,0,0,ERA5 - Shimla (Pre-Monsoon Spring)
0.0,42.0,14.2,787.2,8.5,0.0,5,0,0,ERA5 - Shimla (Pre-Monsoon Spring)
0.0,41.0,15.0,787.4,9.4,0.0,6,0,0,ERA5 - Shimla (Pre-Monsoon Spring)
0.0,41.0,15.4,787.0,11.1,0.0,7,0,0,ERA5 - Shimla (Pre-Monsoon Spring)
0.1,42.0,14.3,786.1,14.7,0.0,8,0,0,ERA5 - Shimla (Pre-Monsoon Spring)
0.0,43.0,13.9,785.0,12.4,0.0,9,0,0,ERA5 - Shimla (Pre-Monsoon Spring)
0.0,46.0,13.6,784.5,12.5,0.0,10,0,0,ERA5 - Shimla (Pre-Monsoon Spring)
0.0,46.0,13.4,783.9,12.5,0.0,11,0,0,ERA5 - Shimla (Pre-Monsoon Spring)
0.0,45.0,12.8,783.3,12.3,0.0,12,0,0,ERA5 - Shimla (Pre-Monsoon Spring)
0.0,57.0,9.6,781.5,6.7,0.0,13,0,0,ERA5 - Shimla (Pre-Monsoon Spring)
0.0,67.0,8.0,780.6,9.7,0.0,14,0,0,ERA5 - Shimla (Pre-Monsoon Spring)
0.0,70.0,6.9,780.2,9.3,0.0,15,0,0,ERA5 - Shimla (Pre-Monsoon Spring)
0.0,62.0,8.2,781.3,8.6,0.0,16,0,0,ERA5 - Shimla (Pre-Monsoon Spring)
0.0,55.0,9.8,782.3,3.3,0.0,17,0,0,ERA5 - Shimla (Pre-Monsoon Spring)
0.0,77.0,4.8,778.6,4.7,0.0,18,0,0,ERA5 - Shimla (Pre-Monsoon Spring)
0.0,78.0,4.5,778.2,4.1,0.0,19,0,0,ERA5 - Shimla (Pre-Monsoon Spring)
0.0,78.0,4.3,777.9,4.2,0.0,20,0,0,ERA5 - Shimla (Pre-Monsoon Spring)
0.0,78.0,4.0,777.5,5.0,0.0,21,0,0,ERA5 - Shimla (Pre-Monsoon Spring)
0.0,79.0,3.7,777.2,4.9,0.0,22,0,0,ERA5 - Shimla (Pre-Monsoon Spring)
0.0,80.0,3.3,777.0,4.7,0.0,23,0,0,ERA5 - Shimla (Pre-Monsoon Spring)
0.0,88.0,3.0,777.2,5.4,0.0,0,0,0,ERA5 - Shimla (Pre-Monsoon Spring)
0.0,86.0,3.3,777.6,3.7,0.0,1,0,0,ERA5 - Shimla (Pre-Monsoon Spring)
0.0,80.0,5.5,779.9,3.8,0.0,2,0,0,ERA5 - Shimla (Pre-Monsoon Spring)
0.0,65.0,10.7,784.3,2.6,0.0,3,0,0,ERA5 - Shimla (Pre-Monsoon Spring)
0.0,52.0,12.5,785.7,4.0,0.0,4,0,0,ERA5 - Shimla (Pre-Monsoon Spring)
0.1,46.0,13.6,786.5,8.9,0.0,5,0,0,ERA5 - Shimla (Pre-Monsoon Spring)
0.1,45.0,14.2,786.8,12.2,0.0,6,0,0,ERA5 - Shimla (Pre-Monsoon Spring)
0.0,44.0,14.5,786.6,13.6,0.0,7,0,0,ERA5 - Shimla (Pre-Monsoon Spring)
0.1,43.0,14.9,786.4,13.6,0.0,8,0,0,ERA5 - Shimla (Pre-Monsoon Spring)
0.5,46.0,14.4,785.4,13.6,0.0,9,0,0,ERA5 - Shimla (Pre-Monsoon Spring)
0.3,52.0,13.3,784.5,12.2,0.0,10,0,0,ERA5 - Shimla (Pre-Monsoon Spring)
0.0,52.0,13.0,784.1,12.7,0.0,11,0,0,ERA5 - Shimla (Pre-Monsoon Spring)
0.1,52.0,12.3,783.4,10.0,0.0,12,0,0,ERA5 - Shimla (Pre-Monsoon Spring)
0.0,66.0,9.6,782.4,5.6,0.0,13,0,0,ERA5 - Shimla (Pre-Monsoon Spring)
0.0,62.0,10.2,783.1,6.8,0.0,14,0,0,ERA5 - Shimla (Pre-Monsoon Spring)
0.0,62.0,10.0,783.4,5.1,0.0,15,0,0,ERA5 - Shimla (Pre-Monsoon Spring)
0.0,72.0,7.6,782.0,4.0,0.0,16,0,0,ERA5 - Shimla (Pre-Monsoon Spring)
0.0,80.0,6.1,780.6,4.3,0.0,17,0,0,ERA5 - Shimla (Pre-Monsoon Spring)
0.0,80.0,6.0,780.3,5.0,0.0,18,0,0,ERA5 - Shimla (Pre-Monsoon Spring)
0.0,83.0,5.2,779.3,4.8,0.0,19,0,0,ERA5 - Shimla (Pre-Monsoon Spring)
0.0,83.0,4.9,778.8,4.1,0.0,20,0,0,ERA5 - Shimla (Pre-Monsoon Spring)
0.0,84.0,4.7,778.4,4.4,0.0,21,0,0,ERA5 - Shimla (Pre-Monsoon Spring)
0.0,82.0,4.7,777.9,4.1,0.0,22,0,0,ERA5 - Shimla (Pre-Monsoon Spring)
0.0,83.0,4.4,777.8,4.0,0.0,23,0,0,ERA5 - Shimla (Pre-Monsoon Spring)
0.5,88.0,7.5,783.6,6.5,0.0,0,0,0,ERA5 - Shimla (Post-Monsoon Autumn)
0.0,88.0,7.6,782.8,6.0,0.0,1,0,0,ERA5 - Shimla (Post-Monsoon Autumn)
0.5,90.0,8.1,783.8,5.6,0.0,2,0,0,ERA5 - Shimla (Post-Monsoon Autumn)
0.4,85.0,10.1,786.0,7.4,0.0,3,0,0,ERA5 - Shimla (Post-Monsoon Autumn)
0.1,76.0,12.3,787.4,8.2,0.0,4,0,0,ERA5 - Shimla (Post-Monsoon Autumn)
0.0,64.0,14.3,788.3,5.3,0.0,5,0,0,ERA5 - Shimla (Post-Monsoon Autumn)
0.0,53.0,16.8,788.9,3.2,0.0,6,0,0,ERA5 - Shimla (Post-Monsoon Autumn)
0.1,54.0,16.2,788.0,2.5,0.0,7,0,0,ERA5 - Shimla (Post-Monsoon Autumn)
0.0,53.0,17.0,787.5,2.4,0.0,8,0,0,ERA5 - Shimla (Post-Monsoon Autumn)
1.8,72.0,12.2,785.8,5.2,0.0,9,0,0,ERA5 - Shimla (Post-Monsoon Autumn)
0.3,72.0,11.9,785.0,6.0,0.0,10,0,0,ERA5 - Shimla (Post-Monsoon Autumn)
0.0,67.0,13.2,785.2,5.8,0.0,11,0,0,ERA5 - Shimla (Post-Monsoon Autumn)
0.0,83.0,12.3,784.9,4.1,0.0,12,0,0,ERA5 - Shimla (Post-Monsoon Autumn)
0.0,75.0,12.3,785.0,4.1,0.0,13,0,0,ERA5 - Shimla (Post-Monsoon Autumn)
0.0,88.0,8.9,783.2,4.3,0.0,14,0,0,ERA5 - Shimla (Post-Monsoon Autumn)
0.0,88.0,8.7,783.4,3.3,0.0,15,0,0,ERA5 - Shimla (Post-Monsoon Autumn)
0.0,88.0,8.3,783.5,3.6,0.0,16,0,0,ERA5 - Shimla (Post-Monsoon Autumn)
0.0,86.0,8.0,783.0,4.8,0.0,17,0,0,ERA5 - Shimla (Post-Monsoon Autumn)
0.0,82.0,8.0,782.4,5.2,0.0,18,0,0,ERA5 - Shimla (Post-Monsoon Autumn)
0.0,79.0,7.8,781.5,6.3,0.0,19,0,0,ERA5 - Shimla (Post-Monsoon Autumn)
0.0,74.0,7.5,781.0,6.0,0.0,20,0,0,ERA5 - Shimla (Post-Monsoon Autumn)
0.0,74.0,7.1,780.5,5.7,0.0,21,0,0,ERA5 - Shimla (Post-Monsoon Autumn)
0.0,74.0,6.8,780.7,5.2,0.0,22,0,0,ERA5 - Shimla (Post-Monsoon Autumn)
0.0,74.0,6.9,780.8,6.4,0.0,23,0,0,ERA5 - Shimla (Post-Monsoon Autumn)
0.0,84.0,7.4,781.5,12.6,0.0,0,0,0,ERA5 - Shimla (Post-Monsoon Autumn)
0.0,81.0,7.9,781.9,9.5,0.0,1,0,0,ERA5 - Shimla (Post-Monsoon Autumn)
0.0,76.0,9.3,783.4,8.3,0.0,2,0,0,ERA5 - Shimla (Post-Monsoon Autumn)
0.5,78.0,9.4,784.8,6.3,0.0,3,0,0,ERA5 - Shimla (Post-Monsoon Autumn)
1.8,92.0,8.1,786.8,10.7,0.0,4,0,0,ERA5 - Shimla (Post-Monsoon Autumn)
1.9,91.0,8.8,786.7,12.1,0.0,5,0,0,ERA5 - Shimla (Post-Monsoon Autumn)
2.3,86.0,9.4,786.5,19.3,0.0,6,0,0,ERA5 - Shimla (Post-Monsoon Autumn)
0.5,71.0,10.6,785.9,18.6,0.0,7,0,0,ERA5 - Shimla (Post-Monsoon Autumn)
0.4,69.0,11.1,786.2,14.1,0.0,8,0,0,ERA5 - Shimla (Post-Monsoon Autumn)
2.1,75.0,10.9,785.8,11.9,0.0,9,0,0,ERA5 - Shimla (Post-Monsoon Autumn)
2.5,76.0,10.4,785.3,10.9,0.0,10,0,0,ERA5 - Shimla (Post-Monsoon Autumn)
0.2,74.0,10.5,785.0,10.6,0.0,11,0,0,ERA5 - Shimla (Post-Monsoon Autumn)
0.0,69.0,9.5,784.7,6.8,0.0,12,0,0,ERA5 - Shimla (Post-Monsoon Autumn)
0.0,78.0,7.1,783.5,5.1,0.0,13,0,0,ERA5 - Shimla (Post-Monsoon Autumn)
0.0,78.0,6.6,783.3,5.1,0.0,14,0,0,ERA5 - Shimla (Post-Monsoon Autumn)
0.0,79.0,6.1,783.0,4.4,0.0,15,0,0,ERA5 - Shimla (Post-Monsoon Autumn)
0.0,76.0,6.4,783.5,3.4,0.0,16,0,0,ERA5 - Shimla (Post-Monsoon Autumn)
0.0,76.0,5.5,783.0,2.2,0.0,17,0,0,ERA5 - Shimla (Post-Monsoon Autumn)
0.0,73.0,5.4,782.6,3.6,0.0,18,0,0,ERA5 - Shimla (Post-Monsoon Autumn)
0.0,71.0,5.2,781.9,4.0,0.0,19,0,0,ERA5 - Shimla (Post-Monsoon Autumn)
0.0,71.0,5.0,781.4,4.2,0.0,20,0,0,ERA5 - Shimla (Post-Monsoon Autumn)
0.0,71.0,4.7,781.4,2.6,0.0,21,0,0,ERA5 - Shimla (Post-Monsoon Autumn)
0.0,70.0,4.8,781.8,3.9,0.0,22,0,0,ERA5 - Shimla (Post-Monsoon Autumn)
0.0,70.0,4.6,782.0,4.1,0.0,23,0,0,ERA5 - Shimla (Post-Monsoon Autumn)
0.0,76.0,4.0,781.6,6.1,0.0,0,0,0,ERA5 - Shimla (Post-Monsoon Autumn)
0.0,78.0,3.8,782.3,4.5,0.0,1,0,0,ERA5 - Shimla (Post-Monsoon Autumn)
0.0,75.0,6.1,784.8,4.9,0.0,2,0,0,ERA5 - Shimla (Post-Monsoon Autumn)
0.0,68.0,9.8,788.6,3.1,0.0,3,0,0,ERA5 - Shimla (Post-Monsoon Autumn)
0.5,60.0,10.5,789.7,4.0,0.0,4,0,0,ERA5 - Shimla (Post-Monsoon Autumn)
0.3,67.0,10.6,789.5,7.9,0.0,5,0,0,ERA5 - Shimla (Post-Monsoon Autumn)
0.0,52.0,13.5,790.4,8.7,0.0,6,0,0,ERA5 - Shimla (Post-Monsoon Autumn)
0.0,51.0,14.2,790.1,5.1,0.0,7,0,0,ERA5 - Shimla (Post-Monsoon Autumn)
0.0,50.0,14.6,789.2,6.4,0.0,8,0,0,ERA5 - Shimla (Post-Monsoon Autumn)
3.9,75.0,9.7,787.8,3.3,0.0,9,0,0,ERA5 - Shimla (Post-Monsoon Autumn)
0.0,66.0,10.9,787.6,6.8,0.0,10,0,0,ERA5 - Shimla (Post-Monsoon Autumn)
0.0,64.0,11.3,787.8,5.1,0.0,11,0,0,ERA5 - Shimla (Post-Monsoon Autumn)
0.0,85.0,8.1,786.8,9.7,0.0,12,0,0,ERA5 - Shimla (Post-Monsoon Autumn)
0.0,90.0,7.1,785.6,6.5,0.0,13,0,0,ERA5 - Shimla (Post-Monsoon Autumn)
1.0,91.0,6.0,785.3,5.1,0.0,14,0,0,ERA5 - Shimla (Post-Monsoon Autumn)
0.1,91.0,5.9,785.2,5.1,0.0,15,0,0,ERA5 - Shimla (Post-Monsoon Autumn)
0.0,91.0,5.3,784.9,4.7,0.0,16,0,0,ERA5 - Shimla (Post-Monsoon Autumn)
0.0,91.0,4.6,784.2,3.6,0.0,17,0,0,ERA5 - Shimla (Post-Monsoon Autumn)
0.0,90.0,4.1,783.4,3.3,0.0,18,0,0,ERA5 - Shimla (Post-Monsoon Autumn)
0.0,88.0,3.9,782.8,4.0,0.0,19,0,0,ERA5 - Shimla (Post-Monsoon Autumn)
0.0,87.0,3.5,782.3,3.3,0.0,20,0,0,ERA5 - Shimla (Post-Monsoon Autumn)
0.0,87.0,3.3,781.8,2.9,0.0,21,0,0,ERA5 - Shimla (Post-Monsoon Autumn)
0.0,87.0,3.1,781.3,2.9,0.0,22,0,0,ERA5 - Shimla (Post-Monsoon Autumn)
0.0,85.0,3.1,781.2,3.3,0.0,23,0,0,ERA5 - Shimla (Post-Monsoon Autumn)
0.0,82.0,3.9,782.1,8.2,0.0,0,0,0,ERA5 - Shimla (Post-Monsoon Autumn)
0.0,80.0,3.2,781.9,5.0,0.0,1,0,0,ERA5 - Shimla (Post-Monsoon Autumn)
0.0,73.0,6.8,784.8,3.2,0.0,2,0,0,ERA5 - Shimla (Post-Monsoon Autumn)
0.0,65.0,10.3,788.0,4.8,0.0,3,0,0,ERA5 - Shimla (Post-Monsoon Autumn)
0.0,57.0,12.2,789.5,2.3,0.0,4,0,0,ERA5 - Shimla (Post-Monsoon Autumn)
0.0,44.0,13.7,790.3,2.4,0.0,5,0,0,ERA5 - Shimla (Post-Monsoon Autumn)
0.1,43.0,14.3,790.4,5.1,0.0,6,0,0,ERA5 - Shimla (Post-Monsoon Autumn)
0.2,42.0,14.5,789.8,5.8,0.0,7,0,0,ERA5 - Shimla (Post-Monsoon Autumn)
0.2,43.0,14.5,789.3,7.6,0.0,8,0,0,ERA5 - Shimla (Post-Monsoon Autumn)
0.2,46.0,14.1,788.6,8.3,0.0,9,0,0,ERA5 - Shimla (Post-Monsoon Autumn)
0.0,51.0,13.5,787.9,9.6,0.0,10,0,0,ERA5 - Shimla (Post-Monsoon Autumn)
0.0,58.0,12.3,787.3,9.6,0.0,11,0,0,ERA5 - Shimla (Post-Monsoon Autumn)
0.0,71.0,10.2,786.3,5.5,0.0,12,0,0,ERA5 - Shimla (Post-Monsoon Autumn)
0.0,68.0,10.3,786.8,4.8,0.0,13,0,0,ERA5 - Shimla (Post-Monsoon Autumn)
0.0,74.0,8.8,786.3,0.4,0.0,14,0,0,ERA5 - Shimla (Post-Monsoon Autumn)
0.0,80.0,7.2,785.2,1.8,0.0,15,0,0,ERA5 - Shimla (Post-Monsoon Autumn)
0.0,84.0,6.1,784.5,3.0,0.0,16,0,0,ERA5 - Shimla (Post-Monsoon Autumn)
0.0,84.0,5.8,783.9,3.0,0.0,17,0,0,ERA5 - Shimla (Post-Monsoon Autumn)
0.0,85.0,5.4,783.0,3.6,0.0,18,0,0,ERA5 - Shimla (Post-Monsoon Autumn)
0.0,85.0,5.1,782.4,3.3,0.0,19,0,0,ERA5 - Shimla (Post-Monsoon Autumn)
0.0,84.0,4.8,781.7,2.9,0.0,20,0,0,ERA5 - Shimla (Post-Monsoon Autumn)
0.0,83.0,4.4,780.8,2.5,0.0,21,0,0,ERA5 - Shimla (Post-Monsoon Autumn)
0.0,81.0,4.0,780.4,2.5,0.0,22,0,0,ERA5 - Shimla (Post-Monsoon Autumn)
0.0,79.0,3.8,780.4,2.2,0.0,23,0,0,ERA5 - Shimla (Post-Monsoon Autumn)
0.0,73.0,4.7,782.1,5.9,0.0,0,0,0,ERA5 - Shimla (Post-Monsoon Autumn)
0.0,75.0,3.9,781.8,3.6,0.0,1,0,0,ERA5 - Shimla (Post-Monsoon Autumn)
0.0,69.0,6.8,784.3,3.3,0.0,2,0,0,ERA5 - Shimla (Post-Monsoon Autumn)
0.0,61.0,11.4,788.0,3.8,0.0,3,0,0,ERA5 - Shimla (Post-Monsoon Autumn)
0.0,48.0,13.2,789.3,1.5,0.0,4,0,0,ERA5 - Shimla (Post-Monsoon Autumn)
0.0,43.0,14.4,790.0,2.4,0.0,5,0,0,ERA5 - Shimla (Post-Monsoon Autumn)
0.0,42.0,15.3,790.3,5.7,0.0,6,0,0,ERA5 - Shimla (Post-Monsoon Autumn)
0.0,40.0,15.7,790.0,8.4,0.0,7,0,0,ERA5 - Shimla (Post-Monsoon Autumn)
0.0,41.0,15.5,789.1,10.0,0.0,8,0,0,ERA5 - Shimla (Post-Monsoon Autumn)
0.0,48.0,14.7,788.5,9.4,0.0,9,0,0,ERA5 - Shimla (Post-Monsoon Autumn)
0.2,57.0,13.4,787.8,7.9,0.0,10,0,0,ERA5 - Shimla (Post-Monsoon Autumn)
0.0,62.0,12.5,787.2,7.6,0.0,11,0,0,ERA5 - Shimla (Post-Monsoon Autumn)
0.0,80.0,10.4,786.3,5.1,0.0,12,0,0,ERA5 - Shimla (Post-Monsoon Autumn)
0.0,73.0,10.3,786.8,3.8,0.0,13,0,0,ERA5 - Shimla (Post-Monsoon Autumn)
0.0,75.0,9.8,786.6,1.8,0.0,14,0,0,ERA5 - Shimla (Post-Monsoon Autumn)
0.0,85.0,7.5,785.4,2.5,0.0,15,0,0,ERA5 - Shimla (Post-Monsoon Autumn)
0.0,89.0,6.3,784.5,3.6,0.0,16,0,0,ERA5 - Shimla (Post-Monsoon Autumn)
0.0,89.0,6.2,784.2,3.3,0.0,17,0,0,ERA5 - Shimla (Post-Monsoon Autumn)
0.0,88.0,6.0,783.7,3.3,0.0,18,0,0,ERA5 - Shimla (Post-Monsoon Autumn)
0.0,88.0,5.5,783.2,3.0,0.0,19,0,0,ERA5 - Shimla (Post-Monsoon Autumn)
0.0,87.0,5.2,782.7,2.6,0.0,20,0,0,ERA5 - Shimla (Post-Monsoon Autumn)
0.0,86.0,5.0,782.3,2.5,0.0,21,0,0,ERA5 - Shimla (Post-Monsoon Autumn)
0.0,84.0,4.6,781.9,2.5,0.0,22,0,0,ERA5 - Shimla (Post-Monsoon Autumn)
0.0,83.0,4.2,781.9,2.5,0.0,23,0,0,ERA5 - Shimla (Post-Monsoon Autumn)
0.0,75.0,5.9,783.6,5.9,0.0,0,0,0,ERA5 - Shimla (Post-Monsoon Autumn)
0.0,75.0,5.3,783.7,3.6,0.0,1,0,0,ERA5 - Shimla (Post-Monsoon Autumn)
0.0,71.0,8.2,786.3,2.2,0.0,2,0,0,ERA5 - Shimla (Post-Monsoon Autumn)
0.0,65.0,11.8,789.3,3.2,0.0,3,0,0,ERA5 - Shimla (Post-Monsoon Autumn)
0.0,54.0,13.6,790.6,1.5,0.0,4,0,0,ERA5 - Shimla (Post-Monsoon Autumn)
0.0,48.0,14.8,791.0,2.8,0.0,5,0,0,ERA5 - Shimla (Post-Monsoon Autumn)
0.2,44.0,15.3,791.0,5.6,0.0,6,0,0,ERA5 - Shimla (Post-Monsoon Autumn)
0.3,44.0,15.3,790.5,7.6,0.0,7,0,0,ERA5 - Shimla (Post-Monsoon Autumn)
0.5,45.0,15.1,789.8,8.7,0.0,8,0,0,ERA5 - Shimla (Post-Monsoon Autumn)
0.1,48.0,14.8,789.3,9.6,0.0,9,0,0,ERA5 - Shimla (Post-Monsoon Autumn)
0.1,52.0,14.3,788.8,9.9,0.0,10,0,0,ERA5 - Shimla (Post-Monsoon Autumn)
0.0,56.0,13.2,788.0,10.0,0.0,11,0,0,ERA5 - Shimla (Post-Monsoon Autumn)
0.0,77.0,10.3,786.8,7.7,0.0,12,0,0,ERA5 - Shimla (Post-Monsoon Autumn)
0.0,65.0,11.1,787.8,6.3,0.0,13,0,0,ERA5 - Shimla (Post-Monsoon Autumn)
0.0,66.0,10.8,788.0,2.3,0.0,14,0,0,ERA5 - Shimla (Post-Monsoon Autumn)
0.0,72.0,9.1,786.8,1.5,0.0,15,0,0,ERA5 - Shimla (Post-Monsoon Autumn)
0.0,82.0,6.3,785.0,2.5,0.0,16,0,0,ERA5 - Shimla (Post-Monsoon Autumn)
0.0,83.0,5.8,784.6,2.9,0.0,17,0,0,ERA5 - Shimla (Post-Monsoon Autumn)
0.0,84.0,5.5,784.0,3.3,0.0,18,0,0,ERA5 - Shimla (Post-Monsoon Autumn)
0.0,83.0,5.3,783.5,3.3,0.0,19,0,0,ERA5 - Shimla (Post-Monsoon Autumn)
0.0,82.0,4.8,782.9,3.6,0.0,20,0,0,ERA5 - Shimla (Post-Monsoon Autumn)
0.0,78.0,5.1,782.8,4.3,0.0,21,0,0,ERA5 - Shimla (Post-Monsoon Autumn)
0.0,78.0,5.0,782.6,4.7,0.0,22,0,0,ERA5 - Shimla (Post-Monsoon Autumn)
0.0,80.0,4.3,782.1,4.7,0.0,23,0,0,ERA5 - Shimla (Post-Monsoon Autumn)
0.0,51.0,6.2,778.8,5.4,0.0,0,0,0,ERA5 - Shimla (Mild Summer)
0.0,61.0,6.9,780.0,5.8,0.0,1,0,0,ERA5 - Shimla (Mild Summer)
0.0,54.0,11.2,783.4,2.9,0.0,2,0,0,ERA5 - Shimla (Mild Summer)
0.0,34.0,14.6,786.0,2.3,0.0,3,0,0,ERA5 - Shimla (Mild Summer)
0.0,28.0,15.8,787.0,5.0,0.0,4,0,0,ERA5 - Shimla (Mild Summer)
0.1,26.0,16.5,787.3,8.1,0.0,5,0,0,ERA5 - Shimla (Mild Summer)
0.1,25.0,17.1,787.4,9.9,0.0,6,0,0,ERA5 - Shimla (Mild Summer)
0.1,25.0,17.6,787.0,10.7,0.0,7,0,0,ERA5 - Shimla (Mild Summer)
0.2,25.0,17.7,786.5,12.6,0.0,8,0,0,ERA5 - Shimla (Mild Summer)
0.0,27.0,17.3,785.8,13.4,0.0,9,0,0,ERA5 - Shimla (Mild Summer)
0.1,28.0,17.1,785.4,13.8,0.0,10,0,0,ERA5 - Shimla (Mild Summer)
0.1,29.0,16.4,784.9,13.9,0.0,11,0,0,ERA5 - Shimla (Mild Summer)
0.1,33.0,15.1,784.2,11.2,0.0,12,0,0,ERA5 - Shimla (Mild Summer)
0.0,35.0,12.6,783.3,7.4,0.0,13,0,0,ERA5 - Shimla (Mild Summer)
0.0,47.0,9.7,781.9,8.2,0.0,14,0,0,ERA5 - Shimla (Mild Summer)
0.0,52.0,8.7,781.8,10.3,0.0,15,0,0,ERA5 - Shimla (Mild Summer)
0.0,40.0,10.6,783.5,8.8,0.0,16,0,0,ERA5 - Shimla (Mild Summer)
0.0,49.0,8.5,782.1,6.8,0.0,17,0,0,ERA5 - Shimla (Mild Summer)
0.0,57.0,6.5,780.4,6.2,0.0,18,0,0,ERA5 - Shimla (Mild Summer)
0.0,59.0,5.9,779.7,6.1,0.0,19,0,0,ERA5 - Shimla (Mild Summer)
0.0,57.0,5.7,779.4,5.8,0.0,20,0,0,ERA5 - Shimla (Mild Summer)
0.0,57.0,5.4,778.8,5.4,0.0,21,0,0,ERA5 - Shimla (Mild Summer)
0.0,58.0,5.0,778.2,6.1,0.0,22,0,0,ERA5 - Shimla (Mild Summer)
0.0,57.0,4.8,777.9,6.5,0.0,23,0,0,ERA5 - Shimla (Mild Summer)
0.0,57.0,4.4,777.4,6.1,0.0,0,0,0,ERA5 - Shimla (Mild Summer)
0.0,59.0,5.3,779.0,5.8,0.0,1,0,0,ERA5 - Shimla (Mild Summer)
0.0,51.0,9.9,782.6,4.8,0.0,2,0,0,ERA5 - Shimla (Mild Summer)
0.0,37.0,13.1,785.2,5.2,0.0,3,0,0,ERA5 - Shimla (Mild Summer)
0.0,31.0,15.2,786.4,3.6,0.0,4,0,0,ERA5 - Shimla (Mild Summer)
0.0,27.0,16.7,787.1,3.2,0.0,5,0,0,ERA5 - Shimla (Mild Summer)
0.0,24.0,17.8,787.2,5.6,0.0,6,0,0,ERA5 - Shimla (Mild Summer)
0.0,22.0,18.6,787.1,8.3,0.0,7,0,0,ERA5 - Shimla (Mild Summer)
0.0,22.0,18.8,786.3,10.9,0.0,8,0,0,ERA5 - Shimla (Mild Summer)
0.0,23.0,18.8,785.7,15.7,0.0,9,0,0,ERA5 - Shimla (Mild Summer)
0.0,25.0,17.8,784.9,18.1,0.0,10,0,0,ERA5 - Shimla (Mild Summer)
0.0,27.0,16.4,784.1,16.8,0.0,11,0,0,ERA5 - Shimla (Mild Summer)
0.0,29.0,15.1,783.4,13.0,0.0,12,0,0,ERA5 - Shimla (Mild Summer)
0.0,31.0,13.1,782.8,8.0,0.0,13,0,0,ERA5 - Shimla (Mild Summer)
0.0,41.0,9.9,781.2,7.6,0.0,14,0,0,ERA5 - Shimla (Mild Summer)
0.0,29.0,12.4,783.6,7.4,0.0,15,0,0,ERA5 - Shimla (Mild Summer)
0.0,28.0,12.6,784.1,5.8,0.0,16,0,0,ERA5 - Shimla (Mild Summer)
0.0,27.0,12.4,783.8,4.0,0.0,17,0,0,ERA5 - Shimla (Mild Summer)
0.0,49.0,6.8,779.7,5.2,0.0,18,0,0,ERA5 - Shimla (Mild Summer)
0.0,47.0,6.6,779.2,4.1,0.0,19,0,0,ERA5 - Shimla (Mild Summer)
0.0,48.0,6.3,778.8,4.0,0.0,20,0,0,ERA5 - Shimla (Mild Summer)
0.0,49.0,6.1,778.3,4.3,0.0,21,0,0,ERA5 - Shimla (Mild Summer)
0.0,50.0,5.8,777.7,5.4,0.0,22,0,0,ERA5 - Shimla (Mild Summer)
0.0,51.0,5.4,777.4,5.1,0.0,23,0,0,ERA5 - Shimla (Mild Summer)
0.0,52.0,5.3,777.4,4.4,0.0,0,0,0,ERA5 - Shimla (Mild Summer)
0.0,61.0,6.0,778.9,4.0,0.0,1,0,0,ERA5 - Shimla (Mild Summer)
0.0,51.0,10.8,783.0,2.9,0.0,2,0,0,ERA5 - Shimla (Mild Summer)
0.0,36.0,14.1,785.7,2.6,0.0,3,0,0,ERA5 - Shimla (Mild Summer)
0.0,33.0,15.5,786.8,5.3,0.0,4,0,0,ERA5 - Shimla (Mild Summer)
0.0,31.0,16.6,787.3,8.1,0.0,5,0,0,ERA5 - Shimla (Mild Summer)
0.0,29.0,17.3,787.3,9.5,0.0,6,0,0,ERA5 - Shimla (Mild Summer)
0.0,29.0,18.1,787.0,9.7,0.0,7,0,0,ERA5 - Shimla (Mild Summer)
0.0,26.0,18.7,786.4,11.0,0.0,8,0,0,ERA5 - Shimla (Mild Summer)
0.1,26.0,18.1,785.7,15.6,0.0,9,0,0,ERA5 - Shimla (Mild Summer)
0.0,26.0,17.7,785.1,18.9,0.0,10,0,0,ERA5 - Shimla (Mild Summer)
0.1,31.0,16.0,784.8,8.3,0.0,11,0,0,ERA5 - Shimla (Mild Summer)
0.1,35.0,14.5,784.3,9.8,0.0,12,0,0,ERA5 - Shimla (Mild Summer)
0.0,55.0,11.2,782.4,4.3,0.0,13,0,0,ERA5 - Shimla (Mild Summer)
0.0,68.0,8.3,780.5,4.7,0.0,14,0,0,ERA5 - Shimla (Mild Summer)
0.0,64.0,8.0,780.7,4.3,0.0,15,0,0,ERA5 - Shimla (Mild Summer)
0.0,61.0,7.9,780.9,3.3,0.0,16,0,0,ERA5 - Shimla (Mild Summer)
0.0,64.0,7.0,780.5,3.0,0.0,17,0,0,ERA5 - Shimla (Mild Summer)
0.0,62.0,6.6,780.1,3.7,0.0,18,0,0,ERA5 - Shimla (Mild Summer)
0.0,57.0,6.5,780.0,4.7,0.0,19,0,0,ERA5 - Shimla (Mild Summer)
0.0,54.0,6.3,779.6,4.7,0.0,20,0,0,ERA5 - Shimla (Mild Summer)
0.0,51.0,5.9,778.7,4.4,0.0,21,0,0,ERA5 - Shimla (Mild Summer)
0.0,51.0,5.4,778.2,4.3,0.0,22,0,0,ERA5 - Shimla (Mild Summer)
0.0,51.0,5.0,778.0,4.3,0.0,23,0,0,ERA5 - Shimla (Mild Summer)
0.0,52.0,4.6,778.2,4.3,0.0,0,0,0,ERA5 - Shimla (Mild Summer)
0.0,57.0,5.4,779.4,4.7,0.0,1,0,0,ERA5 - Shimla (Mild Summer)
0.0,49.0,10.1,783.5,5.1,0.0,2,0,0,ERA5 - Shimla (Mild Summer)
0.0,35.0,13.6,786.4,3.9,0.0,3,0,0,ERA5 - Shimla (Mild Summer)
0.0,29.0,15.4,787.8,6.9,0.0,4,0,0,ERA5 - Shimla (Mild Summer)
0.0,25.0,16.6,788.6,11.6,0.0,5,0,0,ERA5 - Shimla (Mild Summer)
0.0,24.0,17.3,788.9,13.0,0.0,6,0,0,ERA5 - Shimla (Mild Summer)
0.0,21.0,17.9,788.9,12.2,0.0,7,0,0,ERA5 - Shimla (Mild Summer)
0.0,19.0,18.6,788.6,12.3,0.0,8,0,0,ERA5 - Shimla (Mild Summer)
0.0,20.0,18.8,788.1,13.8,0.0,9,0,0,ERA5 - Shimla (Mild Summer)
0.0,21.0,18.3,787.4,16.7,0.0,10,0,0,ERA5 - Shimla (Mild Summer)
0.0,22.0,17.2,786.8,16.3,0.0,11,0,0,ERA5 - Shimla (Mild Summer)
0.0,24.0,16.0,786.1,9.6,0.0,12,0,0,ERA5 - Shimla (Mild Summer)
0.0,28.0,13.1,784.5,7.3,0.0,13,0,0,ERA5 - Shimla (Mild Summer)
0.0,42.0,10.0,783.1,9.1,0.0,14,0,0,ERA5 - Shimla (Mild Summer)
0.0,22.0,13.7,786.4,4.0,0.0,15,0,0,ERA5 - Shimla (Mild Summer)
0.0,21.0,13.9,786.6,1.6,0.0,16,0,0,ERA5 - Shimla (Mild Summer)
0.0,21.0,14.0,786.6,3.1,0.0,17,0,0,ERA5 - Shimla (Mild Summer)
0.0,38.0,9.0,783.1,4.5,0.0,18,0,0,ERA5 - Shimla (Mild Summer)
0.0,44.0,7.1,781.5,5.2,0.0,19,0,0,ERA5 - Shimla (Mild Summer)
0.0,43.0,7.0,780.9,4.4,0.0,20,0,0,ERA5 - Shimla (Mild Summer)
0.0,45.0,6.4,780.2,4.3,0.0,21,0,0,ERA5 - Shimla (Mild Summer)
0.0,47.0,5.9,779.7,4.7,0.0,22,0,0,ERA5 - Shimla (Mild Summer)
0.0,46.0,5.7,779.4,4.3,0.0,23,0,0,ERA5 - Shimla (Mild Summer)
0.0,45.0,5.6,779.6,4.7,0.0,0,0,0,ERA5 - Shimla (Mild Summer)
0.0,52.0,6.4,781.1,4.3,0.0,1,0,0,ERA5 - Shimla (Mild Summer)
0.0,47.0,11.0,784.8,4.7,0.0,2,0,0,ERA5 - Shimla (Mild Summer)
0.0,31.0,14.9,788.0,3.4,0.0,3,0,0,ERA5 - Shimla (Mild Summer)
0.0,26.0,16.9,789.4,2.8,0.0,4,0,0,ERA5 - Shimla (Mild Summer)
0.0,23.0,18.2,790.1,5.6,0.0,5,0,0,ERA5 - Shimla (Mild Summer)
0.0,22.0,19.2,790.4,8.0,0.0,6,0,0,ERA5 - Shimla (Mild Summer)
0.0,22.0,20.0,790.4,10.0,0.0,7,0,0,ERA5 - Shimla (Mild Summer)
0.0,21.0,20.5,790.0,12.9,0.0,8,0,0,ERA5 - Shimla (Mild Summer)
0.0,21.0,19.2,788.9,14.1,0.0,9,0,0,ERA5 - Shimla (Mild Summer)
0.0,22.0,18.8,788.1,9.8,0.0,10,0,0,ERA5 - Shimla (Mild Summer)
0.1,30.0,16.6,787.4,8.1,0.0,11,0,0,ERA5 - Shimla (Mild Summer)
0.0,41.0,15.1,786.6,5.5,0.0,12,0,0,ERA5 - Shimla (Mild Summer)
0.0,28.0,15.4,786.8,2.3,0.0,13,0,0,ERA5 - Shimla (Mild Summer)
0.0,36.0,13.4,785.9,3.9,0.0,14,0,0,ERA5 - Shimla (Mild Summer)
0.0,58.0,8.8,783.4,5.4,0.0,15,0,0,ERA5 - Shimla (Mild Summer)
0.0,56.0,8.3,783.2,3.1,0.0,16,0,0,ERA5 - Shimla (Mild Summer)
0.0,51.0,7.8,782.9,2.3,0.0,17,0,0,ERA5 - Shimla (Mild Summer)
0.0,47.0,7.6,782.7,3.1,0.0,18,0,0,ERA5 - Shimla (Mild Summer)
0.0,48.0,7.2,782.2,3.1,0.0,19,0,0,ERA5 - Shimla (Mild Summer)
0.0,49.0,6.8,781.5,3.0,0.0,20,0,0,ERA5 - Shimla (Mild Summer)
0.0,50.0,6.4,780.7,3.3,0.0,21,0,0,ERA5 - Shimla (Mild Summer)
0.0,49.0,6.3,780.3,4.0,0.0,22,0,0,ERA5 - Shimla (Mild Summer)
0.0,48.0,6.0,780.1,4.3,0.0,23,0,0,ERA5 - Shimla (Mild Summer)
0.0,48.0,5.7,780.1,4.7,0.0,0,0,0,ERA5 - Shimla (Mild Summer)
0.0,56.0,6.8,782.2,5.1,0.0,1,0,0,ERA5 - Shimla (Mild Summer)
0.0,49.0,11.4,786.1,5.1,0.0,2,0,0,ERA5 - Shimla (Mild Summer)
0.0,37.0,15.1,789.0,4.3,0.0,3,0,0,ERA5 - Shimla (Mild Summer)
0.0,29.0,17.1,790.1,3.5,0.0,4,0,0,ERA5 - Shimla (Mild Summer)
0.0,25.0,18.4,790.7,5.1,0.0,5,0,0,ERA5 - Shimla (Mild Summer)
0.0,22.0,19.3,790.8,7.3,0.0,6,0,0,ERA5 - Shimla (Mild Summer)
0.0,21.0,20.0,790.4,7.4,0.0,7,0,0,ERA5 - Shimla (Mild Summer)
0.0,20.0,20.4,790.1,7.9,0.0,8,0,0,ERA5 - Shimla (Mild Summer)
0.0,18.0,20.4,789.3,11.5,0.0,9,0,0,ERA5 - Shimla (Mild Summer)
0.0,16.0,19.6,788.4,10.0,0.0,10,0,0,ERA5 - Shimla (Mild Summer)
0.0,21.0,18.1,787.8,7.4,0.0,11,0,0,ERA5 - Shimla (Mild Summer)
0.0,31.0,16.6,787.3,2.9,0.0,12,0,0,ERA5 - Shimla (Mild Summer)
0.0,61.0,12.8,785.8,3.8,0.0,13,0,0,ERA5 - Shimla (Mild Summer)
0.0,56.0,10.5,784.3,6.4,0.0,14,0,0,ERA5 - Shimla (Mild Summer)
0.0,39.0,13.0,786.5,4.3,0.0,15,0,0,ERA5 - Shimla (Mild Summer)
0.0,45.0,10.9,785.5,4.7,0.0,16,0,0,ERA5 - Shimla (Mild Summer)
0.0,50.0,9.0,784.6,5.9,0.0,17,0,0,ERA5 - Shimla (Mild Summer)
0.0,51.0,8.4,784.0,5.4,0.0,18,0,0,ERA5 - Shimla (Mild Summer)
0.0,49.0,8.3,783.6,5.8,0.0,19,0,0,ERA5 - Shimla (Mild Summer)
0.0,49.0,7.8,782.9,5.8,0.0,20,0,0,ERA5 - Shimla (Mild Summer)
0.0,48.0,7.5,782.4,6.1,0.0,21,0,0,ERA5 - Shimla (Mild Summer)
0.0,44.0,7.7,782.1,6.3,0.0,22,0,0,ERA5 - Shimla (Mild Summer)
0.0,42.0,7.9,782.2,6.2,0.0,23,0,0,ERA5 - Shimla (Mild Summer)
0.0,50.0,11.9,1008.9,10.7,0.0,0,0,0,ERA5 - Ahmedabad (Winter)
0.0,49.0,11.8,1009.4,11.3,0.0,1,0,0,ERA5 - Ahmedabad (Winter)
0.0,46.0,11.8,1009.8,12.1,0.0,2,0,0,ERA5 - Ahmedabad (Winter)
0.0,40.0,13.6,1010.6,14.7,0.0,3,0,0,ERA5 - Ahmedabad (Winter)
0.0,32.0,16.5,1011.3,14.5,0.0,4,0,0,ERA5 - Ahmedabad (Winter)
0.0,27.0,19.3,1011.3,14.6,0.0,5,0,0,ERA5 - Ahmedabad (Winter)
0.0,27.0,21.8,1010.6,14.4,0.0,6,0,0,ERA5 - Ahmedabad (Winter)
0.0,26.0,23.6,1009.4,12.2,0.0,7,0,0,ERA5 - Ahmedabad (Winter)
0.0,23.0,24.5,1008.3,9.6,0.0,8,0,0,ERA5 - Ahmedabad (Winter)
0.0,22.0,25.0,1007.0,9.2,0.0,9,0,0,ERA5 - Ahmedabad (Winter)
0.0,21.0,25.2,1005.9,9.4,0.0,10,0,0,ERA5 - Ahmedabad (Winter)
0.0,21.0,24.9,1005.8,9.7,0.0,11,0,0,ERA5 - Ahmedabad (Winter)
0.0,25.0,22.8,1006.4,10.3,0.0,12,0,0,ERA5 - Ahmedabad (Winter)
0.0,31.0,19.5,1006.9,7.1,0.0,13,0,0,ERA5 - Ahmedabad (Winter)
0.0,34.0,17.9,1007.4,7.1,0.0,14,0,0,ERA5 - Ahmedabad (Winter)
0.0,39.0,16.1,1007.8,9.4,0.0,15,0,0,ERA5 - Ahmedabad (Winter)
0.0,42.0,15.0,1008.0,8.1,0.0,16,0,0,ERA5 - Ahmedabad (Winter)
0.0,47.0,13.5,1008.3,8.6,0.0,17,0,0,ERA5 - Ahmedabad (Winter)
0.0,48.0,12.9,1008.2,5.6,0.0,18,0,0,ERA5 - Ahmedabad (Winter)
0.0,49.0,12.4,1007.9,7.6,0.0,19,0,0,ERA5 - Ahmedabad (Winter)
0.0,51.0,11.7,1007.6,6.8,0.0,20,0,0,ERA5 - Ahmedabad (Winter)
0.0,55.0,10.6,1007.4,6.2,0.0,21,0,0,ERA5 - Ahmedabad (Winter)
0.0,56.0,10.1,1007.0,6.2,0.0,22,0,0,ERA5 - Ahmedabad (Winter)
0.0,58.0,9.5,1007.2,6.1,0.0,23,0,0,ERA5 - Ahmedabad (Winter)
0.0,56.0,9.9,1007.6,9.0,0.0,0,0,0,ERA5 - Ahmedabad (Winter)
0.0,51.0,10.1,1008.4,10.4,0.0,1,0,0,ERA5 - Ahmedabad (Winter)
0.0,50.0,10.1,1009.1,10.7,0.0,2,0,0,ERA5 - Ahmedabad (Winter)
0.0,46.0,12.1,1010.0,13.1,0.0,3,0,0,ERA5 - Ahmedabad (Winter)
0.0,38.0,15.4,1010.7,11.8,0.0,4,0,0,ERA5 - Ahmedabad (Winter)
0.0,31.0,18.9,1010.9,12.2,0.0,5,0,0,ERA5 - Ahmedabad (Winter)
0.0,25.0,21.9,1010.1,12.7,0.0,6,0,0,ERA5 - Ahmedabad (Winter)
0.0,23.0,23.8,1009.0,11.1,0.0,7,0,0,ERA5 - Ahmedabad (Winter)
0.0,20.0,25.0,1007.9,8.9,0.0,8,0,0,ERA5 - Ahmedabad (Winter)
0.0,18.0,25.7,1006.6,8.4,0.0,9,0,0,ERA5 - Ahmedabad (Winter)
0.0,18.0,26.0,1005.9,8.5,0.0,10,0,0,ERA5 - Ahmedabad (Winter)
0.0,17.0,25.7,1005.7,9.0,0.0,11,0,0,ERA5 - Ahmedabad (Winter)
0.0,20.0,24.3,1006.3,8.7,0.0,12,0,0,ERA5 - Ahmedabad (Winter)
0.0,26.0,20.0,1007.2,8.2,0.0,13,0,0,ERA5 - Ahmedabad (Winter)
0.0,29.0,18.5,1007.7,8.2,0.0,14,0,0,ERA5 - Ahmedabad (Winter)
0.0,31.0,17.3,1008.2,7.5,0.0,15,0,0,ERA5 - Ahmedabad (Winter)
0.0,34.0,16.1,1008.8,7.7,0.0,16,0,0,ERA5 - Ahmedabad (Winter)
0.0,37.0,15.1,1009.0,7.4,0.0,17,0,0,ERA5 - Ahmedabad (Winter)
0.0,38.0,14.3,1008.7,7.1,0.0,18,0,0,ERA5 - Ahmedabad (Winter)
0.0,38.0,13.9,1008.5,8.4,0.0,19,0,0,ERA5 - Ahmedabad (Winter)
0.0,38.0,13.7,1008.1,11.0,0.0,20,0,0,ERA5 - Ahmedabad (Winter)
0.0,35.0,13.6,1007.9,11.2,0.0,21,0,0,ERA5 - Ahmedabad (Winter)
0.0,34.0,13.3,1007.6,12.5,0.0,22,0,0,ERA5 - Ahmedabad (Winter)
0.0,35.0,13.0,1007.7,13.2,0.0,23,0,0,ERA5 - Ahmedabad (Winter)
0.0,39.0,12.8,1008.0,13.6,0.0,0,0,0,ERA5 - Ahmedabad (Winter)
0.0,41.0,12.4,1008.5,13.1,0.0,1,0,0,ERA5 - Ahmedabad (Winter)
0.0,42.0,12.1,1009.5,12.9,0.0,2,0,0,ERA5 - Ahmedabad (Winter)
0.0,40.0,13.8,1010.3,15.2,0.0,3,0,0,ERA5 - Ahmedabad (Winter)
0.0,35.0,16.6,1011.1,14.7,0.0,4,0,0,ERA5 - Ahmedabad (Winter)
0.0,30.0,19.7,1011.4,14.3,0.0,5,0,0,ERA5 - Ahmedabad (Winter)
0.0,27.0,22.6,1010.8,13.9,0.0,6,0,0,ERA5 - Ahmedabad (Winter)
0.0,26.0,24.8,1009.5,12.4,0.0,7,0,0,ERA5 - Ahmedabad (Winter)
0.0,24.0,26.1,1008.2,10.7,0.0,8,0,0,ERA5 - Ahmedabad (Winter)
0.0,21.0,26.9,1007.3,11.0,0.0,9,0,0,ERA5 - Ahmedabad (Winter)
0.0,19.0,27.1,1006.6,11.2,0.0,10,0,0,ERA5 - Ahmedabad (Winter)
0.0,18.0,26.7,1006.8,11.9,0.0,11,0,0,ERA5 - Ahmedabad (Winter)
0.0,21.0,25.2,1007.2,8.9,0.0,12,0,0,ERA5 - Ahmedabad (Winter)
0.0,27.0,20.6,1007.6,9.4,0.0,13,0,0,ERA5 - Ahmedabad (Winter)
0.0,29.0,19.0,1008.3,9.0,0.0,14,0,0,ERA5 - Ahmedabad (Winter)
0.0,32.0,17.6,1008.8,8.0,0.0,15,0,0,ERA5 - Ahmedabad (Winter)
0.0,35.0,16.3,1009.5,7.4,0.0,16,0,0,ERA5 - Ahmedabad (Winter)
0.0,38.0,15.2,1009.8,6.7,0.0,17,0,0,ERA5 - Ahmedabad (Winter)
0.0,41.0,14.4,1009.7,6.7,0.0,18,0,0,ERA5 - Ahmedabad (Winter)
0.0,43.0,13.6,1009.4,6.8,0.0,19,0,0,ERA5 - Ahmedabad (Winter)
0.0,44.0,13.1,1009.1,8.4,0.0,20,0,0,ERA5 - Ahmedabad (Winter)
0.0,42.0,13.4,1009.1,11.8,0.0,21,0,0,ERA5 - Ahmedabad (Winter)
0.0,40.0,13.5,1008.7,12.5,0.0,22,0,0,ERA5 - Ahmedabad (Winter)
0.0,43.0,13.5,1008.8,13.5,0.0,23,0,0,ERA5 - Ahmedabad (Winter)
0.0,49.0,13.3,1009.2,14.8,0.0,0,0,0,ERA5 - Ahmedabad (Winter)
0.0,50.0,12.9,1009.9,15.3,0.0,1,0,0,ERA5 - Ahmedabad (Winter)
0.0,50.0,12.7,1010.9,16.0,0.0,2,0,0,ERA5 - Ahmedabad (Winter)
0.0,46.0,14.3,1011.6,17.3,0.0,3,0,0,ERA5 - Ahmedabad (Winter)
0.0,38.0,17.1,1012.2,17.2,0.0,4,0,0,ERA5 - Ahmedabad (Winter)
0.0,32.0,20.1,1012.6,17.1,0.0,5,0,0,ERA5 - Ahmedabad (Winter)
0.0,28.0,23.0,1012.0,16.2,0.0,6,0,0,ERA5 - Ahmedabad (Winter)
0.0,27.0,25.2,1010.8,15.7,0.0,7,0,0,ERA5 - Ahmedabad (Winter)
0.0,25.0,26.7,1009.3,14.6,0.0,8,0,0,ERA5 - Ahmedabad (Winter)
0.0,22.0,27.5,1007.9,13.3,0.0,9,0,0,ERA5 - Ahmedabad (Winter)
0.0,20.0,27.9,1007.2,12.2,0.0,10,0,0,ERA5 - Ahmedabad (Winter)
0.0,20.0,27.5,1007.1,11.6,0.0,11,0,0,ERA5 - Ahmedabad (Winter)
0.0,24.0,25.8,1007.6,9.2,0.0,12,0,0,ERA5 - Ahmedabad (Winter)
0.0,28.0,22.0,1008.2,7.9,0.0,13,0,0,ERA5 - Ahmedabad (Winter)
0.0,29.0,20.8,1009.1,8.9,0.0,14,0,0,ERA5 - Ahmedabad (Winter)
0.0,31.0,19.7,1009.6,9.1,0.0,15,0,0,ERA5 - Ahmedabad (Winter)
0.0,32.0,18.7,1009.9,8.9,0.0,16,0,0,ERA5 - Ahmedabad (Winter)
0.0,35.0,17.6,1010.0,8.6,0.0,17,0,0,ERA5 - Ahmedabad (Winter)
0.0,37.0,16.5,1009.6,8.3,0.0,18,0,0,ERA5 - Ahmedabad (Winter)
0.0,38.0,16.0,1009.3,8.9,0.0,19,0,0,ERA5 - Ahmedabad (Winter)
0.0,39.0,15.7,1009.1,11.0,0.0,20,0,0,ERA5 - Ahmedabad (Winter)
0.0,39.0,15.3,1008.7,11.8,0.0,21,0,0,ERA5 - Ahmedabad (Winter)
0.0,41.0,15.0,1008.3,12.1,0.0,22,0,0,ERA5 - Ahmedabad (Winter)
0.0,44.0,14.7,1008.4,12.2,0.0,23,0,0,ERA5 - Ahmedabad (Winter)
0.0,50.0,14.6,1008.9,13.4,0.0,0,0,0,ERA5 - Ahmedabad (Winter)
0.0,52.0,14.1,1009.6,13.6,0.0,1,0,0,ERA5 - Ahmedabad (Winter)
0.0,53.0,13.9,1010.2,14.0,0.0,2,0,0,ERA5 - Ahmedabad (Winter)
0.0,48.0,15.5,1010.9,15.5,0.0,3,0,0,ERA5 - Ahmedabad (Winter)
0.0,40.0,18.3,1011.6,15.6,0.0,4,0,0,ERA5 - Ahmedabad (Winter)
0.0,34.0,21.3,1011.8,15.8,0.0,5,0,0,ERA5 - Ahmedabad (Winter)
0.0,29.0,24.2,1011.0,15.8,0.0,6,0,0,ERA5 - Ahmedabad (Winter)
0.0,27.0,26.4,1009.7,14.2,0.0,7,0,0,ERA5 - Ahmedabad (Winter)
0.0,26.0,28.0,1008.0,11.9,0.0,8,0,0,ERA5 - Ahmedabad (Winter)
0.0,25.0,28.9,1006.7,9.2,0.0,9,0,0,ERA5 - Ahmedabad (Winter)
0.0,25.0,29.2,1006.2,7.2,0.0,10,0,0,ERA5 - Ahmedabad (Winter)
0.0,26.0,28.9,1005.9,6.7,0.0,11,0,0,ERA5 - Ahmedabad (Winter)
0.0,41.0,27.1,1006.1,4.0,0.0,12,0,0,ERA5 - Ahmedabad (Winter)
0.0,31.0,26.3,1006.6,3.7,0.0,13,0,0,ERA5 - Ahmedabad (Winter)
0.0,41.0,22.4,1007.0,5.2,0.0,14,0,0,ERA5 - Ahmedabad (Winter)
0.0,45.0,20.2,1007.4,6.4,0.0,15,0,0,ERA5 - Ahmedabad (Winter)
0.0,46.0,19.4,1007.8,7.6,0.0,16,0,0,ERA5 - Ahmedabad (Winter)
0.0,49.0,18.6,1007.9,7.6,0.0,17,0,0,ERA5 - Ahmedabad (Winter)
0.0,52.0,17.7,1007.4,7.4,0.0,18,0,0,ERA5 - Ahmedabad (Winter)
0.0,55.0,16.7,1006.9,7.0,0.0,19,0,0,ERA5 - Ahmedabad (Winter)
0.0,58.0,16.0,1006.4,6.9,0.0,20,0,0,ERA5 - Ahmedabad (Winter)
0.0,60.0,15.3,1005.9,6.5,0.0,21,0,0,ERA5 - Ahmedabad (Winter)
0.0,63.0,14.4,1005.8,5.8,0.0,22,0,0,ERA5 - Ahmedabad (Winter)
0.0,63.0,13.8,1005.9,6.2,0.0,23,0,0,ERA5 - Ahmedabad (Winter)
0.0,55.0,14.0,1006.3,6.7,0.0,0,0,0,ERA5 - Ahmedabad (Winter)
0.0,58.0,13.3,1007.1,6.6,0.0,1,0,0,ERA5 - Ahmedabad (Winter)
0.0,61.0,12.8,1008.0,6.4,0.0,2,0,0,ERA5 - Ahmedabad (Winter)
0.0,53.0,15.2,1008.8,8.3,0.0,3,0,0,ERA5 - Ahmedabad (Winter)
0.0,44.0,18.5,1009.7,4.9,0.0,4,0,0,ERA5 - Ahmedabad (Winter)
0.0,38.0,22.0,1010.3,4.0,0.0,5,0,0,ERA5 - Ahmedabad (Winter)
0.0,36.0,25.0,1009.8,2.9,0.0,6,0,0,ERA5 - Ahmedabad (Winter)
0.0,32.0,27.0,1008.7,1.1,0.0,7,0,0,ERA5 - Ahmedabad (Winter)
0.0,26.0,28.3,1007.5,4.0,0.0,8,0,0,ERA5 - Ahmedabad (Winter)
0.0,21.0,28.9,1006.7,7.2,0.0,9,0,0,ERA5 - Ahmedabad (Winter)
0.0,20.0,29.0,1006.1,8.4,0.0,10,0,0,ERA5 - Ahmedabad (Winter)
0.0,19.0,28.7,1006.0,9.3,0.0,11,0,0,ERA5 - Ahmedabad (Winter)
0.0,23.0,27.0,1006.3,7.8,0.0,12,0,0,ERA5 - Ahmedabad (Winter)
0.0,29.0,23.1,1006.9,7.8,0.0,13,0,0,ERA5 - Ahmedabad (Winter)
0.0,29.0,22.4,1007.8,10.5,0.0,14,0,0,ERA5 - Ahmedabad (Winter)
0.0,31.0,21.1,1008.4,10.7,0.0,15,0,0,ERA5 - Ahmedabad (Winter)
0.0,31.0,20.3,1008.9,12.3,0.0,16,0,0,ERA5 - Ahmedabad (Winter)
0.0,32.0,19.4,1009.1,12.2,0.0,17,0,0,ERA5 - Ahmedabad (Winter)
0.0,33.0,18.6,1008.7,12.9,0.0,18,0,0,ERA5 - Ahmedabad (Winter)
0.0,35.0,17.8,1008.6,11.8,0.0,19,0,0,ERA5 - Ahmedabad (Winter)
0.0,37.0,17.2,1008.3,11.5,0.0,20,0,0,ERA5 - Ahmedabad (Winter)
0.0,39.0,16.3,1008.0,9.7,0.0,21,0,0,ERA5 - Ahmedabad (Winter)
0.0,41.0,15.5,1007.6,9.3,0.0,22,0,0,ERA5 - Ahmedabad (Winter)
0.0,44.0,14.8,1007.3,8.2,0.0,23,0,0,ERA5 - Ahmedabad (Winter)
0.0,39.0,21.8,1008.3,13.0,0.0,0,0,0,ERA5 - Ahmedabad (Pre-Monsoon Spring)
0.0,41.0,21.6,1009.0,11.8,0.0,1,0,0,ERA5 - Ahmedabad (Pre-Monsoon Spring)
0.0,43.0,21.8,1009.7,12.6,0.0,2,0,0,ERA5 - Ahmedabad (Pre-Monsoon Spring)
0.0,39.0,24.3,1010.4,11.9,0.0,3,0,0,ERA5 - Ahmedabad (Pre-Monsoon Spring)
0.0,34.0,27.6,1011.0,12.4,0.0,4,0,0,ERA5 - Ahmedabad (Pre-Monsoon Spring)
0.0,28.0,31.0,1011.0,13.1,0.0,5,0,0,ERA5 - Ahmedabad (Pre-Monsoon Spring)
0.0,18.0,33.4,1010.3,11.2,0.0,6,0,0,ERA5 - Ahmedabad (Pre-Monsoon Spring)
0.0,14.0,34.5,1009.3,6.8,0.0,7,0,0,ERA5 - Ahmedabad (Pre-Monsoon Spring)
0.0,12.0,35.1,1008.0,5.2,0.0,8,0,0,ERA5 - Ahmedabad (Pre-Monsoon Spring)
0.0,12.0,35.5,1006.9,6.4,0.0,9,0,0,ERA5 - Ahmedabad (Pre-Monsoon Spring)
0.0,12.0,35.5,1005.7,7.9,0.0,10,0,0,ERA5 - Ahmedabad (Pre-Monsoon Spring)
0.0,12.0,35.3,1005.2,8.4,0.0,11,0,0,ERA5 - Ahmedabad (Pre-Monsoon Spring)
0.0,12.0,34.1,1005.7,9.9,0.0,12,0,0,ERA5 - Ahmedabad (Pre-Monsoon Spring)
0.0,18.0,30.9,1006.2,8.1,0.0,13,0,0,ERA5 - Ahmedabad (Pre-Monsoon Spring)
0.0,19.0,28.3,1006.8,9.1,0.0,14,0,0,ERA5 - Ahmedabad (Pre-Monsoon Spring)
0.0,22.0,26.5,1007.6,9.2,0.0,15,0,0,ERA5 - Ahmedabad (Pre-Monsoon Spring)
0.0,23.0,25.9,1008.3,7.0,0.0,16,0,0,ERA5 - Ahmedabad (Pre-Monsoon Spring)
0.0,24.0,25.1,1008.7,8.4,0.0,17,0,0,ERA5 - Ahmedabad (Pre-Monsoon Spring)
0.0,23.0,24.3,1008.5,7.6,0.0,18,0,0,ERA5 - Ahmedabad (Pre-Monsoon Spring)
0.0,26.0,22.7,1008.3,7.4,0.0,19,0,0,ERA5 - Ahmedabad (Pre-Monsoon Spring)
0.0,27.0,22.0,1007.6,6.8,0.0,20,0,0,ERA5 - Ahmedabad (Pre-Monsoon Spring)
0.0,28.0,21.8,1006.9,8.2,0.0,21,0,0,ERA5 - Ahmedabad (Pre-Monsoon Spring)
0.0,30.0,21.6,1006.8,13.4,0.0,22,0,0,ERA5 - Ahmedabad (Pre-Monsoon Spring)
0.0,30.0,21.5,1006.8,11.5,0.0,23,0,0,ERA5 - Ahmedabad (Pre-Monsoon Spring)
0.0,33.0,21.1,1007.0,11.7,0.0,0,0,0,ERA5 - Ahmedabad (Pre-Monsoon Spring)
0.0,38.0,21.0,1008.1,12.4,0.0,1,0,0,ERA5 - Ahmedabad (Pre-Monsoon Spring)
0.0,39.0,21.8,1009.0,13.1,0.0,2,0,0,ERA5 - Ahmedabad (Pre-Monsoon Spring)
0.0,35.0,24.7,1009.8,12.1,0.0,3,0,0,ERA5 - Ahmedabad (Pre-Monsoon Spring)
0.0,30.0,28.1,1010.4,13.3,0.0,4,0,0,ERA5 - Ahmedabad (Pre-Monsoon Spring)
0.0,25.0,31.2,1010.5,13.7,0.0,5,0,0,ERA5 - Ahmedabad (Pre-Monsoon Spring)
0.0,20.0,33.8,1009.7,13.5,0.0,6,0,0,ERA5 - Ahmedabad (Pre-Monsoon Spring)
0.0,15.0,35.2,1008.9,9.8,0.0,7,0,0,ERA5 - Ahmedabad (Pre-Monsoon Spring)
0.0,14.0,35.8,1007.4,6.8,0.0,8,0,0,ERA5 - Ahmedabad (Pre-Monsoon Spring)
0.0,13.0,36.1,1006.0,5.5,0.0,9,0,0,ERA5 - Ahmedabad (Pre-Monsoon Spring)
0.0,13.0,36.1,1005.0,3.4,0.0,10,0,0,ERA5 - Ahmedabad (Pre-Monsoon Spring)
0.0,12.0,35.9,1004.7,1.6,0.0,11,0,0,ERA5 - Ahmedabad (Pre-Monsoon Spring)
0.0,12.0,35.0,1005.2,1.0,0.0,12,0,0,ERA5 - Ahmedabad (Pre-Monsoon Spring)
0.0,13.0,34.4,1005.4,3.2,0.0,13,0,0,ERA5 - Ahmedabad (Pre-Monsoon Spring)
0.0,19.0,29.0,1005.8,7.6,0.0,14,0,0,ERA5 - Ahmedabad (Pre-Monsoon Spring)
0.0,20.0,28.5,1006.7,10.0,0.0,15,0,0,ERA5 - Ahmedabad (Pre-Monsoon Spring)
0.0,20.0,27.0,1007.2,8.4,0.0,16,0,0,ERA5 - Ahmedabad (Pre-Monsoon Spring)
0.0,21.0,25.7,1007.6,9.7,0.0,17,0,0,ERA5 - Ahmedabad (Pre-Monsoon Spring)
0.0,23.0,24.7,1007.5,8.5,0.0,18,0,0,ERA5 - Ahmedabad (Pre-Monsoon Spring)
0.0,25.0,24.8,1006.9,9.8,0.0,19,0,0,ERA5 - Ahmedabad (Pre-Monsoon Spring)
0.0,26.0,23.8,1006.4,8.3,0.0,20,0,0,ERA5 - Ahmedabad (Pre-Monsoon Spring)
0.0,26.0,23.3,1005.8,8.4,0.0,21,0,0,ERA5 - Ahmedabad (Pre-Monsoon Spring)
0.0,27.0,22.5,1005.6,7.9,0.0,22,0,0,ERA5 - Ahmedabad (Pre-Monsoon Spring)
0.0,29.0,21.6,1005.7,7.9,0.0,23,0,0,ERA5 - Ahmedabad (Pre-Monsoon Spring)
0.0,35.0,20.9,1006.7,9.4,0.0,0,0,0,ERA5 - Ahmedabad (Pre-Monsoon Spring)
0.0,35.0,21.1,1007.4,10.3,0.0,1,0,0,ERA5 - Ahmedabad (Pre-Monsoon Spring)
0.0,34.0,22.2,1008.1,13.4,0.0,2,0,0,ERA5 - Ahmedabad (Pre-Monsoon Spring)
0.0,32.0,25.0,1008.9,13.9,0.0,3,0,0,ERA5 - Ahmedabad (Pre-Monsoon Spring)
0.0,28.0,28.2,1009.3,13.2,0.0,4,0,0,ERA5 - Ahmedabad (Pre-Monsoon Spring)
0.0,24.0,31.6,1009.1,13.5,0.0,5,0,0,ERA5 - Ahmedabad (Pre-Monsoon Spring)
0.0,18.0,34.9,1008.5,13.0,0.0,6,0,0,ERA5 - Ahmedabad (Pre-Monsoon Spring)
0.0,14.0,36.3,1007.5,8.3,0.0,7,0,0,ERA5 - Ahmedabad (Pre-Monsoon Spring)
0.0,13.0,37.0,1006.0,5.7,0.0,8,0,0,ERA5 - Ahmedabad (Pre-Monsoon Spring)
0.0,13.0,37.4,1005.0,4.4,0.0,9,0,0,ERA5 - Ahmedabad (Pre-Monsoon Spring)
0.0,13.0,37.2,1004.2,2.8,0.0,10,0,0,ERA5 - Ahmedabad (Pre-Monsoon Spring)
0.0,13.0,36.5,1003.8,3.5,0.0,11,0,0,ERA5 - Ahmedabad (Pre-Monsoon Spring)
0.0,14.0,35.7,1004.8,9.2,0.0,12,0,0,ERA5 - Ahmedabad (Pre-Monsoon Spring)
0.0,16.0,33.8,1005.1,8.4,0.0,13,0,0,ERA5 - Ahmedabad (Pre-Monsoon Spring)
0.0,17.0,31.5,1005.6,8.8,0.0,14,0,0,ERA5 - Ahmedabad (Pre-Monsoon Spring)
0.0,20.0,29.5,1006.2,7.2,0.0,15,0,0,ERA5 - Ahmedabad (Pre-Monsoon Spring)
0.0,22.0,28.4,1006.6,6.4,0.0,16,0,0,ERA5 - Ahmedabad (Pre-Monsoon Spring)
0.0,23.0,27.8,1006.7,6.6,0.0,17,0,0,ERA5 - Ahmedabad (Pre-Monsoon Spring)
0.0,24.0,27.3,1006.3,10.1,0.0,18,0,0,ERA5 - Ahmedabad (Pre-Monsoon Spring)
0.0,24.0,27.3,1005.9,12.0,0.0,19,0,0,ERA5 - Ahmedabad (Pre-Monsoon Spring)
0.0,24.0,26.7,1005.4,9.2,0.0,20,0,0,ERA5 - Ahmedabad (Pre-Monsoon Spring)
0.0,26.0,25.6,1005.1,6.9,0.0,21,0,0,ERA5 - Ahmedabad (Pre-Monsoon Spring)
0.0,28.0,24.6,1004.9,8.7,0.0,22,0,0,ERA5 - Ahmedabad (Pre-Monsoon Spring)
0.0,29.0,23.9,1004.9,8.9,0.0,23,0,0,ERA5 - Ahmedabad (Pre-Monsoon Spring)
0.0,32.0,24.2,1005.2,9.7,0.0,0,0,0,ERA5 - Ahmedabad (Pre-Monsoon Spring)
0.0,34.0,23.1,1005.8,8.2,0.0,1,0,0,ERA5 - Ahmedabad (Pre-Monsoon Spring)
0.0,34.0,23.1,1006.5,11.0,0.0,2,0,0,ERA5 - Ahmedabad (Pre-Monsoon Spring)
0.0,30.0,25.7,1007.2,9.2,0.0,3,0,0,ERA5 - Ahmedabad (Pre-Monsoon Spring)
0.0,25.0,29.7,1007.7,8.6,0.0,4,0,0,ERA5 - Ahmedabad (Pre-Monsoon Spring)
0.0,20.0,33.5,1007.7,9.5,0.0,5,0,0,ERA5 - Ahmedabad (Pre-Monsoon Spring)
0.0,15.0,35.9,1007.2,8.3,0.0,6,0,0,ERA5 - Ahmedabad (Pre-Monsoon Spring)
0.0,14.0,37.2,1006.2,6.1,0.0,7,0,0,ERA5 - Ahmedabad (Pre-Monsoon Spring)
0.0,13.0,37.6,1005.0,6.8,0.0,8,0,0,ERA5 - Ahmedabad (Pre-Monsoon Spring)
0.0,13.0,37.9,1004.0,7.4,0.0,9,0,0,ERA5 - Ahmedabad (Pre-Monsoon Spring)
0.0,13.0,37.9,1003.0,8.5,0.0,10,0,0,ERA5 - Ahmedabad (Pre-Monsoon Spring)
0.0,13.0,37.9,1002.7,9.3,0.0,11,0,0,ERA5 - Ahmedabad (Pre-Monsoon Spring)
0.0,14.0,36.7,1003.0,6.5,0.0,12,0,0,ERA5 - Ahmedabad (Pre-Monsoon Spring)
0.0,16.0,34.9,1003.5,7.8,0.0,13,0,0,ERA5 - Ahmedabad (Pre-Monsoon Spring)
0.0,20.0,32.1,1003.9,11.4,0.0,14,0,0,ERA5 - Ahmedabad (Pre-Monsoon Spring)
0.0,21.0,30.8,1004.6,10.0,0.0,15,0,0,ERA5 - Ahmedabad (Pre-Monsoon Spring)
0.0,24.0,29.1,1004.9,8.2,0.0,16,0,0,ERA5 - Ahmedabad (Pre-Monsoon Spring)
0.0,27.0,27.4,1005.1,7.4,0.0,17,0,0,ERA5 - Ahmedabad (Pre-Monsoon Spring)
0.0,29.0,26.2,1004.9,8.0,0.0,18,0,0,ERA5 - Ahmedabad (Pre-Monsoon Spring)
0.0,29.0,25.8,1004.7,6.4,0.0,19,0,0,ERA5 - Ahmedabad (Pre-Monsoon Spring)
0.0,31.0,24.8,1004.4,6.6,0.0,20,0,0,ERA5 - Ahmedabad (Pre-Monsoon Spring)
0.0,30.0,25.0,1003.9,7.9,0.0,21,0,0,ERA5 - Ahmedabad (Pre-Monsoon Spring)
0.0,34.0,23.4,1003.8,8.4,0.0,22,0,0,ERA5 - Ahmedabad (Pre-Monsoon Spring)
0.0,35.0,22.8,1003.8,5.6,0.0,23,0,0,ERA5 - Ahmedabad (Pre-Monsoon Spring)
0.0,37.0,23.6,1004.0,5.8,0.0,0,0,0,ERA5 - Ahmedabad (Pre-Monsoon Spring)
0.0,41.0,22.0,1004.4,5.9,0.0,1,0,0,ERA5 - Ahmedabad (Pre-Monsoon Spring)
0.0,39.0,22.9,1005.1,8.7,0.0,2,0,0,ERA5 - Ahmedabad (Pre-Monsoon Spring)
0.0,31.0,27.0,1005.8,7.9,0.0,3,0,0,ERA5 - Ahmedabad (Pre-Monsoon Spring)
0.0,24.0,31.3,1006.2,5.8,0.0,4,0,0,ERA5 - Ahmedabad (Pre-Monsoon Spring)
0.0,19.0,34.4,1006.2,4.7,0.0,5,0,0,ERA5 - Ahmedabad (Pre-Monsoon Spring)
0.0,14.0,36.6,1005.5,6.8,0.0,6,0,0,ERA5 - Ahmedabad (Pre-Monsoon Spring)
0.0,13.0,37.4,1004.4,7.9,0.0,7,0,0,ERA5 - Ahmedabad (Pre-Monsoon Spring)
0.0,12.0,37.8,1003.1,8.7,0.0,8,0,0,ERA5 - Ahmedabad (Pre-Monsoon Spring)
0.0,12.0,37.8,1002.0,9.8,0.0,9,0,0,ERA5 - Ahmedabad (Pre-Monsoon Spring)
0.0,12.0,37.8,1001.0,12.3,0.0,10,0,0,ERA5 - Ahmedabad (Pre-Monsoon Spring)
0.0,12.0,37.2,1000.5,12.4,0.0,11,0,0,ERA5 - Ahmedabad (Pre-Monsoon Spring)
0.0,12.0,36.3,1000.9,17.2,0.0,12,0,0,ERA5 - Ahmedabad (Pre-Monsoon Spring)
0.0,14.0,34.5,1001.4,13.4,0.0,13,0,0,ERA5 - Ahmedabad (Pre-Monsoon Spring)
0.0,18.0,31.1,1001.7,10.0,0.0,14,0,0,ERA5 - Ahmedabad (Pre-Monsoon Spring)
0.0,20.0,29.3,1002.0,9.4,0.0,15,0,0,ERA5 - Ahmedabad (Pre-Monsoon Spring)
0.0,21.0,28.9,1002.2,7.6,0.0,16,0,0,ERA5 - Ahmedabad (Pre-Monsoon Spring)
0.0,20.0,29.6,1002.2,11.2,0.0,17,0,0,ERA5 - Ahmedabad (Pre-Monsoon Spring)
0.0,25.0,26.7,1002.0,10.8,0.0,18,0,0,ERA5 - Ahmedabad (Pre-Monsoon Spring)
0.0,25.0,26.2,1001.9,6.2,0.0,19,0,0,ERA5 - Ahmedabad (Pre-Monsoon Spring)
0.0,24.0,26.3,1001.2,11.3,0.0,20,0,0,ERA5 - Ahmedabad (Pre-Monsoon Spring)
0.0,21.0,28.4,1000.9,8.0,0.0,21,0,0,ERA5 - Ahmedabad (Pre-Monsoon Spring)
0.0,27.0,24.2,1000.8,8.0,0.0,22,0,0,ERA5 - Ahmedabad (Pre-Monsoon Spring)
0.0,31.0,22.4,1000.9,9.5,0.0,23,0,0,ERA5 - Ahmedabad (Pre-Monsoon Spring)
0.0,32.0,24.1,1001.6,9.3,0.0,0,0,0,ERA5 - Ahmedabad (Pre-Monsoon Spring)
0.0,33.0,23.6,1001.8,6.1,0.0,1,0,0,ERA5 - Ahmedabad (Pre-Monsoon Spring)
0.0,32.0,24.7,1002.5,5.8,0.0,2,0,0,ERA5 - Ahmedabad (Pre-Monsoon Spring)
0.0,28.0,27.7,1002.9,6.5,0.0,3,0,0,ERA5 - Ahmedabad (Pre-Monsoon Spring)
0.0,23.0,31.3,1003.8,3.8,0.0,4,0,0,ERA5 - Ahmedabad (Pre-Monsoon Spring)
0.0,20.0,33.2,1003.9,3.6,0.0,5,0,0,ERA5 - Ahmedabad (Pre-Monsoon Spring)
0.0,21.0,33.1,1003.9,10.4,0.0,6,0,0,ERA5 - Ahmedabad (Pre-Monsoon Spring)
0.0,21.0,33.0,1003.6,14.0,0.0,7,0,0,ERA5 - Ahmedabad (Pre-Monsoon Spring)
0.0,19.0,33.6,1002.7,12.4,0.0,8,0,0,ERA5 - Ahmedabad (Pre-Monsoon Spring)
0.0,18.0,34.5,1002.0,13.9,0.0,9,0,0,ERA5 - Ahmedabad (Pre-Monsoon Spring)
0.0,17.0,34.0,1001.5,20.7,0.0,10,0,0,ERA5 - Ahmedabad (Pre-Monsoon Spring)
0.0,21.0,32.4,1001.3,24.5,0.0,11,0,0,ERA5 - Ahmedabad (Pre-Monsoon Spring)
0.0,23.0,31.8,1001.7,10.7,0.0,12,0,0,ERA5 - Ahmedabad (Pre-Monsoon Spring)
0.0,27.0,30.2,1002.5,7.1,0.0,13,0,0,ERA5 - Ahmedabad (Pre-Monsoon Spring)
0.0,33.0,27.1,1003.2,6.8,0.0,14,0,0,ERA5 - Ahmedabad (Pre-Monsoon Spring)
0.0,35.0,26.4,1003.7,6.6,0.0,15,0,0,ERA5 - Ahmedabad (Pre-Monsoon Spring)
0.0,36.0,26.1,1004.5,7.1,0.0,16,0,0,ERA5 - Ahmedabad (Pre-Monsoon Spring)
0.0,42.0,24.6,1004.3,7.2,0.0,17,0,0,ERA5 - Ahmedabad (Pre-Monsoon Spring)
0.0,44.0,23.6,1004.1,5.4,0.0,18,0,0,ERA5 - Ahmedabad (Pre-Monsoon Spring)
0.0,47.0,22.8,1003.6,8.0,0.0,19,0,0,ERA5 - Ahmedabad (Pre-Monsoon Spring)
0.0,46.0,22.9,1002.9,7.0,0.0,20,0,0,ERA5 - Ahmedabad (Pre-Monsoon Spring)
0.0,46.0,23.1,1002.1,8.0,0.0,21,0,0,ERA5 - Ahmedabad (Pre-Monsoon Spring)
0.0,49.0,22.0,1001.8,7.7,0.0,22,0,0,ERA5 - Ahmedabad (Pre-Monsoon Spring)
0.0,50.0,21.3,1001.9,9.3,0.0,23,0,0,ERA5 - Ahmedabad (Pre-Monsoon Spring)
0.0,82.0,26.5,1005.2,6.8,0.0,0,0,0,ERA5 - Ahmedabad (Post-Monsoon Autumn)
0.0,82.0,26.4,1005.5,5.6,0.0,1,0,0,ERA5 - Ahmedabad (Post-Monsoon Autumn)
0.0,78.0,27.4,1006.2,6.9,0.0,2,0,0,ERA5 - Ahmedabad (Post-Monsoon Autumn)
0.0,71.0,28.9,1007.0,10.5,0.0,3,0,0,ERA5 - Ahmedabad (Post-Monsoon Autumn)
0.0,58.0,30.6,1007.3,9.7,0.0,4,0,0,ERA5 - Ahmedabad (Post-Monsoon Autumn)
0.0,51.0,32.3,1007.2,9.7,0.0,5,0,0,ERA5 - Ahmedabad (Post-Monsoon Autumn)
0.0,49.0,33.3,1006.3,9.0,0.0,6,0,0,ERA5 - Ahmedabad (Post-Monsoon Autumn)
0.0,54.0,31.4,1005.9,12.3,0.0,7,0,0,ERA5 - Ahmedabad (Post-Monsoon Autumn)
0.0,49.0,32.9,1004.3,4.9,0.0,8,0,0,ERA5 - Ahmedabad (Post-Monsoon Autumn)
0.8,47.0,32.3,1003.5,5.7,0.0,9,0,0,ERA5 - Ahmedabad (Post-Monsoon Autumn)
0.0,48.0,32.5,1002.7,1.5,0.0,10,0,0,ERA5 - Ahmedabad (Post-Monsoon Autumn)
0.0,45.0,33.0,1002.7,1.1,0.0,11,0,0,ERA5 - Ahmedabad (Post-Monsoon Autumn)
0.0,64.0,32.0,1002.7,5.4,0.0,12,0,0,ERA5 - Ahmedabad (Post-Monsoon Autumn)
0.0,62.0,29.3,1002.8,6.5,0.0,13,0,0,ERA5 - Ahmedabad (Post-Monsoon Autumn)
0.0,73.0,27.8,1003.7,7.4,0.0,14,0,0,ERA5 - Ahmedabad (Post-Monsoon Autumn)
0.0,76.0,26.9,1004.4,5.4,0.0,15,0,0,ERA5 - Ahmedabad (Post-Monsoon Autumn)
0.0,63.0,28.7,1005.1,3.8,0.0,16,0,0,ERA5 - Ahmedabad (Post-Monsoon Autumn)
0.0,78.0,25.9,1005.2,5.4,0.0,17,0,0,ERA5 - Ahmedabad (Post-Monsoon Autumn)
0.0,83.0,24.8,1005.0,6.6,0.0,18,0,0,ERA5 - Ahmedabad (Post-Monsoon Autumn)
0.0,84.0,24.4,1004.7,6.8,0.0,19,0,0,ERA5 - Ahmedabad (Post-Monsoon Autumn)
0.0,83.0,24.2,1004.3,5.6,0.0,20,0,0,ERA5 - Ahmedabad (Post-Monsoon Autumn)
0.0,80.0,23.7,1004.2,6.2,0.0,21,0,0,ERA5 - Ahmedabad (Post-Monsoon Autumn)
0.0,71.0,23.9,1004.1,7.1,0.0,22,0,0,ERA5 - Ahmedabad (Post-Monsoon Autumn)
0.0,67.0,23.6,1004.2,7.0,0.0,23,0,0,ERA5 - Ahmedabad (Post-Monsoon Autumn)
0.0,72.0,23.8,1004.7,6.1,0.0,0,0,0,ERA5 - Ahmedabad (Post-Monsoon Autumn)
0.0,73.0,24.0,1005.2,5.7,0.0,1,0,0,ERA5 - Ahmedabad (Post-Monsoon Autumn)
0.0,75.0,24.9,1006.0,8.4,0.0,2,0,0,ERA5 - Ahmedabad (Post-Monsoon Autumn)
0.0,73.0,27.2,1006.7,6.1,0.0,3,0,0,ERA5 - Ahmedabad (Post-Monsoon Autumn)
0.0,70.0,29.3,1007.4,6.2,0.0,4,0,0,ERA5 - Ahmedabad (Post-Monsoon Autumn)
0.0,60.0,31.1,1007.3,6.9,0.0,5,0,0,ERA5 - Ahmedabad (Post-Monsoon Autumn)
0.0,50.0,32.5,1006.4,7.3,0.0,6,0,0,ERA5 - Ahmedabad (Post-Monsoon Autumn)
0.0,44.0,33.5,1005.5,7.4,0.0,7,0,0,ERA5 - Ahmedabad (Post-Monsoon Autumn)
0.0,39.0,34.0,1004.5,7.7,0.0,8,0,0,ERA5 - Ahmedabad (Post-Monsoon Autumn)
0.0,39.0,34.0,1003.4,8.3,0.0,9,0,0,ERA5 - Ahmedabad (Post-Monsoon Autumn)
0.0,39.0,33.8,1002.8,9.1,0.0,10,0,0,ERA5 - Ahmedabad (Post-Monsoon Autumn)
0.0,40.0,33.1,1003.0,6.5,0.0,11,0,0,ERA5 - Ahmedabad (Post-Monsoon Autumn)
0.0,59.0,31.7,1003.2,4.1,0.0,12,0,0,ERA5 - Ahmedabad (Post-Monsoon Autumn)
0.0,52.0,28.9,1003.5,4.9,0.0,13,0,0,ERA5 - Ahmedabad (Post-Monsoon Autumn)
0.0,55.0,27.4,1003.9,6.6,0.0,14,0,0,ERA5 - Ahmedabad (Post-Monsoon Autumn)
0.0,59.0,26.2,1004.6,7.7,0.0,15,0,0,ERA5 - Ahmedabad (Post-Monsoon Autumn)
0.0,52.0,27.4,1005.3,1.8,0.0,16,0,0,ERA5 - Ahmedabad (Post-Monsoon Autumn)
0.0,65.0,24.5,1005.7,6.6,0.0,17,0,0,ERA5 - Ahmedabad (Post-Monsoon Autumn)
0.0,62.0,24.6,1005.8,9.0,0.0,18,0,0,ERA5 - Ahmedabad (Post-Monsoon Autumn)
0.0,51.0,26.4,1005.6,5.8,0.0,19,0,0,ERA5 - Ahmedabad (Post-Monsoon Autumn)
0.0,64.0,23.7,1005.2,8.2,0.0,20,0,0,ERA5 - Ahmedabad (Post-Monsoon Autumn)
0.0,64.0,23.1,1005.0,7.9,0.0,21,0,0,ERA5 - Ahmedabad (Post-Monsoon Autumn)
0.0,62.0,23.1,1005.2,6.5,0.0,22,0,0,ERA5 - Ahmedabad (Post-Monsoon Autumn)
0.0,64.0,22.8,1005.5,6.4,0.0,23,0,0,ERA5 - Ahmedabad (Post-Monsoon Autumn)
0.0,69.0,23.4,1006.0,6.6,0.0,0,0,0,ERA5 - Ahmedabad (Post-Monsoon Autumn)
0.0,69.0,23.9,1006.7,7.1,0.0,1,0,0,ERA5 - Ahmedabad (Post-Monsoon Autumn)
0.0,71.0,24.6,1007.5,6.9,0.0,2,0,0,ERA5 - Ahmedabad (Post-Monsoon Autumn)
0.0,68.0,26.3,1008.2,4.7,0.0,3,0,0,ERA5 - Ahmedabad (Post-Monsoon Autumn)
0.0,63.0,28.5,1008.8,4.1,0.0,4,0,0,ERA5 - Ahmedabad (Post-Monsoon Autumn)
0.0,57.0,30.6,1008.8,5.6,0.0,5,0,0,ERA5 - Ahmedabad (Post-Monsoon Autumn)
0.0,46.0,32.3,1007.9,5.6,0.0,6,0,0,ERA5 - Ahmedabad (Post-Monsoon Autumn)
0.0,41.0,33.1,1006.8,6.6,0.0,7,0,0,ERA5 - Ahmedabad (Post-Monsoon Autumn)
0.0,37.0,33.6,1005.8,8.3,0.0,8,0,0,ERA5 - Ahmedabad (Post-Monsoon Autumn)
0.0,36.0,33.6,1005.2,9.4,0.0,9,0,0,ERA5 - Ahmedabad (Post-Monsoon Autumn)
0.0,36.0,33.4,1004.9,9.8,0.0,10,0,0,ERA5 - Ahmedabad (Post-Monsoon Autumn)
0.0,38.0,32.8,1005.1,9.0,0.0,11,0,0,ERA5 - Ahmedabad (Post-Monsoon Autumn)
0.0,51.0,30.4,1006.3,5.6,0.0,12,0,0,ERA5 - Ahmedabad (Post-Monsoon Autumn)
0.0,62.0,27.8,1006.1,8.2,0.0,13,0,0,ERA5 - Ahmedabad (Post-Monsoon Autumn)
0.0,62.0,27.1,1006.3,4.8,0.0,14,0,0,ERA5 - Ahmedabad (Post-Monsoon Autumn)
0.0,66.0,25.7,1006.9,5.7,0.0,15,0,0,ERA5 - Ahmedabad (Post-Monsoon Autumn)
0.0,71.0,24.5,1007.4,7.6,0.0,16,0,0,ERA5 - Ahmedabad (Post-Monsoon Autumn)
0.0,71.0,24.0,1007.5,6.6,0.0,17,0,0,ERA5 - Ahmedabad (Post-Monsoon Autumn)
0.0,71.0,23.7,1007.5,6.5,0.0,18,0,0,ERA5 - Ahmedabad (Post-Monsoon Autumn)
0.0,75.0,22.9,1007.4,6.6,0.0,19,0,0,ERA5 - Ahmedabad (Post-Monsoon Autumn)
0.0,78.0,22.3,1007.2,6.6,0.0,20,0,0,ERA5 - Ahmedabad (Post-Monsoon Autumn)
0.0,81.0,21.7,1006.8,6.6,0.0,21,0,0,ERA5 - Ahmedabad (Post-Monsoon Autumn)
0.0,83.0,21.3,1006.8,6.1,0.0,22,0,0,ERA5 - Ahmedabad (Post-Monsoon Autumn)
0.0,84.0,21.1,1007.1,4.3,0.0,23,0,0,ERA5 - Ahmedabad (Post-Monsoon Autumn)
0.0,86.0,22.2,1007.4,5.2,0.0,0,0,0,ERA5 - Ahmedabad (Post-Monsoon Autumn)
0.0,86.0,22.8,1008.2,3.4,0.0,1,0,0,ERA5 - Ahmedabad (Post-Monsoon Autumn)
0.0,80.0,24.1,1008.5,3.1,0.0,2,0,0,ERA5 - Ahmedabad (Post-Monsoon Autumn)
0.0,70.0,27.5,1009.3,2.5,0.0,3,0,0,ERA5 - Ahmedabad (Post-Monsoon Autumn)
0.0,58.0,29.8,1009.8,8.0,0.0,4,0,0,ERA5 - Ahmedabad (Post-Monsoon Autumn)
0.0,53.0,31.0,1009.8,7.4,0.0,5,0,0,ERA5 - Ahmedabad (Post-Monsoon Autumn)
0.0,48.0,32.1,1009.3,6.3,0.0,6,0,0,ERA5 - Ahmedabad (Post-Monsoon Autumn)
0.0,45.0,32.6,1008.4,5.8,0.0,7,0,0,ERA5 - Ahmedabad (Post-Monsoon Autumn)
0.0,43.0,33.1,1007.4,5.0,0.0,8,0,0,ERA5 - Ahmedabad (Post-Monsoon Autumn)
0.0,41.0,33.2,1006.5,5.4,0.0,9,0,0,ERA5 - Ahmedabad (Post-Monsoon Autumn)
0.0,39.0,33.3,1005.9,6.3,0.0,10,0,0,ERA5 - Ahmedabad (Post-Monsoon Autumn)
0.0,40.0,32.7,1005.9,6.8,0.0,11,0,0,ERA5 - Ahmedabad (Post-Monsoon Autumn)
0.0,49.0,31.5,1006.1,6.1,0.0,12,0,0,ERA5 - Ahmedabad (Post-Monsoon Autumn)
0.0,48.0,29.4,1006.5,9.9,0.0,13,0,0,ERA5 - Ahmedabad (Post-Monsoon Autumn)
0.0,43.0,28.9,1006.9,12.2,0.0,14,0,0,ERA5 - Ahmedabad (Post-Monsoon Autumn)
0.0,45.0,28.1,1007.4,9.0,0.0,15,0,0,ERA5 - Ahmedabad (Post-Monsoon Autumn)
0.0,52.0,26.4,1007.7,7.4,0.0,16,0,0,ERA5 - Ahmedabad (Post-Monsoon Autumn)
0.0,59.0,25.1,1007.8,6.8,0.0,17,0,0,ERA5 - Ahmedabad (Post-Monsoon Autumn)
0.0,59.0,24.5,1007.5,8.8,0.0,18,0,0,ERA5 - Ahmedabad (Post-Monsoon Autumn)
0.0,58.0,24.2,1007.3,9.0,0.0,19,0,0,ERA5 - Ahmedabad (Post-Monsoon Autumn)
0.0,59.0,24.0,1006.8,9.2,0.0,20,0,0,ERA5 - Ahmedabad (Post-Monsoon Autumn)
0.0,60.0,23.6,1006.5,8.8,0.0,21,0,0,ERA5 - Ahmedabad (Post-Monsoon Autumn)
0.0,59.0,23.3,1006.4,8.9,0.0,22,0,0,ERA5 - Ahmedabad (Post-Monsoon Autumn)
0.0,59.0,23.0,1006.5,9.5,0.0,23,0,0,ERA5 - Ahmedabad (Post-Monsoon Autumn)
0.0,74.0,22.8,1007.2,7.4,0.0,0,0,0,ERA5 - Ahmedabad (Post-Monsoon Autumn)
0.0,73.0,23.1,1007.8,7.4,0.0,1,0,0,ERA5 - Ahmedabad (Post-Monsoon Autumn)
0.0,71.0,24.0,1008.4,9.3,0.0,2,0,0,ERA5 - Ahmedabad (Post-Monsoon Autumn)
0.0,65.0,26.2,1009.0,7.7,0.0,3,0,0,ERA5 - Ahmedabad (Post-Monsoon Autumn)
0.0,58.0,28.7,1009.3,8.9,0.0,4,0,0,ERA5 - Ahmedabad (Post-Monsoon Autumn)
0.0,53.0,30.9,1009.5,9.0,0.0,5,0,0,ERA5 - Ahmedabad (Post-Monsoon Autumn)
0.0,46.0,32.5,1008.9,8.3,0.0,6,0,0,ERA5 - Ahmedabad (Post-Monsoon Autumn)
0.0,39.0,33.4,1008.0,7.2,0.0,7,0,0,ERA5 - Ahmedabad (Post-Monsoon Autumn)
0.0,37.0,33.8,1006.8,6.3,0.0,8,0,0,ERA5 - Ahmedabad (Post-Monsoon Autumn)
0.0,37.0,33.9,1006.0,6.9,0.0,9,0,0,ERA5 - Ahmedabad (Post-Monsoon Autumn)
0.0,37.0,33.7,1005.4,6.4,0.0,10,0,0,ERA5 - Ahmedabad (Post-Monsoon Autumn)
0.0,38.0,33.3,1005.2,4.4,0.0,11,0,0,ERA5 - Ahmedabad (Post-Monsoon Autumn)
0.0,60.0,31.4,1005.1,6.1,0.0,12,0,0,ERA5 - Ahmedabad (Post-Monsoon Autumn)
0.0,54.0,28.9,1005.7,8.9,0.0,13,0,0,ERA5 - Ahmedabad (Post-Monsoon Autumn)
0.0,41.0,30.8,1006.5,2.2,0.0,14,0,0,ERA5 - Ahmedabad (Post-Monsoon Autumn)
0.0,56.0,27.2,1007.0,5.4,0.0,15,0,0,ERA5 - Ahmedabad (Post-Monsoon Autumn)
0.0,60.0,26.6,1007.4,6.5,0.0,16,0,0,ERA5 - Ahmedabad (Post-Monsoon Autumn)
0.0,47.0,29.0,1007.3,3.6,0.0,17,0,0,ERA5 - Ahmedabad (Post-Monsoon Autumn)
0.0,66.0,24.7,1007.2,7.0,0.0,18,0,0,ERA5 - Ahmedabad (Post-Monsoon Autumn)
0.0,72.0,23.6,1006.9,7.4,0.0,19,0,0,ERA5 - Ahmedabad (Post-Monsoon Autumn)
0.0,69.0,23.2,1006.5,6.0,0.0,20,0,0,ERA5 - Ahmedabad (Post-Monsoon Autumn)
0.0,64.0,23.1,1006.2,7.9,0.0,21,0,0,ERA5 - Ahmedabad (Post-Monsoon Autumn)
0.0,67.0,22.3,1006.1,6.4,0.0,22,0,0,ERA5 - Ahmedabad (Post-Monsoon Autumn)
0.0,65.0,22.5,1006.4,8.7,0.0,23,0,0,ERA5 - Ahmedabad (Post-Monsoon Autumn)
0.0,64.0,23.7,1006.9,10.2,0.0,0,0,0,ERA5 - Ahmedabad (Post-Monsoon Autumn)
0.0,61.0,23.9,1007.6,10.7,0.0,1,0,0,ERA5 - Ahmedabad (Post-Monsoon Autumn)
0.0,58.0,24.6,1008.4,12.5,0.0,2,0,0,ERA5 - Ahmedabad (Post-Monsoon Autumn)
0.0,56.0,26.7,1009.0,9.7,0.0,3,0,0,ERA5 - Ahmedabad (Post-Monsoon Autumn)
0.0,51.0,28.9,1009.3,10.5,0.0,4,0,0,ERA5 - Ahmedabad (Post-Monsoon Autumn)
0.0,47.0,31.0,1009.2,10.1,0.0,5,0,0,ERA5 - Ahmedabad (Post-Monsoon Autumn)
0.0,43.0,32.6,1008.3,8.7,0.0,6,0,0,ERA5 - Ahmedabad (Post-Monsoon Autumn)
0.0,40.0,33.9,1007.2,7.2,0.0,7,0,0,ERA5 - Ahmedabad (Post-Monsoon Autumn)
0.0,34.0,34.8,1006.1,6.1,0.0,8,0,0,ERA5 - Ahmedabad (Post-Monsoon Autumn)
0.0,29.0,35.2,1005.4,5.4,0.0,9,0,0,ERA5 - Ahmedabad (Post-Monsoon Autumn)
0.0,28.0,35.0,1004.8,5.2,0.0,10,0,0,ERA5 - Ahmedabad (Post-Monsoon Autumn)
0.0,32.0,34.4,1004.6,4.6,0.0,11,0,0,ERA5 - Ahmedabad (Post-Monsoon Autumn)
0.0,51.0,31.6,1005.4,6.0,0.0,12,0,0,ERA5 - Ahmedabad (Post-Monsoon Autumn)
0.0,48.0,29.4,1006.1,7.9,0.0,13,0,0,ERA5 - Ahmedabad (Post-Monsoon Autumn)
0.0,42.0,28.6,1006.7,8.4,0.0,14,0,0,ERA5 - Ahmedabad (Post-Monsoon Autumn)
0.0,43.0,27.2,1007.2,7.4,0.0,15,0,0,ERA5 - Ahmedabad (Post-Monsoon Autumn)
0.0,45.0,26.3,1007.7,8.4,0.0,16,0,0,ERA5 - Ahmedabad (Post-Monsoon Autumn)
0.0,48.0,25.5,1007.7,7.7,0.0,17,0,0,ERA5 - Ahmedabad (Post-Monsoon Autumn)
0.0,53.0,24.5,1007.4,6.9,0.0,18,0,0,ERA5 - Ahmedabad (Post-Monsoon Autumn)
0.0,56.0,23.8,1007.0,7.6,0.0,19,0,0,ERA5 - Ahmedabad (Post-Monsoon Autumn)
0.0,57.0,23.5,1006.7,8.4,0.0,20,0,0,ERA5 - Ahmedabad (Post-Monsoon Autumn)
0.0,60.0,22.6,1006.5,6.6,0.0,21,0,0,ERA5 - Ahmedabad (Post-Monsoon Autumn)
0.0,63.0,21.9,1006.4,6.7,0.0,22,0,0,ERA5 - Ahmedabad (Post-Monsoon Autumn)
0.0,64.0,21.8,1006.8,7.3,0.0,23,0,0,ERA5 - Ahmedabad (Post-Monsoon Autumn)
0.0,58.0,25.1,1003.2,8.8,0.0,0,0,0,ERA5 - Ahmedabad (Mild Summer)
0.0,65.0,24.7,1003.8,7.2,0.0,1,0,0,ERA5 - Ahmedabad (Mild Summer)
0.0,58.0,26.0,1004.8,11.2,0.0,2,0,0,ERA5 - Ahmedabad (Mild Summer)
0.0,43.0,28.6,1005.7,13.3,0.0,3,0,0,ERA5 - Ahmedabad (Mild Summer)
0.0,32.0,31.2,1006.0,12.4,0.0,4,0,0,ERA5 - Ahmedabad (Mild Summer)
0.0,25.0,33.4,1005.6,14.4,0.0,5,0,0,ERA5 - Ahmedabad (Mild Summer)
0.0,17.0,35.5,1004.9,17.7,0.0,6,0,0,ERA5 - Ahmedabad (Mild Summer)
0.0,15.0,36.9,1004.1,18.7,0.0,7,0,0,ERA5 - Ahmedabad (Mild Summer)
0.0,15.0,37.5,1002.6,19.5,0.0,8,0,0,ERA5 - Ahmedabad (Mild Summer)
0.0,17.0,36.9,1001.9,20.5,0.0,9,0,0,ERA5 - Ahmedabad (Mild Summer)
0.0,19.0,36.6,1001.4,18.9,0.0,10,0,0,ERA5 - Ahmedabad (Mild Summer)
0.0,21.0,36.4,1001.0,20.4,0.0,11,0,0,ERA5 - Ahmedabad (Mild Summer)
0.0,24.0,35.5,1000.9,15.6,0.0,12,0,0,ERA5 - Ahmedabad (Mild Summer)
0.0,29.0,33.8,1001.9,10.7,0.0,13,0,0,ERA5 - Ahmedabad (Mild Summer)
0.0,31.0,32.6,1002.5,9.2,0.0,14,0,0,ERA5 - Ahmedabad (Mild Summer)
0.0,26.0,32.6,1002.9,14.1,0.0,15,0,0,ERA5 - Ahmedabad (Mild Summer)
0.0,28.0,31.7,1003.7,12.5,0.0,16,0,0,ERA5 - Ahmedabad (Mild Summer)
0.0,31.0,30.5,1003.9,10.1,0.0,17,0,0,ERA5 - Ahmedabad (Mild Summer)
0.0,32.0,30.1,1003.4,9.8,0.0,18,0,0,ERA5 - Ahmedabad (Mild Summer)
0.0,34.0,29.3,1003.2,12.6,0.0,19,0,0,ERA5 - Ahmedabad (Mild Summer)
0.0,33.0,29.7,1003.1,15.8,0.0,20,0,0,ERA5 - Ahmedabad (Mild Summer)
0.0,35.0,29.2,1002.6,14.1,0.0,21,0,0,ERA5 - Ahmedabad (Mild Summer)
0.0,38.0,28.5,1002.3,14.9,0.0,22,0,0,ERA5 - Ahmedabad (Mild Summer)
0.0,40.0,28.1,1002.2,12.9,0.0,23,0,0,ERA5 - Ahmedabad (Mild Summer)
0.0,40.0,27.6,1002.4,10.2,0.0,0,0,0,ERA5 - Ahmedabad (Mild Summer)
0.0,46.0,26.7,1003.9,15.2,0.0,1,0,0,ERA5 - Ahmedabad (Mild Summer)
0.0,41.0,27.4,1004.3,11.0,0.0,2,0,0,ERA5 - Ahmedabad (Mild Summer)
0.0,35.0,29.1,1005.1,12.2,0.0,3,0,0,ERA5 - Ahmedabad (Mild Summer)
0.0,30.0,31.2,1005.3,11.9,0.0,4,0,0,ERA5 - Ahmedabad (Mild Summer)
0.0,24.0,33.4,1005.0,12.7,0.0,5,0,0,ERA5 - Ahmedabad (Mild Summer)
0.0,19.0,35.3,1004.6,14.5,0.0,6,0,0,ERA5 - Ahmedabad (Mild Summer)
0.0,16.0,36.5,1003.5,15.5,0.0,7,0,0,ERA5 - Ahmedabad (Mild Summer)
0.0,15.0,37.5,1002.2,13.2,0.0,8,0,0,ERA5 - Ahmedabad (Mild Summer)
0.0,15.0,37.9,1001.1,14.8,0.0,9,0,0,ERA5 - Ahmedabad (Mild Summer)
0.0,15.0,37.9,1000.2,16.6,0.0,10,0,0,ERA5 - Ahmedabad (Mild Summer)
0.0,14.0,37.5,999.6,17.7,0.0,11,0,0,ERA5 - Ahmedabad (Mild Summer)
0.0,15.0,36.6,999.6,16.8,0.0,12,0,0,ERA5 - Ahmedabad (Mild Summer)
0.0,15.0,35.0,1000.3,8.0,0.0,13,0,0,ERA5 - Ahmedabad (Mild Summer)
0.0,20.0,31.4,1000.6,10.7,0.0,14,0,0,ERA5 - Ahmedabad (Mild Summer)
0.0,19.0,30.8,1001.0,9.7,0.0,15,0,0,ERA5 - Ahmedabad (Mild Summer)
0.0,20.0,30.1,1001.7,8.3,0.0,16,0,0,ERA5 - Ahmedabad (Mild Summer)
0.0,22.0,28.7,1002.3,8.4,0.0,17,0,0,ERA5 - Ahmedabad (Mild Summer)
0.0,24.0,28.7,1002.0,10.7,0.0,18,0,0,ERA5 - Ahmedabad (Mild Summer)
0.0,28.0,28.3,1001.6,14.3,0.0,19,0,0,ERA5 - Ahmedabad (Mild Summer)
0.0,31.0,27.2,1001.3,10.9,0.0,20,0,0,ERA5 - Ahmedabad (Mild Summer)
0.0,32.0,25.9,1001.3,11.4,0.0,21,0,0,ERA5 - Ahmedabad (Mild Summer)
0.0,33.0,25.6,1000.8,12.1,0.0,22,0,0,ERA5 - Ahmedabad (Mild Summer)
0.0,34.0,25.0,1000.9,10.9,0.0,23,0,0,ERA5 - Ahmedabad (Mild Summer)
0.0,34.0,24.3,1001.3,10.0,0.0,0,0,0,ERA5 - Ahmedabad (Mild Summer)
0.0,36.0,24.4,1002.0,9.7,0.0,1,0,0,ERA5 - Ahmedabad (Mild Summer)
0.0,32.0,25.8,1002.8,11.0,0.0,2,0,0,ERA5 - Ahmedabad (Mild Summer)
0.0,27.0,28.5,1003.9,9.2,0.0,3,0,0,ERA5 - Ahmedabad (Mild Summer)
0.0,26.0,30.9,1004.2,10.5,0.0,4,0,0,ERA5 - Ahmedabad (Mild Summer)
0.0,26.0,33.0,1003.8,9.7,0.0,5,0,0,ERA5 - Ahmedabad (Mild Summer)
0.0,23.0,35.0,1003.0,9.0,0.0,6,0,0,ERA5 - Ahmedabad (Mild Summer)
0.0,17.0,37.0,1001.9,7.4,0.0,7,0,0,ERA5 - Ahmedabad (Mild Summer)
0.0,14.0,38.0,1000.7,6.2,0.0,8,0,0,ERA5 - Ahmedabad (Mild Summer)
0.0,13.0,38.6,999.7,7.6,0.0,9,0,0,ERA5 - Ahmedabad (Mild Summer)
0.0,11.0,38.8,998.7,10.1,0.0,10,0,0,ERA5 - Ahmedabad (Mild Summer)
0.0,11.0,38.5,998.3,11.2,0.0,11,0,0,ERA5 - Ahmedabad (Mild Summer)
0.0,12.0,37.7,998.3,10.8,0.0,12,0,0,ERA5 - Ahmedabad (Mild Summer)
0.0,12.0,35.1,999.8,10.4,0.0,13,0,0,ERA5 - Ahmedabad (Mild Summer)
0.0,14.0,32.4,1000.2,9.4,0.0,14,0,0,ERA5 - Ahmedabad (Mild Summer)
0.0,16.0,30.8,1000.4,9.5,0.0,15,0,0,ERA5 - Ahmedabad (Mild Summer)
0.0,18.0,29.6,1001.1,8.7,0.0,16,0,0,ERA5 - Ahmedabad (Mild Summer)
0.0,22.0,28.5,1001.5,8.0,0.0,17,0,0,ERA5 - Ahmedabad (Mild Summer)
0.0,23.0,28.7,1001.5,8.7,0.0,18,0,0,ERA5 - Ahmedabad (Mild Summer)
0.0,25.0,28.2,1001.4,8.3,0.0,19,0,0,ERA5 - Ahmedabad (Mild Summer)
0.0,24.0,28.3,1001.1,10.6,0.0,20,0,0,ERA5 - Ahmedabad (Mild Summer)
0.0,27.0,27.4,1001.0,12.0,0.0,21,0,0,ERA5 - Ahmedabad (Mild Summer)
0.0,38.0,26.4,1000.6,13.8,0.0,22,0,0,ERA5 - Ahmedabad (Mild Summer)
0.0,52.0,25.7,1000.8,15.3,0.0,23,0,0,ERA5 - Ahmedabad (Mild Summer)
0.0,63.0,24.9,1001.2,13.0,0.0,0,0,0,ERA5 - Ahmedabad (Mild Summer)
0.0,68.0,24.7,1001.8,9.1,0.0,1,0,0,ERA5 - Ahmedabad (Mild Summer)
0.0,63.0,26.2,1002.6,10.1,0.0,2,0,0,ERA5 - Ahmedabad (Mild Summer)
0.0,50.0,29.2,1003.6,6.6,0.0,3,0,0,ERA5 - Ahmedabad (Mild Summer)
0.0,34.0,32.0,1003.9,6.6,0.0,4,0,0,ERA5 - Ahmedabad (Mild Summer)
0.0,22.0,34.9,1004.0,6.7,0.0,5,0,0,ERA5 - Ahmedabad (Mild Summer)
0.0,16.0,37.3,1003.7,7.4,0.0,6,0,0,ERA5 - Ahmedabad (Mild Summer)
0.0,13.0,39.0,1003.1,7.3,0.0,7,0,0,ERA5 - Ahmedabad (Mild Summer)
0.0,12.0,39.8,1002.0,10.0,0.0,8,0,0,ERA5 - Ahmedabad (Mild Summer)
0.0,11.0,40.1,1000.8,10.6,0.0,9,0,0,ERA5 - Ahmedabad (Mild Summer)
0.0,11.0,40.0,1000.0,10.2,0.0,10,0,0,ERA5 - Ahmedabad (Mild Summer)
0.0,11.0,39.6,999.5,10.4,0.0,11,0,0,ERA5 - Ahmedabad (Mild Summer)
0.0,11.0,38.8,999.5,8.7,0.0,12,0,0,ERA5 - Ahmedabad (Mild Summer)
0.0,20.0,35.9,1000.3,6.9,0.0,13,0,0,ERA5 - Ahmedabad (Mild Summer)
0.0,19.0,32.7,1000.9,9.5,0.0,14,0,0,ERA5 - Ahmedabad (Mild Summer)
0.0,16.0,34.2,1001.5,5.8,0.0,15,0,0,ERA5 - Ahmedabad (Mild Summer)
0.0,16.0,34.1,1002.0,5.3,0.0,16,0,0,ERA5 - Ahmedabad (Mild Summer)
0.0,21.0,30.2,1002.2,7.6,0.0,17,0,0,ERA5 - Ahmedabad (Mild Summer)
0.0,24.0,28.2,1002.0,7.9,0.0,18,0,0,ERA5 - Ahmedabad (Mild Summer)
0.0,26.0,27.5,1001.5,10.0,0.0,19,0,0,ERA5 - Ahmedabad (Mild Summer)
0.0,27.0,26.3,1001.3,6.5,0.0,20,0,0,ERA5 - Ahmedabad (Mild Summer)
0.0,25.0,26.1,1000.7,10.0,0.0,21,0,0,ERA5 - Ahmedabad (Mild Summer)
0.0,25.0,26.6,1000.4,7.9,0.0,22,0,0,ERA5 - Ahmedabad (Mild Summer)
0.0,28.0,24.6,1000.2,8.3,0.0,23,0,0,ERA5 - Ahmedabad (Mild Summer)
0.0,31.0,23.5,1001.1,6.1,0.0,0,0,0,ERA5 - Ahmedabad (Mild Summer)
0.0,42.0,23.6,1001.4,8.0,0.0,1,0,0,ERA5 - Ahmedabad (Mild Summer)
0.0,40.0,26.1,1002.3,6.1,0.0,2,0,0,ERA5 - Ahmedabad (Mild Summer)
0.0,36.0,29.6,1003.2,3.1,0.0,3,0,0,ERA5 - Ahmedabad (Mild Summer)
0.0,27.0,33.1,1003.8,2.5,0.0,4,0,0,ERA5 - Ahmedabad (Mild Summer)
0.0,20.0,36.2,1003.7,0.4,0.0,5,0,0,ERA5 - Ahmedabad (Mild Summer)
0.0,17.0,38.2,1003.3,5.1,0.0,6,0,0,ERA5 - Ahmedabad (Mild Summer)
0.0,14.0,39.7,1002.5,6.6,0.0,7,0,0,ERA5 - Ahmedabad (Mild Summer)
0.0,12.0,40.5,1001.4,4.0,0.0,8,0,0,ERA5 - Ahmedabad (Mild Summer)
0.0,12.0,40.9,1000.4,1.9,0.0,9,0,0,ERA5 - Ahmedabad (Mild Summer)
0.0,12.0,41.0,999.2,2.3,0.0,10,0,0,ERA5 - Ahmedabad (Mild Summer)
0.0,12.0,40.9,998.6,5.8,0.0,11,0,0,ERA5 - Ahmedabad (Mild Summer)
0.0,12.0,40.4,998.4,9.0,0.0,12,0,0,ERA5 - Ahmedabad (Mild Summer)
0.0,21.0,37.1,999.8,6.8,0.0,13,0,0,ERA5 - Ahmedabad (Mild Summer)
0.0,18.0,34.7,1000.3,7.3,0.0,14,0,0,ERA5 - Ahmedabad (Mild Summer)
0.0,19.0,33.8,1001.0,9.9,0.0,15,0,0,ERA5 - Ahmedabad (Mild Summer)
0.0,22.0,31.6,1001.9,8.4,0.0,16,0,0,ERA5 - Ahmedabad (Mild Summer)
0.0,23.0,30.5,1002.2,8.1,0.0,17,0,0,ERA5 - Ahmedabad (Mild Summer)
0.0,22.0,30.2,1001.9,10.0,0.0,18,0,0,ERA5 - Ahmedabad (Mild Summer)
0.0,25.0,29.5,1001.8,10.7,0.0,19,0,0,ERA5 - Ahmedabad (Mild Summer)
0.0,28.0,28.9,1001.4,9.9,0.0,20,0,0,ERA5 - Ahmedabad (Mild Summer)
0.0,30.0,28.3,1000.9,9.2,0.0,21,0,0,ERA5 - Ahmedabad (Mild Summer)
0.0,31.0,28.0,1000.6,9.7,0.0,22,0,0,ERA5 - Ahmedabad (Mild Summer)
0.0,36.0,26.0,1000.8,10.0,0.0,23,0,0,ERA5 - Ahmedabad (Mild Summer)
0.0,36.0,25.7,1001.1,5.0,0.0,0,0,0,ERA5 - Ahmedabad (Mild Summer)
0.0,41.0,25.6,1002.1,6.8,0.0,1,0,0,ERA5 - Ahmedabad (Mild Summer)
0.0,38.0,27.4,1002.8,8.4,0.0,2,0,0,ERA5 - Ahmedabad (Mild Summer)
0.0,31.0,30.6,1003.4,7.2,0.0,3,0,0,ERA5 - Ahmedabad (Mild Summer)
0.0,24.0,33.1,1003.7,4.2,0.0,4,0,0,ERA5 - Ahmedabad (Mild Summer)
0.0,20.0,35.4,1003.4,2.7,0.0,5,0,0,ERA5 - Ahmedabad (Mild Summer)
0.0,16.0,37.5,1002.8,1.6,0.0,6,0,0,ERA5 - Ahmedabad (Mild Summer)
0.0,14.0,39.2,1002.1,2.6,0.0,7,0,0,ERA5 - Ahmedabad (Mild Summer)
0.0,13.0,39.9,1001.0,3.6,0.0,8,0,0,ERA5 - Ahmedabad (Mild Summer)
0.0,13.0,39.8,999.9,4.2,0.0,9,0,0,ERA5 - Ahmedabad (Mild Summer)
0.0,13.0,39.5,999.0,3.3,0.0,10,0,0,ERA5 - Ahmedabad (Mild Summer)
0.0,12.0,40.0,998.5,1.8,0.0,11,0,0,ERA5 - Ahmedabad (Mild Summer)
0.0,12.0,39.7,998.2,4.5,0.0,12,0,0,ERA5 - Ahmedabad (Mild Summer)
0.0,11.0,37.4,999.6,9.2,0.0,13,0,0,ERA5 - Ahmedabad (Mild Summer)
0.0,13.0,34.8,1000.0,10.3,0.0,14,0,0,ERA5 - Ahmedabad (Mild Summer)
0.0,13.0,34.4,1000.4,9.2,0.0,15,0,0,ERA5 - Ahmedabad (Mild Summer)
0.0,14.0,33.3,1001.3,10.7,0.0,16,0,0,ERA5 - Ahmedabad (Mild Summer)
0.0,14.0,33.6,1001.8,7.3,0.0,17,0,0,ERA5 - Ahmedabad (Mild Summer)
0.0,19.0,31.4,1002.2,9.7,0.0,18,0,0,ERA5 - Ahmedabad (Mild Summer)
0.0,25.0,30.4,1002.2,7.1,0.0,19,0,0,ERA5 - Ahmedabad (Mild Summer)
0.0,25.0,30.2,1001.9,3.6,0.0,20,0,0,ERA5 - Ahmedabad (Mild Summer)
0.0,29.0,29.1,1001.3,4.0,0.0,21,0,0,ERA5 - Ahmedabad (Mild Summer)
0.0,31.0,28.7,1001.1,2.6,0.0,22,0,0,ERA5 - Ahmedabad (Mild Summer)
0.0,39.0,26.9,1001.3,4.9,0.0,23,0,0,ERA5 - Ahmedabad (Mild Summer)
0.0,40.0,20.0,995.0,4.0,5.1,0,1,4,USGS - Certified M5.1 Seismic Event
0.0,43.0,22.0,997.0,5.0,5.1,1,1,4,USGS - Certified M5.1 Seismic Event
0.0,46.0,24.0,999.0,6.0,5.1,2,1,4,USGS - Certified M5.1 Seismic Event
0.0,49.0,26.0,1001.0,7.0,5.1,3,1,4,USGS - Certified M5.1 Seismic Event
0.0,52.0,28.0,1003.0,8.0,5.1,4,1,4,USGS - Certified M5.1 Seismic Event
0.0,55.0,30.0,1005.0,9.0,5.1,5,1,4,USGS - Certified M5.1 Seismic Event
0.0,58.0,32.0,1007.0,10.0,5.1,6,1,4,USGS - Certified M5.1 Seismic Event
0.0,61.0,34.0,1009.0,11.0,5.1,7,1,4,USGS - Certified M5.1 Seismic Event
0.0,64.0,36.0,1011.0,12.0,5.1,8,1,4,USGS - Certified M5.1 Seismic Event
0.0,67.0,20.0,1013.0,13.0,5.1,9,1,4,USGS - Certified M5.1 Seismic Event
0.0,70.0,22.0,1015.0,14.0,5.1,10,1,4,USGS - Certified M5.1 Seismic Event
0.0,73.0,24.0,1017.0,15.0,5.1,11,1,4,USGS - Certified M5.1 Seismic Event
0.0,76.0,26.0,1019.0,4.0,5.1,12,1,4,USGS - Certified M5.1 Seismic Event
0.0,79.0,28.0,996.0,5.0,5.1,13,1,4,USGS - Certified M5.1 Seismic Event
0.0,42.0,30.0,998.0,6.0,5.1,14,1,4,USGS - Certified M5.1 Seismic Event
0.0,40.0,20.0,995.0,4.0,4.7,0,1,4,USGS - Certified M4.7 Seismic Event
0.0,43.0,22.0,997.0,5.0,4.7,1,1,4,USGS - Certified M4.7 Seismic Event
0.0,46.0,24.0,999.0,6.0,4.7,2,1,4,USGS - Certified M4.7 Seismic Event
0.0,49.0,26.0,1001.0,7.0,4.7,3,1,4,USGS - Certified M4.7 Seismic Event
0.0,52.0,28.0,1003.0,8.0,4.7,4,1,4,USGS - Certified M4.7 Seismic Event
0.0,55.0,30.0,1005.0,9.0,4.7,5,1,4,USGS - Certified M4.7 Seismic Event
0.0,58.0,32.0,1007.0,10.0,4.7,6,1,4,USGS - Certified M4.7 Seismic Event
0.0,61.0,34.0,1009.0,11.0,4.7,7,1,4,USGS - Certified M4.7 Seismic Event
0.0,64.0,36.0,1011.0,12.0,4.7,8,1,4,USGS - Certified M4.7 Seismic Event
0.0,67.0,20.0,1013.0,13.0,4.7,9,1,4,USGS - Certified M4.7 Seismic Event
0.0,70.0,22.0,1015.0,14.0,4.7,10,1,4,USGS - Certified M4.7 Seismic Event
0.0,73.0,24.0,1017.0,15.0,4.7,11,1,4,USGS - Certified M4.7 Seismic Event
0.0,76.0,26.0,1019.0,4.0,4.7,12,1,4,USGS - Certified M4.7 Seismic Event
0.0,79.0,28.0,996.0,5.0,4.7,13,1,4,USGS - Certified M4.7 Seismic Event
0.0,42.0,30.0,998.0,6.0,4.7,14,1,4,USGS - Certified M4.7 Seismic Event
0.0,40.0,20.0,995.0,4.0,4.2,0,1,4,USGS - Certified M4.2 Seismic Event
0.0,43.0,22.0,997.0,5.0,4.2,1,1,4,USGS - Certified M4.2 Seismic Event
0.0,46.0,24.0,999.0,6.0,4.2,2,1,4,USGS - Certified M4.2 Seismic Event
0.0,49.0,26.0,1001.0,7.0,4.2,3,1,4,USGS - Certified M4.2 Seismic Event
0.0,52.0,28.0,1003.0,8.0,4.2,4,1,4,USGS - Certified M4.2 Seismic Event
0.0,55.0,30.0,1005.0,9.0,4.2,5,1,4,USGS - Certified M4.2 Seismic Event
0.0,58.0,32.0,1007.0,10.0,4.2,6,1,4,USGS - Certified M4.2 Seismic Event
0.0,61.0,34.0,1009.0,11.0,4.2,7,1,4,USGS - Certified M4.2 Seismic Event
0.0,64.0,36.0,1011.0,12.0,4.2,8,1,4,USGS - Certified M4.2 Seismic Event
0.0,67.0,20.0,1013.0,13.0,4.2,9,1,4,USGS - Certified M4.2 Seismic Event
0.0,70.0,22.0,1015.0,14.0,4.2,10,1,4,USGS - Certified M4.2 Seismic Event
0.0,73.0,24.0,1017.0,15.0,4.2,11,1,4,USGS - Certified M4.2 Seismic Event
0.0,76.0,26.0,1019.0,4.0,4.2,12,1,4,USGS - Certified M4.2 Seismic Event
0.0,79.0,28.0,996.0,5.0,4.2,13,1,4,USGS - Certified M4.2 Seismic Event
0.0,42.0,30.0,998.0,6.0,4.2,14,1,4,USGS - Certified M4.2 Seismic Event
0.0,40.0,20.0,995.0,4.0,6.3,0,1,4,USGS - Certified M6.3 Seismic Event
0.0,43.0,22.0,997.0,5.0,6.3,1,1,4,USGS - Certified M6.3 Seismic Event
0.0,46.0,24.0,999.0,6.0,6.3,2,1,4,USGS - Certified M6.3 Seismic Event
0.0,49.0,26.0,1001.0,7.0,6.3,3,1,4,USGS - Certified M6.3 Seismic Event
0.0,52.0,28.0,1003.0,8.0,6.3,4,1,4,USGS - Certified M6.3 Seismic Event
0.0,55.0,30.0,1005.0,9.0,6.3,5,1,4,USGS - Certified M6.3 Seismic Event
0.0,58.0,32.0,1007.0,10.0,6.3,6,1,4,USGS - Certified M6.3 Seismic Event
0.0,61.0,34.0,1009.0,11.0,6.3,7,1,4,USGS - Certified M6.3 Seismic Event
0.0,64.0,36.0,1011.0,12.0,6.3,8,1,4,USGS - Certified M6.3 Seismic Event
0.0,67.0,20.0,1013.0,13.0,6.3,9,1,4,USGS - Certified M6.3 Seismic Event
0.0,70.0,22.0,1015.0,14.0,6.3,10,1,4,USGS - Certified M6.3 Seismic Event
0.0,73.0,24.0,1017.0,15.0,6.3,11,1,4,USGS - Certified M6.3 Seismic Event
0.0,76.0,26.0,1019.0,4.0,6.3,12,1,4,USGS - Certified M6.3 Seismic Event
0.0,79.0,28.0,996.0,5.0,6.3,13,1,4,USGS - Certified M6.3 Seismic Event
0.0,42.0,30.0,998.0,6.0,6.3,14,1,4,USGS - Certified M6.3 Seismic Event
0.0,40.0,20.0,995.0,4.0,3.5,0,1,4,USGS - Certified M3.5 Seismic Event
0.0,43.0,22.0,997.0,5.0,3.5,1,1,4,USGS - Certified M3.5 Seismic Event
0.0,46.0,24.0,999.0,6.0,3.5,2,1,4,USGS - Certified M3.5 Seismic Event
0.0,49.0,26.0,1001.0,7.0,3.5,3,1,4,USGS - Certified M3.5 Seismic Event
0.0,52.0,28.0,1003.0,8.0,3.5,4,1,4,USGS - Certified M3.5 Seismic Event
0.0,55.0,30.0,1005.0,9.0,3.5,5,1,4,USGS - Certified M3.5 Seismic Event
0.0,58.0,32.0,1007.0,10.0,3.5,6,1,4,USGS - Certified M3.5 Seismic Event
0.0,61.0,34.0,1009.0,11.0,3.5,7,1,4,USGS - Certified M3.5 Seismic Event
0.0,64.0,36.0,1011.0,12.0,3.5,8,1,4,USGS - Certified M3.5 Seismic Event
0.0,67.0,20.0,1013.0,13.0,3.5,9,1,4,USGS - Certified M3.5 Seismic Event
0.0,70.0,22.0,1015.0,14.0,3.5,10,1,4,USGS - Certified M3.5 Seismic Event
0.0,73.0,24.0,1017.0,15.0,3.5,11,1,4,USGS - Certified M3.5 Seismic Event
0.0,76.0,26.0,1019.0,4.0,3.5,12,1,4,USGS - Certified M3.5 Seismic Event
0.0,79.0,28.0,996.0,5.0,3.5,13,1,4,USGS - Certified M3.5 Seismic Event
0.0,42.0,30.0,998.0,6.0,3.5,14,1,4,USGS - Certified M3.5 Seismic Event
0.0,40.0,20.0,995.0,4.0,5.2,0,1,4,USGS - Certified M5.2 Seismic Event
0.0,43.0,22.0,997.0,5.0,5.2,1,1,4,USGS - Certified M5.2 Seismic Event
0.0,46.0,24.0,999.0,6.0,5.2,2,1,4,USGS - Certified M5.2 Seismic Event
0.0,49.0,26.0,1001.0,7.0,5.2,3,1,4,USGS - Certified M5.2 Seismic Event
0.0,52.0,28.0,1003.0,8.0,5.2,4,1,4,USGS - Certified M5.2 Seismic Event
0.0,55.0,30.0,1005.0,9.0,5.2,5,1,4,USGS - Certified M5.2 Seismic Event
0.0,58.0,32.0,1007.0,10.0,5.2,6,1,4,USGS - Certified M5.2 Seismic Event
0.0,61.0,34.0,1009.0,11.0,5.2,7,1,4,USGS - Certified M5.2 Seismic Event
0.0,64.0,36.0,1011.0,12.0,5.2,8,1,4,USGS - Certified M5.2 Seismic Event
0.0,67.0,20.0,1013.0,13.0,5.2,9,1,4,USGS - Certified M5.2 Seismic Event
0.0,70.0,22.0,1015.0,14.0,5.2,10,1,4,USGS - Certified M5.2 Seismic Event
0.0,73.0,24.0,1017.0,15.0,5.2,11,1,4,USGS - Certified M5.2 Seismic Event
0.0,76.0,26.0,1019.0,4.0,5.2,12,1,4,USGS - Certified M5.2 Seismic Event
0.0,79.0,28.0,996.0,5.0,5.2,13,1,4,USGS - Certified M5.2 Seismic Event
0.0,42.0,30.0,998.0,6.0,5.2,14,1,4,USGS - Certified M5.2 Seismic Event
0.0,40.0,20.0,995.0,4.0,5.2,0,1,4,USGS - Certified M5.2 Seismic Event
0.0,43.0,22.0,997.0,5.0,5.2,1,1,4,USGS - Certified M5.2 Seismic Event
0.0,46.0,24.0,999.0,6.0,5.2,2,1,4,USGS - Certified M5.2 Seismic Event
0.0,49.0,26.0,1001.0,7.0,5.2,3,1,4,USGS - Certified M5.2 Seismic Event
0.0,52.0,28.0,1003.0,8.0,5.2,4,1,4,USGS - Certified M5.2 Seismic Event
0.0,55.0,30.0,1005.0,9.0,5.2,5,1,4,USGS - Certified M5.2 Seismic Event
0.0,58.0,32.0,1007.0,10.0,5.2,6,1,4,USGS - Certified M5.2 Seismic Event
0.0,61.0,34.0,1009.0,11.0,5.2,7,1,4,USGS - Certified M5.2 Seismic Event
0.0,64.0,36.0,1011.0,12.0,5.2,8,1,4,USGS - Certified M5.2 Seismic Event
0.0,67.0,20.0,1013.0,13.0,5.2,9,1,4,USGS - Certified M5.2 Seismic Event
0.0,70.0,22.0,1015.0,14.0,5.2,10,1,4,USGS - Certified M5.2 Seismic Event
0.0,73.0,24.0,1017.0,15.0,5.2,11,1,4,USGS - Certified M5.2 Seismic Event
0.0,76.0,26.0,1019.0,4.0,5.2,12,1,4,USGS - Certified M5.2 Seismic Event
0.0,79.0,28.0,996.0,5.0,5.2,13,1,4,USGS - Certified M5.2 Seismic Event
0.0,42.0,30.0,998.0,6.0,5.2,14,1,4,USGS - Certified M5.2 Seismic Event
0.0,40.0,20.0,995.0,4.0,3.1,0,1,4,USGS - Certified M3.1 Seismic Event
0.0,43.0,22.0,997.0,5.0,3.1,1,1,4,USGS - Certified M3.1 Seismic Event
0.0,46.0,24.0,999.0,6.0,3.1,2,1,4,USGS - Certified M3.1 Seismic Event
0.0,49.0,26.0,1001.0,7.0,3.1,3,1,4,USGS - Certified M3.1 Seismic Event
0.0,52.0,28.0,1003.0,8.0,3.1,4,1,4,USGS - Certified M3.1 Seismic Event
0.0,55.0,30.0,1005.0,9.0,3.1,5,1,4,USGS - Certified M3.1 Seismic Event
0.0,58.0,32.0,1007.0,10.0,3.1,6,1,4,USGS - Certified M3.1 Seismic Event
0.0,61.0,34.0,1009.0,11.0,3.1,7,1,4,USGS - Certified M3.1 Seismic Event
0.0,64.0,36.0,1011.0,12.0,3.1,8,1,4,USGS - Certified M3.1 Seismic Event
0.0,67.0,20.0,1013.0,13.0,3.1,9,1,4,USGS - Certified M3.1 Seismic Event
0.0,70.0,22.0,1015.0,14.0,3.1,10,1,4,USGS - Certified M3.1 Seismic Event
0.0,73.0,24.0,1017.0,15.0,3.1,11,1,4,USGS - Certified M3.1 Seismic Event
0.0,76.0,26.0,1019.0,4.0,3.1,12,1,4,USGS - Certified M3.1 Seismic Event
0.0,79.0,28.0,996.0,5.0,3.1,13,1,4,USGS - Certified M3.1 Seismic Event
0.0,42.0,30.0,998.0,6.0,3.1,14,1,4,USGS - Certified M3.1 Seismic Event
0.0,40.0,20.0,995.0,4.0,4.7,0,1,4,USGS - Certified M4.7 Seismic Event
0.0,43.0,22.0,997.0,5.0,4.7,1,1,4,USGS - Certified M4.7 Seismic Event
0.0,46.0,24.0,999.0,6.0,4.7,2,1,4,USGS - Certified M4.7 Seismic Event
0.0,49.0,26.0,1001.0,7.0,4.7,3,1,4,USGS - Certified M4.7 Seismic Event
0.0,52.0,28.0,1003.0,8.0,4.7,4,1,4,USGS - Certified M4.7 Seismic Event
0.0,55.0,30.0,1005.0,9.0,4.7,5,1,4,USGS - Certified M4.7 Seismic Event
0.0,58.0,32.0,1007.0,10.0,4.7,6,1,4,USGS - Certified M4.7 Seismic Event
0.0,61.0,34.0,1009.0,11.0,4.7,7,1,4,USGS - Certified M4.7 Seismic Event
0.0,64.0,36.0,1011.0,12.0,4.7,8,1,4,USGS - Certified M4.7 Seismic Event
0.0,67.0,20.0,1013.0,13.0,4.7,9,1,4,USGS - Certified M4.7 Seismic Event
0.0,70.0,22.0,1015.0,14.0,4.7,10,1,4,USGS - Certified M4.7 Seismic Event
0.0,73.0,24.0,1017.0,15.0,4.7,11,1,4,USGS - Certified M4.7 Seismic Event
0.0,76.0,26.0,1019.0,4.0,4.7,12,1,4,USGS - Certified M4.7 Seismic Event
0.0,79.0,28.0,996.0,5.0,4.7,13,1,4,USGS - Certified M4.7 Seismic Event
0.0,42.0,30.0,998.0,6.0,4.7,14,1,4,USGS - Certified M4.7 Seismic Event
0.0,40.0,20.0,995.0,4.0,4.37,0,1,4,USGS - Certified M4.37 Seismic Event
0.0,43.0,22.0,997.0,5.0,4.37,1,1,4,USGS - Certified M4.37 Seismic Event
0.0,46.0,24.0,999.0,6.0,4.37,2,1,4,USGS - Certified M4.37 Seismic Event
0.0,49.0,26.0,1001.0,7.0,4.37,3,1,4,USGS - Certified M4.37 Seismic Event
0.0,52.0,28.0,1003.0,8.0,4.37,4,1,4,USGS - Certified M4.37 Seismic Event
0.0,55.0,30.0,1005.0,9.0,4.37,5,1,4,USGS - Certified M4.37 Seismic Event
0.0,58.0,32.0,1007.0,10.0,4.37,6,1,4,USGS - Certified M4.37 Seismic Event
0.0,61.0,34.0,1009.0,11.0,4.37,7,1,4,USGS - Certified M4.37 Seismic Event
0.0,64.0,36.0,1011.0,12.0,4.37,8,1,4,USGS - Certified M4.37 Seismic Event
0.0,67.0,20.0,1013.0,13.0,4.37,9,1,4,USGS - Certified M4.37 Seismic Event
0.0,70.0,22.0,1015.0,14.0,4.37,10,1,4,USGS - Certified M4.37 Seismic Event
0.0,73.0,24.0,1017.0,15.0,4.37,11,1,4,USGS - Certified M4.37 Seismic Event
0.0,76.0,26.0,1019.0,4.0,4.37,12,1,4,USGS - Certified M4.37 Seismic Event
0.0,79.0,28.0,996.0,5.0,4.37,13,1,4,USGS - Certified M4.37 Seismic Event
0.0,42.0,30.0,998.0,6.0,4.37,14,1,4,USGS - Certified M4.37 Seismic Event
0.0,40.0,20.0,995.0,4.0,3.0,0,1,4,USGS - Certified M3.0 Seismic Event
0.0,43.0,22.0,997.0,5.0,3.0,1,1,4,USGS - Certified M3.0 Seismic Event
0.0,46.0,24.0,999.0,6.0,3.0,2,1,4,USGS - Certified M3.0 Seismic Event
0.0,49.0,26.0,1001.0,7.0,3.0,3,1,4,USGS - Certified M3.0 Seismic Event
0.0,52.0,28.0,1003.0,8.0,3.0,4,1,4,USGS - Certified M3.0 Seismic Event
0.0,55.0,30.0,1005.0,9.0,3.0,5,1,4,USGS - Certified M3.0 Seismic Event
0.0,58.0,32.0,1007.0,10.0,3.0,6,1,4,USGS - Certified M3.0 Seismic Event
0.0,61.0,34.0,1009.0,11.0,3.0,7,1,4,USGS - Certified M3.0 Seismic Event
0.0,64.0,36.0,1011.0,12.0,3.0,8,1,4,USGS - Certified M3.0 Seismic Event
0.0,67.0,20.0,1013.0,13.0,3.0,9,1,4,USGS - Certified M3.0 Seismic Event
0.0,70.0,22.0,1015.0,14.0,3.0,10,1,4,USGS - Certified M3.0 Seismic Event
0.0,73.0,24.0,1017.0,15.0,3.0,11,1,4,USGS - Certified M3.0 Seismic Event
0.0,76.0,26.0,1019.0,4.0,3.0,12,1,4,USGS - Certified M3.0 Seismic Event
0.0,79.0,28.0,996.0,5.0,3.0,13,1,4,USGS - Certified M3.0 Seismic Event
0.0,42.0,30.0,998.0,6.0,3.0,14,1,4,USGS - Certified M3.0 Seismic Event
0.0,40.0,20.0,995.0,4.0,3.9,0,1,4,USGS - Certified M3.9 Seismic Event
0.0,43.0,22.0,997.0,5.0,3.9,1,1,4,USGS - Certified M3.9 Seismic Event
0.0,46.0,24.0,999.0,6.0,3.9,2,1,4,USGS - Certified M3.9 Seismic Event
0.0,49.0,26.0,1001.0,7.0,3.9,3,1,4,USGS - Certified M3.9 Seismic Event
0.0,52.0,28.0,1003.0,8.0,3.9,4,1,4,USGS - Certified M3.9 Seismic Event
0.0,55.0,30.0,1005.0,9.0,3.9,5,1,4,USGS - Certified M3.9 Seismic Event
0.0,58.0,32.0,1007.0,10.0,3.9,6,1,4,USGS - Certified M3.9 Seismic Event
0.0,61.0,34.0,1009.0,11.0,3.9,7,1,4,USGS - Certified M3.9 Seismic Event
0.0,64.0,36.0,1011.0,12.0,3.9,8,1,4,USGS - Certified M3.9 Seismic Event
0.0,67.0,20.0,1013.0,13.0,3.9,9,1,4,USGS - Certified M3.9 Seismic Event
0.0,70.0,22.0,1015.0,14.0,3.9,10,1,4,USGS - Certified M3.9 Seismic Event
0.0,73.0,24.0,1017.0,15.0,3.9,11,1,4,USGS - Certified M3.9 Seismic Event
0.0,76.0,26.0,1019.0,4.0,3.9,12,1,4,USGS - Certified M3.9 Seismic Event
0.0,79.0,28.0,996.0,5.0,3.9,13,1,4,USGS - Certified M3.9 Seismic Event
0.0,42.0,30.0,998.0,6.0,3.9,14,1,4,USGS - Certified M3.9 Seismic Event
0.0,40.0,20.0,995.0,4.0,5.3,0,1,4,USGS - Certified M5.3 Seismic Event
0.0,43.0,22.0,997.0,5.0,5.3,1,1,4,USGS - Certified M5.3 Seismic Event
0.0,46.0,24.0,999.0,6.0,5.3,2,1,4,USGS - Certified M5.3 Seismic Event
0.0,49.0,26.0,1001.0,7.0,5.3,3,1,4,USGS - Certified M5.3 Seismic Event
0.0,52.0,28.0,1003.0,8.0,5.3,4,1,4,USGS - Certified M5.3 Seismic Event
0.0,55.0,30.0,1005.0,9.0,5.3,5,1,4,USGS - Certified M5.3 Seismic Event
0.0,58.0,32.0,1007.0,10.0,5.3,6,1,4,USGS - Certified M5.3 Seismic Event
0.0,61.0,34.0,1009.0,11.0,5.3,7,1,4,USGS - Certified M5.3 Seismic Event
0.0,64.0,36.0,1011.0,12.0,5.3,8,1,4,USGS - Certified M5.3 Seismic Event
0.0,67.0,20.0,1013.0,13.0,5.3,9,1,4,USGS - Certified M5.3 Seismic Event
0.0,70.0,22.0,1015.0,14.0,5.3,10,1,4,USGS - Certified M5.3 Seismic Event
0.0,73.0,24.0,1017.0,15.0,5.3,11,1,4,USGS - Certified M5.3 Seismic Event
0.0,76.0,26.0,1019.0,4.0,5.3,12,1,4,USGS - Certified M5.3 Seismic Event
0.0,79.0,28.0,996.0,5.0,5.3,13,1,4,USGS - Certified M5.3 Seismic Event
0.0,42.0,30.0,998.0,6.0,5.3,14,1,4,USGS - Certified M5.3 Seismic Event
0.0,40.0,20.0,995.0,4.0,4.4,0,1,4,USGS - Certified M4.4 Seismic Event
0.0,43.0,22.0,997.0,5.0,4.4,1,1,4,USGS - Certified M4.4 Seismic Event
0.0,46.0,24.0,999.0,6.0,4.4,2,1,4,USGS - Certified M4.4 Seismic Event
0.0,49.0,26.0,1001.0,7.0,4.4,3,1,4,USGS - Certified M4.4 Seismic Event
0.0,52.0,28.0,1003.0,8.0,4.4,4,1,4,USGS - Certified M4.4 Seismic Event
0.0,55.0,30.0,1005.0,9.0,4.4,5,1,4,USGS - Certified M4.4 Seismic Event
0.0,58.0,32.0,1007.0,10.0,4.4,6,1,4,USGS - Certified M4.4 Seismic Event
0.0,61.0,34.0,1009.0,11.0,4.4,7,1,4,USGS - Certified M4.4 Seismic Event
0.0,64.0,36.0,1011.0,12.0,4.4,8,1,4,USGS - Certified M4.4 Seismic Event
0.0,67.0,20.0,1013.0,13.0,4.4,9,1,4,USGS - Certified M4.4 Seismic Event
0.0,70.0,22.0,1015.0,14.0,4.4,10,1,4,USGS - Certified M4.4 Seismic Event
0.0,73.0,24.0,1017.0,15.0,4.4,11,1,4,USGS - Certified M4.4 Seismic Event
0.0,76.0,26.0,1019.0,4.0,4.4,12,1,4,USGS - Certified M4.4 Seismic Event
0.0,79.0,28.0,996.0,5.0,4.4,13,1,4,USGS - Certified M4.4 Seismic Event
0.0,42.0,30.0,998.0,6.0,4.4,14,1,4,USGS - Certified M4.4 Seismic Event
0.0,40.0,20.0,995.0,4.0,5.2,0,1,4,USGS - Certified M5.2 Seismic Event
0.0,43.0,22.0,997.0,5.0,5.2,1,1,4,USGS - Certified M5.2 Seismic Event
0.0,46.0,24.0,999.0,6.0,5.2,2,1,4,USGS - Certified M5.2 Seismic Event
0.0,49.0,26.0,1001.0,7.0,5.2,3,1,4,USGS - Certified M5.2 Seismic Event
0.0,52.0,28.0,1003.0,8.0,5.2,4,1,4,USGS - Certified M5.2 Seismic Event
0.0,55.0,30.0,1005.0,9.0,5.2,5,1,4,USGS - Certified M5.2 Seismic Event
0.0,58.0,32.0,1007.0,10.0,5.2,6,1,4,USGS - Certified M5.2 Seismic Event
0.0,61.0,34.0,1009.0,11.0,5.2,7,1,4,USGS - Certified M5.2 Seismic Event
0.0,64.0,36.0,1011.0,12.0,5.2,8,1,4,USGS - Certified M5.2 Seismic Event
0.0,67.0,20.0,1013.0,13.0,5.2,9,1,4,USGS - Certified M5.2 Seismic Event
0.0,70.0,22.0,1015.0,14.0,5.2,10,1,4,USGS - Certified M5.2 Seismic Event
0.0,73.0,24.0,1017.0,15.0,5.2,11,1,4,USGS - Certified M5.2 Seismic Event
0.0,76.0,26.0,1019.0,4.0,5.2,12,1,4,USGS - Certified M5.2 Seismic Event
0.0,79.0,28.0,996.0,5.0,5.2,13,1,4,USGS - Certified M5.2 Seismic Event
0.0,42.0,30.0,998.0,6.0,5.2,14,1,4,USGS - Certified M5.2 Seismic Event
0.0,40.0,20.0,995.0,4.0,4.5,0,1,4,USGS - Certified M4.5 Seismic Event
0.0,43.0,22.0,997.0,5.0,4.5,1,1,4,USGS - Certified M4.5 Seismic Event
0.0,46.0,24.0,999.0,6.0,4.5,2,1,4,USGS - Certified M4.5 Seismic Event
0.0,49.0,26.0,1001.0,7.0,4.5,3,1,4,USGS - Certified M4.5 Seismic Event
0.0,52.0,28.0,1003.0,8.0,4.5,4,1,4,USGS - Certified M4.5 Seismic Event
0.0,55.0,30.0,1005.0,9.0,4.5,5,1,4,USGS - Certified M4.5 Seismic Event
0.0,58.0,32.0,1007.0,10.0,4.5,6,1,4,USGS - Certified M4.5 Seismic Event
0.0,61.0,34.0,1009.0,11.0,4.5,7,1,4,USGS - Certified M4.5 Seismic Event
0.0,64.0,36.0,1011.0,12.0,4.5,8,1,4,USGS - Certified M4.5 Seismic Event
0.0,67.0,20.0,1013.0,13.0,4.5,9,1,4,USGS - Certified M4.5 Seismic Event
0.0,70.0,22.0,1015.0,14.0,4.5,10,1,4,USGS - Certified M4.5 Seismic Event
0.0,73.0,24.0,1017.0,15.0,4.5,11,1,4,USGS - Certified M4.5 Seismic Event
0.0,76.0,26.0,1019.0,4.0,4.5,12,1,4,USGS - Certified M4.5 Seismic Event
0.0,79.0,28.0,996.0,5.0,4.5,13,1,4,USGS - Certified M4.5 Seismic Event
0.0,42.0,30.0,998.0,6.0,4.5,14,1,4,USGS - Certified M4.5 Seismic Event
0.0,40.0,20.0,995.0,4.0,7.7,0,1,4,USGS - Certified M7.7 Seismic Event
0.0,43.0,22.0,997.0,5.0,7.7,1,1,4,USGS - Certified M7.7 Seismic Event
0.0,46.0,24.0,999.0,6.0,7.7,2,1,4,USGS - Certified M7.7 Seismic Event
0.0,49.0,26.0,1001.0,7.0,7.7,3,1,4,USGS - Certified M7.7 Seismic Event
0.0,52.0,28.0,1003.0,8.0,7.7,4,1,4,USGS - Certified M7.7 Seismic Event
0.0,55.0,30.0,1005.0,9.0,7.7,5,1,4,USGS - Certified M7.7 Seismic Event
0.0,58.0,32.0,1007.0,10.0,7.7,6,1,4,USGS - Certified M7.7 Seismic Event
0.0,61.0,34.0,1009.0,11.0,7.7,7,1,4,USGS - Certified M7.7 Seismic Event
0.0,64.0,36.0,1011.0,12.0,7.7,8,1,4,USGS - Certified M7.7 Seismic Event
0.0,67.0,20.0,1013.0,13.0,7.7,9,1,4,USGS - Certified M7.7 Seismic Event
0.0,70.0,22.0,1015.0,14.0,7.7,10,1,4,USGS - Certified M7.7 Seismic Event
0.0,73.0,24.0,1017.0,15.0,7.7,11,1,4,USGS - Certified M7.7 Seismic Event
0.0,76.0,26.0,1019.0,4.0,7.7,12,1,4,USGS - Certified M7.7 Seismic Event
0.0,79.0,28.0,996.0,5.0,7.7,13,1,4,USGS - Certified M7.7 Seismic Event
0.0,42.0,30.0,998.0,6.0,7.7,14,1,4,USGS - Certified M7.7 Seismic Event
0.0,40.0,20.0,995.0,4.0,7.6,0,1,4,USGS - Certified M7.6 Seismic Event
0.0,43.0,22.0,997.0,5.0,7.6,1,1,4,USGS - Certified M7.6 Seismic Event
0.0,46.0,24.0,999.0,6.0,7.6,2,1,4,USGS - Certified M7.6 Seismic Event
0.0,49.0,26.0,1001.0,7.0,7.6,3,1,4,USGS - Certified M7.6 Seismic Event
0.0,52.0,28.0,1003.0,8.0,7.6,4,1,4,USGS - Certified M7.6 Seismic Event
0.0,55.0,30.0,1005.0,9.0,7.6,5,1,4,USGS - Certified M7.6 Seismic Event
0.0,58.0,32.0,1007.0,10.0,7.6,6,1,4,USGS - Certified M7.6 Seismic Event
0.0,61.0,34.0,1009.0,11.0,7.6,7,1,4,USGS - Certified M7.6 Seismic Event
0.0,64.0,36.0,1011.0,12.0,7.6,8,1,4,USGS - Certified M7.6 Seismic Event
0.0,67.0,20.0,1013.0,13.0,7.6,9,1,4,USGS - Certified M7.6 Seismic Event
0.0,70.0,22.0,1015.0,14.0,7.6,10,1,4,USGS - Certified M7.6 Seismic Event
0.0,73.0,24.0,1017.0,15.0,7.6,11,1,4,USGS - Certified M7.6 Seismic Event
0.0,76.0,26.0,1019.0,4.0,7.6,12,1,4,USGS - Certified M7.6 Seismic Event
0.0,79.0,28.0,996.0,5.0,7.6,13,1,4,USGS - Certified M7.6 Seismic Event
0.0,42.0,30.0,998.0,6.0,7.6,14,1,4,USGS - Certified M7.6 Seismic Event
0.0,40.0,20.0,995.0,4.0,7.8,0,1,4,USGS - Certified M7.8 Seismic Event
0.0,43.0,22.0,997.0,5.0,7.8,1,1,4,USGS - Certified M7.8 Seismic Event
0.0,46.0,24.0,999.0,6.0,7.8,2,1,4,USGS - Certified M7.8 Seismic Event
0.0,49.0,26.0,1001.0,7.0,7.8,3,1,4,USGS - Certified M7.8 Seismic Event
0.0,52.0,28.0,1003.0,8.0,7.8,4,1,4,USGS - Certified M7.8 Seismic Event
0.0,55.0,30.0,1005.0,9.0,7.8,5,1,4,USGS - Certified M7.8 Seismic Event
0.0,58.0,32.0,1007.0,10.0,7.8,6,1,4,USGS - Certified M7.8 Seismic Event
0.0,61.0,34.0,1009.0,11.0,7.8,7,1,4,USGS - Certified M7.8 Seismic Event
0.0,64.0,36.0,1011.0,12.0,7.8,8,1,4,USGS - Certified M7.8 Seismic Event
0.0,67.0,20.0,1013.0,13.0,7.8,9,1,4,USGS - Certified M7.8 Seismic Event
0.0,70.0,22.0,1015.0,14.0,7.8,10,1,4,USGS - Certified M7.8 Seismic Event
0.0,73.0,24.0,1017.0,15.0,7.8,11,1,4,USGS - Certified M7.8 Seismic Event
0.0,76.0,26.0,1019.0,4.0,7.8,12,1,4,USGS - Certified M7.8 Seismic Event
0.0,79.0,28.0,996.0,5.0,7.8,13,1,4,USGS - Certified M7.8 Seismic Event
0.0,42.0,30.0,998.0,6.0,7.8,14,1,4,USGS - Certified M7.8 Seismic Event
0.0,40.0,20.0,995.0,4.0,6.4,0,1,4,USGS - Certified M6.4 Seismic Event
0.0,43.0,22.0,997.0,5.0,6.4,1,1,4,USGS - Certified M6.4 Seismic Event
0.0,46.0,24.0,999.0,6.0,6.4,2,1,4,USGS - Certified M6.4 Seismic Event
0.0,49.0,26.0,1001.0,7.0,6.4,3,1,4,USGS - Certified M6.4 Seismic Event
0.0,52.0,28.0,1003.0,8.0,6.4,4,1,4,USGS - Certified M6.4 Seismic Event
0.0,55.0,30.0,1005.0,9.0,6.4,5,1,4,USGS - Certified M6.4 Seismic Event
0.0,58.0,32.0,1007.0,10.0,6.4,6,1,4,USGS - Certified M6.4 Seismic Event
0.0,61.0,34.0,1009.0,11.0,6.4,7,1,4,USGS - Certified M6.4 Seismic Event
0.0,64.0,36.0,1011.0,12.0,6.4,8,1,4,USGS - Certified M6.4 Seismic Event
0.0,67.0,20.0,1013.0,13.0,6.4,9,1,4,USGS - Certified M6.4 Seismic Event
0.0,70.0,22.0,1015.0,14.0,6.4,10,1,4,USGS - Certified M6.4 Seismic Event
0.0,73.0,24.0,1017.0,15.0,6.4,11,1,4,USGS - Certified M6.4 Seismic Event
0.0,76.0,26.0,1019.0,4.0,6.4,12,1,4,USGS - Certified M6.4 Seismic Event
0.0,79.0,28.0,996.0,5.0,6.4,13,1,4,USGS - Certified M6.4 Seismic Event
0.0,42.0,30.0,998.0,6.0,6.4,14,1,4,USGS - Certified M6.4 Seismic Event
0.0,40.0,20.0,995.0,4.0,5.6,0,1,4,USGS - Certified M5.6 Seismic Event
0.0,43.0,22.0,997.0,5.0,5.6,1,1,4,USGS - Certified M5.6 Seismic Event
0.0,46.0,24.0,999.0,6.0,5.6,2,1,4,USGS - Certified M5.6 Seismic Event
0.0,49.0,26.0,1001.0,7.0,5.6,3,1,4,USGS - Certified M5.6 Seismic Event
0.0,52.0,28.0,1003.0,8.0,5.6,4,1,4,USGS - Certified M5.6 Seismic Event
0.0,55.0,30.0,1005.0,9.0,5.6,5,1,4,USGS - Certified M5.6 Seismic Event
0.0,58.0,32.0,1007.0,10.0,5.6,6,1,4,USGS - Certified M5.6 Seismic Event
0.0,61.0,34.0,1009.0,11.0,5.6,7,1,4,USGS - Certified M5.6 Seismic Event
0.0,64.0,36.0,1011.0,12.0,5.6,8,1,4,USGS - Certified M5.6 Seismic Event
0.0,67.0,20.0,1013.0,13.0,5.6,9,1,4,USGS - Certified M5.6 Seismic Event
0.0,70.0,22.0,1015.0,14.0,5.6,10,1,4,USGS - Certified M5.6 Seismic Event
0.0,73.0,24.0,1017.0,15.0,5.6,11,1,4,USGS - Certified M5.6 Seismic Event
0.0,76.0,26.0,1019.0,4.0,5.6,12,1,4,USGS - Certified M5.6 Seismic Event
0.0,79.0,28.0,996.0,5.0,5.6,13,1,4,USGS - Certified M5.6 Seismic Event
0.0,42.0,30.0,998.0,6.0,5.6,14,1,4,USGS - Certified M5.6 Seismic Event
0.0,40.0,20.0,995.0,4.0,6.0,0,1,4,USGS - Certified M6.0 Seismic Event
0.0,43.0,22.0,997.0,5.0,6.0,1,1,4,USGS - Certified M6.0 Seismic Event
0.0,46.0,24.0,999.0,6.0,6.0,2,1,4,USGS - Certified M6.0 Seismic Event
0.0,49.0,26.0,1001.0,7.0,6.0,3,1,4,USGS - Certified M6.0 Seismic Event
0.0,52.0,28.0,1003.0,8.0,6.0,4,1,4,USGS - Certified M6.0 Seismic Event
0.0,55.0,30.0,1005.0,9.0,6.0,5,1,4,USGS - Certified M6.0 Seismic Event
0.0,58.0,32.0,1007.0,10.0,6.0,6,1,4,USGS - Certified M6.0 Seismic Event
0.0,61.0,34.0,1009.0,11.0,6.0,7,1,4,USGS - Certified M6.0 Seismic Event
0.0,64.0,36.0,1011.0,12.0,6.0,8,1,4,USGS - Certified M6.0 Seismic Event
0.0,67.0,20.0,1013.0,13.0,6.0,9,1,4,USGS - Certified M6.0 Seismic Event
0.0,70.0,22.0,1015.0,14.0,6.0,10,1,4,USGS - Certified M6.0 Seismic Event
0.0,73.0,24.0,1017.0,15.0,6.0,11,1,4,USGS - Certified M6.0 Seismic Event
0.0,76.0,26.0,1019.0,4.0,6.0,12,1,4,USGS - Certified M6.0 Seismic Event
0.0,79.0,28.0,996.0,5.0,6.0,13,1,4,USGS - Certified M6.0 Seismic Event
0.0,42.0,30.0,998.0,6.0,6.0,14,1,4,USGS - Certified M6.0 Seismic Event
